producto_codigo,producto_codigo_ministerio,producto_nombre,tippro_nombre,producto_fechacreacion,natcar_nombre,usuario_nombre
1,5201,NINGUNO,MERCANCIAS VARIAS,2007-03-15,NORMAL,ADMINISTRADOR
2,101,"CABALLOS,  ASNOS,  MULOS Y BURDEGANOS,   VIVOS",MERCANCIAS VARIAS,2010-05-25,NORMAL,ADMINISTRADOR
3,102,ANIMALES VIVOS DE LA ESPECIE BOVINA,MERCANCIAS VARIAS,2010-05-25,NORMAL,ADMINISTRADOR
4,103,ANIMALES VIVOS DE LA ESPECIE PORCINA,MERCANCIAS VARIAS,2010-05-25,NORMAL,ADMINISTRADOR
5,104,ANIMALES VIVOS DE LAS ESPECIES OVINA O CAPRINA,MERCANCIAS VARIAS,2010-05-25,NORMAL,ADMINISTRADOR
6,105,"GALLOS, GALLINAS, PATOS, GANSOS, PAVOS Y PINTADAS DE LAS ESPECIES DOMESTICAS,  VIVOS",MERCANCIAS VARIAS,2010-05-25,NORMAL,ADMINISTRADOR
7,106,LOS DEMAS ANIMALES VIVOS,MERCANCIAS VARIAS,2010-05-25,NORMAL,ADMINISTRADOR
8,201,"CARNE DE ANIMALES DE LA ESPECIE BOVINA, FRESCA O REFRIGERADA",MERCANCIAS VARIAS,2010-05-25,NORMAL,ADMINISTRADOR
9,202,"CARNE DE ANIMALES DE LA ESPECIE BOVINA, CONGELADA",MERCANCIAS VARIAS,2010-05-25,NORMAL,ADMINISTRADOR
10,203,"CARNE DE ANIMALES DE LA ESPECIE PORCINA, FRESCA, REFRIGERADA O CONGELADA",MERCANCIAS VARIAS,2010-05-25,NORMAL,ADMINISTRADOR
11,204,"CARNE DE ANIMALES DE LAS ESPECIES OVINA O CAPRINA, FRESCA, REFRIGERADA O CONGELADA",MERCANCIAS VARIAS,2010-05-25,NORMAL,ADMINISTRADOR
12,205,"CARNE DE ANIMALES DE LAS ESPECIES CABALLAR, ASNAL O MULAR FRESCA, REFRIGERADA O CONGELADA",MERCANCIAS VARIAS,2010-05-25,NORMAL,ADMINISTRADOR
13,206,"DESPOJOS COMESTIBLES DE ANIMALES DE LAS ESPECIES BOVINA, PORCINA, OVINA, CAPRINA, CABALLAR, ASNAL O MULAR FRESCOS, REFRIGERADOS O CONGELADOS",MERCANCIAS VARIAS,2010-05-25,NORMAL,ADMINISTRADOR
14,207,"CARNE Y DESPOJOS COMESTIBLES DE AVES DE LA PARTIDA 0 1.0 5, FRESCOS, REFRIGERDOS O CONGELADOS",MERCANCIAS VARIAS,2010-05-25,NORMAL,ADMINISTRADOR
15,208,"LAS DEMAS CARNES Y DESPOJOS COMESTIBLES, FRESCOS, REFRIGERADOS O CONGELADOS",MERCANCIAS VARIAS,2010-05-25,NORMAL,ADMINISTRADOR
16,209,"TOCINO SIN PARTES MAGRAS Y GRASA DE CERDO O DE AVE SIN FUNDIR NI EXTRAER DE OTRO MODO, FRESCOS, REFRIGERADOS, CONGELADOS, SALADOS O EN SALMUERA, SECOS O AHUMADOS",MERCANCIAS VARIAS,2010-05-25,NORMAL,ADMINISTRADOR
17,210,"CARNE Y DESPOJOS COMESTIBLES, SALADOS O EN SALMUERA, SECOS O AHUMADOS,  HARINA Y POLVO COMESTIBLES, DE CARNE O DE DESPOJOS",MERCANCIAS VARIAS,2010-05-25,NORMAL,ADMINISTRADOR
18,291,NULL,MERCANCIAS VARIAS,2010-05-25,NORMAL,ADMINISTRADOR
19,301,PECES O PESCADOS VIVOS,MERCANCIAS VARIAS,2010-05-25,NORMAL,ADMINISTRADOR
20,302,"PESCADO FRESCO O REFRIGERADO, EXCEPTO LOS FILETES Y DEMAS CARNE DE PESCADO DE LA PARTIDA 0 3.0 4",MERCANCIAS VARIAS,2010-05-25,NORMAL,ADMINISTRADOR
21,303,"PESCADO CONGELADO,  EXCEPTO LOS FILETES Y DEMAS CARNE DE PESCADO DE LA PARTIDA 0 3.0 4",MERCANCIAS VARIAS,2010-05-25,NORMAL,ADMINISTRADOR
22,304,"FILETES Y DEMAS CARNE DE PESCADO (INCLUSO PICADA), FRESCOS,  REFRIGERADOS O CONGELADOS",MERCANCIAS VARIAS,2010-05-25,NORMAL,ADMINISTRADOR
23,305,"PESCADO SECO, SALADO O EN SALMUERA, PESCADO AHUMADO INCLUSO COCIDO ANTES O DURANTE EL AHUMADO, HARINA, POLVO Y PELLETS DE PESCADO, APTOS PARA LA ALIMENTACION HUMANA",MERCANCIAS VARIAS,2010-05-25,NORMAL,ADMINISTRADOR
24,306,"CRUSTACEOS, INCLUSO PELADOS, VIVOS, FRESCOS, REFRIGERADOS, CONGELADOS, SECOS, SALADOS O EN SALMUERA, CRUSTACEOS SIN PELAR COCIDOS EN AGUA O VAPOR, INCLUSO REFRIGERADOS, CONGELADOS, SECOS, SALADOS O EN SALMUERA, HARINA, POLVO Y PELLETS DE CRUSTACEOS APTOS PARA LA ALIMENTACION HUMANA",MERCANCIAS VARIAS,2010-05-25,NORMAL,ADMINISTRADOR
25,307,"MOLUSCOS, INCLUSO SEPARADOS DE SUS VALVAS, VIVOS, FRESCOS, REFRIGERADOS, CONGELADOS, SECOS, SALADOS O EN SALMUERA, INVERTEBRADOS ACUATICOS, EXCEPTO LOS CRUSTACEOS O MOLUSCOS VIVOS, FRESCOS, REFRIGERADOS, CONGELADOS, SECOS, SLADOS O EN SALMUERAS,  HARINA, POLVO Y PELLETS INVERTEBRADOS ACUATICOS, EXCEPTO LOS CRUSTCAEOS APTOS PARA LA ALIMENTAACION HUMANA.",MERCANCIAS VARIAS,2010-05-25,NORMAL,ADMINISTRADOR
26,401,"LECHE Y NATA (CREMA) SIN CONCENTRAR, SIN ADICION DE AZUCAR NI OTRO EDUCOLORANTE",MERCANCIAS VARIAS,2010-05-25,NORMAL,ADMINISTRADOR
27,402,LECHE Y NATAS (CREMA) CONCENTRADAS O CON ADCION DE AZUCAR U OTRO EDULCORANTE,MERCANCIAS VARIAS,2010-05-25,NORMAL,ADMINISTRADOR
28,403,"SUERO DE MANTEQUILLA (DE MANTECA),  LECHE Y NATA (CREMA) CUAJADAS, YOGUR, KEFIR Y DEMAS LECHES Y NATAS (CREMAS) FERMENTADAS O ACIDIFICADAS,  INCLUSO CONCENTRADAS CON ADICION DE AZUCAR,  U OTRO EDULCORANTE,  AROMATIZADOS O CON FRUTAS U OTROS FRUTOS O CACAO",MERCANCIAS VARIAS,2010-05-25,NORMAL,ADMINISTRADOR
29,404,"LACTOSUERO INCLUSO CONCENTRADO O CON ADICION DE AZUCAR U OTRO EDULCORANTE,  PRODUCTOS CONSTITUIDOS POR LOS COMPONENTES NATURALES DELA LECHE INCLUSO CON ADICION DE AZUCAR U OTRO EDULCORANTE,  NO EXPRESADOS NI COMPRENDIDOS EN OTRA PARTE",MERCANCIAS VARIAS,2010-05-25,NORMAL,ADMINISTRADOR
30,405,MANTEQUILLA (MANTECA) Y DEMAS MATERIAS GRASAS DE LA LECHE<:PASTAS LACTEAS PARA UNTAR,MERCANCIAS VARIAS,2010-05-25,NORMAL,ADMINISTRADOR
31,406,QUESOS Y REQUESON,MERCANCIAS VARIAS,2010-05-25,NORMAL,ADMINISTRADOR
32,407,"HUEVOS DE AVES CON CASCARA(CASCARON) FRESCOS,  CONSERVADOS O COCIDOS",MERCANCIAS VARIAS,2010-05-25,NORMAL,ADMINISTRADOR
33,408,"HUEVOS DE AVES SIN CASCARA (CASCARON) Y YEMAS DE HUEVOS FRESCOS, SECOS,  COCIDOS EN AGUA O VAPOR,  MOLDEADOS, CONGELADOS O CONSERVADOS DE OTRO MODO,  INCLUSO CON ADICION DE AZUCAR OEDULCORANTES.",MERCANCIAS VARIAS,2010-05-25,NORMAL,ADMINISTRADOR
34,409,MIEL NATURAL,MERCANCIAS VARIAS,2010-05-25,NORMAL,ADMINISTRADOR
35,410,PRODUCTOS COMESTIBLES DE ORIGEN ANIMAL NO EXPRESADOS NI COMPRENDIDOS EN OTRA PARTE,MERCANCIAS VARIAS,2010-05-25,NORMAL,ADMINISTRADOR
36,501,"CABELLO EN BRUTO, ICLUSO LAVADO O DESGRASADO,  DESPERDICIOS DE CABELLO",MERCANCIAS VARIAS,2010-05-25,NORMAL,ADMINISTRADOR
37,502,"CERDAS DE CERDO O DE JABALI, PELO DE TEJON Y DEMAS PELOS DE CEPILLERIA, DESPERDICIOS DE DICHAS CERDAS O PELOS",MERCANCIAS VARIAS,2010-05-25,NORMAL,ADMINISTRADOR
38,503,"CRIN Y SUS DESPERDICIOS, INCLUOS EN CAPAS CON SOPORTE O SIN EL",MERCANCIAS VARIAS,2010-05-25,NORMAL,ADMINISTRADOR
39,504,"TRIPAS, VEJIGAS Y ESTOMAGOS DE ANIMALES, EXCEPTO LOS DE PESCADO, ENTEROS O EN TROZOS, FRESCOS.REFRIGERADOS, CONGELADOS, SALADOS O EN SALMUERA, SECOS O AHUMADOS",MERCANCIAS VARIAS,2010-05-25,NORMAL,ADMINISTRADOR
40,505,"PIELES Y DEMAS PARTES DE AVE CON PLUMAS O SU PLUMON. PLUMAS Y PARTES DE PLUMAS(INCLUSO RECORTADAS) Y PLUMON EN BRUTO O SIMPLEMENTE LIMPIADOS O DESINFECTADOS O PREPARADOS PARA SU CONSERVACION, POLVO O DESPERDICIOS DE PLUMAS O DE PARTES DE PLUMAS.",MERCANCIAS VARIAS,2010-05-25,NORMAL,ADMINISTRADOR
41,506,"HUESOS Y NUCLEOS CORNEOS ENBRUTO DESGRASADOS, SIMPLEMENTE PREPARADOS (PERO SIN CORTAR EN FORMA DETERMINADA) ACIDULADOS DESGELATINADOS, POLVO O DESPERDICIOS DE ESTAS MATERIAS",MERCANCIAS VARIAS,2010-05-25,NORMAL,ADMINISTRADOR
42,507,"MARFIL, CONCHA(CARAPAZON) DE TORTUGA, BALLENAS DE MAMIFEROS MARINOS (INCLUIDAS LAS BARBAS), CUERNOS, ASTAS, CASCOS, PEZU?AS, U?AS, GARRAS Y PICOS EN BRUTO O SIMPLEMENTE PREPARADOS,  PERO SIN CORTAR EN FORMAS DETERMINADAS, POLVO Y DESPERDICIOS DE ESTAS MATERIAS.",MERCANCIAS VARIAS,2010-05-25,NORMAL,ADMINISTRADOR
43,508,"CORAL Y MATERIAS SIMILARES EN BRUTO O SIMPLEMENTE PREPARADAS, PERO SIN OTRO TRABAJO, VALVAS Y CAPARAZONES DE MOLUSCOS, CRUSTACEOS O EQUINODERMOS Y JIBIONES,  EN BRUTO O SIMPLEMENTE PREPARADOS,  PERO SIN CORTAR EN FORMA DETERMINADA, SUS POLVOS Y DESPERDICIOS.",MERCANCIAS VARIAS,2010-05-25,NORMAL,ADMINISTRADOR
44,509,ESPONJAS NATURALES DE ORIGEN ANIMAL,MERCANCIAS VARIAS,2010-05-25,NORMAL,ADMINISTRADOR
45,510,"AMBAR GRIS, CASTOREO, ANGALIA Y ALMIZCLE, CANTARIDAS, BILIS, INCLUSO DESECADA, GLANDULAS Y DEMAS SUSTANCIAS DE ORIGEN ANIMAL UTILIZADAS PARA LA PREPARACION DE PRODUCTOS FARMACEUTICOS FRESACAS, REFRIGERADAS, CONGELADAS O CONSERVADAS PROVISIONALMENTE DE OTRA FORMA",MERCANCIAS VARIAS,2010-05-25,NORMAL,ADMINISTRADOR
46,511,"PRODUCTOS DE ORIGEN ANIMAL NO EXPRESADOS NI COMPRENDIDOS EN OTRA PARTE,  ANIMALES MUERTOS DE LOS CAPITULOS 1 O 3,  IMPROPIOS PARA LA ALIMENTACION HUMANA.",MERCANCIAS VARIAS,2010-05-25,NORMAL,ADMINISTRADOR
47,601,"BULBOS, CEBOLLAS, TUBERCULOS, RAICES Y BULBOS TUBEROSOS, TURIONES O RIZOMAS,  EN REPOSO VEGETATIVO,  EN VEGETACION O EN FLOR, PLANTA Y RAICES DE ACHICORIA, EXCEPTO LAS RAICES DE LA PARTIDA 12.12",MERCANCIAS VARIAS,2010-05-25,NORMAL,ADMINISTRADOR
48,602,"LAS DEMAS PLANTAS VIVAS(INCLUIDAS SUS RAICES) ESQUEJES E INJERTOS,  BLANCO DE SETAS",MERCANCIAS VARIAS,2010-05-25,NORMAL,ADMINISTRADOR
49,603,"FLORES Y CAPULLOS, CORTADOS PARA RAMOS O ADORNOS, FRESCOS, SECOS, BLANQUEADOS, TE?IDOS, IMPREGNADOS O PREPARADOS DE OTRA FORMA",MERCANCIAS VARIAS,2010-05-25,NORMAL,ADMINISTRADOR
50,604,"FOLLAJES, HAJAS, RAMAS Y DEMAS PARTES DE PLANTAS SIN FLORES NI CAPULLOS,  Y HIERBAS, MUSGOS, LIQUENES PARA RAMOS O ADORNOS FRESCOS, SECOS, BLANQUEADOS, TE?IDOS E IMPREGNADOS O PREPARADOS DE OTRA FORMA",MERCANCIAS VARIAS,2010-05-25,NORMAL,ADMINISTRADOR
51,701,PATATAS (PAPAS) FRESCAS O REFRIGERADAS,MERCANCIAS VARIAS,2010-05-25,NORMAL,ADMINISTRADOR
52,702,TOMATES FRESCOS O REFRIGERADOS,MERCANCIAS VARIAS,2010-05-25,NORMAL,ADMINISTRADOR
53,703,"CEBOLLAS,  CHALOTES, AJOS, PUERROS Y DEMAS HORTALIZAS(INCLUSO SILVESTRES) ALIACEAS, FRESCAS O REFRIGERADAS",MERCANCIAS VARIAS,2010-05-25,NORMAL,ADMINISTRADOR
54,704,"COLES INCLUIDOS LOS REPOLLOS, COLIFLORES, COLES RIZADAS, COLINABOS Y PRODUCTOS COMESTIBLES SIMILARES DEL GENERO, BRASICA,  FRESCOS O REFRIGERADOS",MERCANCIAS VARIAS,2010-05-25,NORMAL,ADMINISTRADOR
55,705,"LECHUGA(LACTUCA SATIVA) Y ACHICORIAS, COMPRENDIDAS LA ESCAROLA Y LA ENDIBIA FRESCAS O REFRIGERADAS",MERCANCIAS VARIAS,2010-05-25,NORMAL,ADMINISTRADOR
56,706,"ZANAHORIAS, NABOS, REMOLACHAS PARA ENSALADAS, SALDIFIES, APIONABOS, RABANOS Y RAICES COMESTIBLES SIMILARES,  FRESCOS O REFRIGERADOS",MERCANCIAS VARIAS,2010-05-25,NORMAL,ADMINISTRADOR
57,707,PEPINOS Y PEPINILLOS FRESCOS O REFRIGERADOS,MERCANCIAS VARIAS,2010-05-25,NORMAL,ADMINISTRADOR
58,708,"HORTALIZAS(INCLUSO SILVESTRES) DE VAINA,  AUNQUE ESTEN DESVAINADAS,  FRESCAS O REFRIGERADAS",MERCANCIAS VARIAS,2010-05-25,NORMAL,ADMINISTRADOR
59,709,LAS DEMAS HORTALIZAS (INCLUSO SILVESTRES) FRESCAS O REFRIGERADAS,MERCANCIAS VARIAS,2010-05-25,NORMAL,ADMINISTRADOR
60,710,"HORTALIZAS (INCLUSO SILVESTRES),  AUNQUE ESTEN COCIDAS EN AGUA O VAPOR, CONGELADAS",MERCANCIAS VARIAS,2010-05-25,NORMAL,ADMINISTRADOR
61,711,"HORTALIZAS (INCLUOS SILVESTRES) CONSERVADAS PROVISIONALEMENTE(CON GAS SULFFUROSO O CON AGUA SALADA),  PERO TODAVIA IMPROPIAS PARA CONSUMO INMEDIATO",MERCANCIAS VARIAS,2010-05-25,NORMAL,ADMINISTRADOR
62,712,"HORTALIZAS(INCLUSO SILVESTRES) SECAS, BIEN CORTADS EN TROZOS O EN RODAJAS O BIENTRITURADAS O PULVERIZADAS,  PERO SIN OTRA PREPARACION",MERCANCIAS VARIAS,2010-05-25,NORMAL,ADMINISTRADOR
63,713,"HORTALIZAS (INCLUSO SILVESTRES),  DE VAINA SECAS DESVAINADAS AUNQUE ESTEN MONDADAS O PARTIDAS",MERCANCIAS VARIAS,2010-05-25,NORMAL,ADMINISTRADOR
64,714,"RAICES DE MANDIOCA (YUCA), ARRURRUZ O SALEP, AGUATURMAS(PATACAS), BATATAS (BONIATOS, CAMOTES) Y RAICES TUBERCULOS SIMILARES RICOS EN FECULAS O INULINA, FRESCOS, REFRIGERADOS, CONGELADOS O SECOS INCLUSO TROCEADOS O EN PELLETS,  MEDULA DE SAGU.",MERCANCIAS VARIAS,2010-05-25,NORMAL,ADMINISTRADOR
65,801,"COCOS, NUECES DEL BRAZIL Y NUECES DE MARA?ON,  FRESCOS O SECOS,  INCLUSO CON CASCARA O MONDADOS",MERCANCIAS VARIAS,2010-05-25,NORMAL,ADMINISTRADOR
66,802,"LOS DEMAS FRUTOS DE CASCARA FRESCOS O SECOS, INCLUSO SIN CASCARA O MONDADOS",MERCANCIAS VARIAS,2010-05-25,NORMAL,ADMINISTRADOR
67,803,BANANAS O PLATANOS FRESCOS O SECOS,MERCANCIAS VARIAS,2010-05-25,NORMAL,ADMINISTRADOR
68,804,"DATILES, HIGOS, PI?AS TROPICALES8ANANAS), AGUACATES(PALTAS), GUAYABAS, MANGOS Y MANGOSTANES FRESCOS O SECOS",MERCANCIAS VARIAS,2010-05-25,NORMAL,ADMINISTRADOR
69,805,AGRIOS (CITRICOS) FRESCOS O SECOS,MERCANCIAS VARIAS,2010-05-25,NORMAL,ADMINISTRADOR
70,806,"UVAS FRESCAS O SECAS, INCLUIDAS LAS PASAS",MERCANCIAS VARIAS,2010-05-25,NORMAL,ADMINISTRADOR
71,807,"MELONES, SANDIAS Y PAPAYAS FRESCOS",MERCANCIAS VARIAS,2010-05-25,NORMAL,ADMINISTRADOR
72,808,"MANZANAS, PERAS,  Y MENBRILLOS FRESCOS",MERCANCIAS VARIAS,2010-05-25,NORMAL,ADMINISTRADOR
73,809,"ALBARICOQUES(DAMASCOS, CHABACANOS), CEREZAS, MELOCOTONES(DURAZNOS), (INCLUIDOS LOS GRI?ONES Y NECTARINAS), CIRUELAS Y ENDRINAS FRESCOS",MERCANCIAS VARIAS,2010-05-25,NORMAL,ADMINISTRADOR
74,810,LAS DEMAS FRUTAS U OTROS FRUTOS FRESCOS,MERCANCIAS VARIAS,2010-05-25,NORMAL,ADMINISTRADOR
75,811,"FRUTAS Y OTROS FRUTOS,  SIN COCER O COCIDOS EN AGUA O VAPOR, CONGELADOS, INCLUSO CON ADICION DE AZUCAR U OTRO EDULCORANTE",MERCANCIAS VARIAS,2010-05-25,NORMAL,ADMINISTRADOR
76,812,"FRUTAS Y OTROS FRUTOS, CONSERVADOS PROVISIONALMENTE CON GAS SULFUROSO O CON AGUA SALADA,  PERO TADAVIA IMPROPIOS PARA CONSUMO INMEDIATO",MERCANCIAS VARIAS,2010-05-25,NORMAL,ADMINISTRADOR
77,813,"FRUTOS Y OTROS FRUTOS SECOS,  EXCEPTO LOS DE LAS PARTIDAS 0 8.0 1 A 0 8.0 6",MERCANCIAS VARIAS,2010-05-25,NORMAL,ADMINISTRADOR
78,814,"CORTEZAS DE AGRIOS(CITRICOS), MELONES, SANDIAS FRESCAS,  CONGELADAS, SECAS O PRESENATDAS EN AGUA SALADA O SULFOROSA O ADICIONADA OTRAS SUSTANCIAS PARA SU CONSERVACION",MERCANCIAS VARIAS,2010-05-25,NORMAL,ADMINISTRADOR
79,901,"CAFE,  INCLUSO TOSTADO O DESCAFEINADO, CASCARA O CASCARILLA DE CAFE, SUCEDANEOS DEL CAFE QUE CONTENGAN CAFE EN CUALQUIER PROPORSION",MERCANCIAS VARIAS,2010-05-25,NORMAL,ADMINISTRADOR
80,902,"TE,  INCLUSO AROMATIZADO",MERCANCIAS VARIAS,2010-05-25,NORMAL,ADMINISTRADOR
81,903,YERBAMATE,MERCANCIAS VARIAS,2010-05-25,NORMAL,ADMINISTRADOR
82,904,"PIMIENTA SECOS, TRITURADOS O PULVERIZADOS",MERCANCIAS VARIAS,2010-05-25,NORMAL,ADMINISTRADOR
83,905,VAINILLA,MERCANCIAS VARIAS,2010-05-25,NORMAL,ADMINISTRADOR
84,906,CANELA Y FLORES DEL CANELERO,MERCANCIAS VARIAS,2010-05-25,NORMAL,ADMINISTRADOR
85,907,CLAVO(FRUTOS CLAVILLOS Y PEDUNCULOS),MERCANCIAS VARIAS,2010-05-25,NORMAL,ADMINISTRADOR
86,908,"NUEZ MOSCADA, MACIS, AMOMOS Y CARDAMOMOS",MERCANCIAS VARIAS,2010-05-25,NORMAL,ADMINISTRADOR
87,909,"SEMILLAS DE ANIS, BADIANA, HINOJO, CILANTRO, COMINO O ALCARAVEA, BAYAS DE ENEBRO",MERCANCIAS VARIAS,2010-05-25,NORMAL,ADMINISTRADOR
88,910,"JENGIBRE, AZAFRAN, CURCUMA, TOMILLO, HOJAS DE LAUREL, CURRY Y DEMAS ESPECIAS",MERCANCIAS VARIAS,2010-05-25,NORMAL,ADMINISTRADOR
89,1001,TRIGO Y MORCAJO O TRANQUILLON,MERCANCIAS VARIAS,2010-05-25,NORMAL,ADMINISTRADOR
90,1002,CENTENO,MERCANCIAS VARIAS,2010-05-25,NORMAL,ADMINISTRADOR
91,1003,CEBADA,MERCANCIAS VARIAS,2010-05-25,NORMAL,ADMINISTRADOR
92,1004,AVENA,MERCANCIAS VARIAS,2010-05-25,NORMAL,ADMINISTRADOR
93,1005,MAIZ,MERCANCIAS VARIAS,2010-05-25,NORMAL,ADMINISTRADOR
94,1006,ARROZ,MERCANCIAS VARIAS,2010-05-25,NORMAL,ADMINISTRADOR
95,1007,SORGO DE GRANO,MERCANCIAS VARIAS,2010-05-25,NORMAL,ADMINISTRADOR
96,1008,"ALFORFON,  MIJO Y ALPISTE. LOS DEMAS CEREALES",MERCANCIAS VARIAS,2010-05-25,NORMAL,ADMINISTRADOR
97,1101,HARINA DE TRIGO O MORCAJO,MERCANCIAS VARIAS,2010-05-25,NORMAL,ADMINISTRADOR
98,1102,"HARINA DE CEREALES,  EXCEPTO DE TRIGO O DE MORCAJO O TRANQUILLON",MERCANCIAS VARIAS,2010-05-25,NORMAL,ADMINISTRADOR
99,1103,"GRA?ONES,  SEMOLA Y <PELLETS>,  DE CEREALES",MERCANCIAS VARIAS,2010-05-25,NORMAL,ADMINISTRADOR
100,1104,"GRANOS DE CEREALES TRABAJADOS DE OTRA FORMA (POR EJEMPLO MONDADOS,  APLASTADOS,  EN COPOS,  PERLADOS,  TROCEADOS O TRITURADOS),  CON EXCEPCION DEL ARROZ DE LA PARTIDA 1006. GERMEN DE CEREALES ENTERO,  APLASTADO,  EN COPOS O MOLIDO",MERCANCIAS VARIAS,2010-05-25,NORMAL,ADMINISTRADOR
101,1105,"HARINA,  SEMOLA,  POLVO,  COPOS,  GRANULOS Y <PELLETS> DE PATATAS (PAPAS)",MERCANCIAS VARIAS,2010-05-25,NORMAL,ADMINISTRADOR
102,1106,"HARINA,  SEMOLA Y POLVO DE LAS LEGUMBRES SECAS DE LA PARTIDA 0713,  DE SAGU O DE LAS RAICES O TUBERCULOS DE LA PARTIDA 0714 O DE LOS PRODUCTOS DEL CAPITULO 8",MERCANCIAS VARIAS,2010-05-25,NORMAL,ADMINISTRADOR
103,1107,MALTA (DE CEBADA U OTROS CEREALES) INCLUSO TOSTADA,MERCANCIAS VARIAS,2010-05-25,NORMAL,ADMINISTRADOR
104,1108,ALMIDON Y FECULA. INULINA,MERCANCIAS VARIAS,2010-05-25,NORMAL,ADMINISTRADOR
105,1109,"GLUTEN DE TRIGO,  INCLUSO SECO",MERCANCIAS VARIAS,2010-05-25,NORMAL,ADMINISTRADOR
106,1201,"HABAS(POROTOS, FRIJOLES) DE SOJA (SOYA) INCLUSO QUEBRANTADAS",MERCANCIAS VARIAS,2010-05-25,NORMAL,ADMINISTRADOR
107,1202,"CACAHUATES (MANI) SIN TOSTAR NI COCER DE OTRO MODO, INCLUSO SIN CASCARA O QUEBRANTADOS",MERCANCIAS VARIAS,2010-05-25,NORMAL,ADMINISTRADOR
108,1203,COPRA,MERCANCIAS VARIAS,2010-05-25,NORMAL,ADMINISTRADOR
109,1204,"SEMILLA DE LINO,  INCLUSO QUEBRANTADA",MERCANCIAS VARIAS,2010-05-25,NORMAL,ADMINISTRADOR
110,1205,"SEMILLA DE NABO O DE COLZA,  INCLUSO QUEBRANTADA",MERCANCIAS VARIAS,2010-05-25,NORMAL,ADMINISTRADOR
111,1206,"SEMILLA DE GIRASOL,  INCLUSO QUEBRANTADA",MERCANCIAS VARIAS,2010-05-25,NORMAL,ADMINISTRADOR
112,1207,"LAS DEMAS SEMILLAS Y FRUTOS OLEAGINOSOS,  INCLUSO QUEBRANTADOS",MERCANCIAS VARIAS,2010-05-25,NORMAL,ADMINISTRADOR
113,1208,"HARINA DE SEMILLAS O DE FRUTOS OLEAGINOSOS,  EXCEPTO LA HARINA DE MOSTAZA",MERCANCIAS VARIAS,2010-05-25,NORMAL,ADMINISTRADOR
114,1209,"SEMILLAS,  FRUTOS Y ESPORAS,  PARA SIEMBRA",MERCANCIAS VARIAS,2010-05-25,NORMAL,ADMINISTRADOR
115,1210,"CONOS DE LUPULO FRESCOS O SECOS,  INCLUSO QUEBRANTADOS,  MOLIDOS O EN <PELLETS>. LUPULINO",MERCANCIAS VARIAS,2010-05-25,NORMAL,ADMINISTRADOR
116,1211,"PLANTAS,  PARTES DE PLANTAS,  SEMILLAS Y FRUTOS DE LAS ESPECIES UTILIZADAS PRINCIPALMENTE EN PERFUMERIA,  EN MEDICINA O COMO INSECTICIDAS",MERCANCIAS VARIAS,2010-05-25,NORMAL,ADMINISTRADOR
117,1212,"ALGARROBAS,  ALGAS,  REMOLACHA AZUCARERA Y CA?A DE AZUCAR,  FRESCAS,  REFRIGERADAS,  CONGELADAS O SECAS,  INCLUSO PULVERIZADAS. HUESOS (CAROZOS) Y ALMENDRAS DE FRUTAS Y DEMAS PRODUCTOS VEGETALES EMPLEADAS PRINCIPALMENTE PARA LA ALIMENTACION HUMANA, N.C.O.P.",MERCANCIAS VARIAS,2010-05-25,NORMAL,ADMINISTRADOR
118,1213,"PAJA Y CASCABILLO DE CEREALES,  EN BRUTO,  INCLUSO PICADOS,  MOLIDOS,  PRENSADOS O EN <PELLETS>",MERCANCIAS VARIAS,2010-05-25,NORMAL,ADMINISTRADOR
119,1214,"NABOS FORRAJEROS,  REMOLACHAS FORRAJERAS,  RAICES FORRAJERAS,  HENO,  ALFALFA,  TREBOL,  ESPARCETA,  COLES FORRAJERAS,  ALTRAMUCES,  VEZAS Y PRODUCTOS FORRAJEROS SIMILARES,  INCLUSO EN <PELLETS>",MERCANCIAS VARIAS,2010-05-25,NORMAL,ADMINISTRADOR
120,1301,"GOMA LACA,  GOMAS, RESINAS, GOMORRESINAS Y OLEORRESINAS (BALSAMOS) NATURALES",MERCANCIAS VARIAS,2010-05-25,NORMAL,ADMINISTRADOR
121,1302,"JUGOS Y EXTRACTOS VEGETALES. MATERIAS PECTICAS,  PECTINATOS Y PECTATOS. AGAR-AGAR Y DEMAS MUCILAGOS Y ESPESATIVOS DERIVADOS DE LOS VEGETALES,  INCLUSO MODIFICADOS",MERCANCIAS VARIAS,2010-05-25,NORMAL,ADMINISTRADOR
122,1401,"MATERIAS VEGETALES DE LAS ESPECIES UTILIZADAS PRINCIPALMENTE EN CESTERIA O ESPARTERIA (POR EJEMPLO BAMBU,  ROTEN,  CA?A,  JUNCO,  MIMBRE,  RAFIA,  PAJA DE CEREALES,  LIMPIA,  BLANQUEADA O TE?IDA,  Y CORTEZA DE TILO)",MERCANCIAS VARIAS,2010-05-25,NORMAL,ADMINISTRADOR
123,1402,"MATERIAS VEGETALES DE LAS ESPECIES UTILIZADAS PRINCIPALMENTE PARA RELLENO (POR EJEMPLO MIRAGUANO,  CRIN VEGETAL O CRIN MARINA),  INCLUSO EN CAPAS O CON SOPORTE DE OTRAS MATERIAS",MERCANCIAS VARIAS,2010-05-25,NORMAL,ADMINISTRADOR
124,1403,"MATERIAS VEGETALES DE LAS ESPECIES UTILIZADAS PRINCIPALMENTE EN LA FABRICACION DE ESCOBAS,  CEPILLOS O BROCHAS [POR EJEMPLO SORGO,  PIASAVA,  GRAMA O IXTLE (TAMPICO)],  INCLUSO EN TORCIDAS O EN HACES",MERCANCIAS VARIAS,2010-05-25,NORMAL,ADMINISTRADOR
125,1404,PRODUCTOS VEGETALES NO EXPRESADOS NI COMPRENDIDOS EN OTRAS PARTIDAS,MERCANCIAS VARIAS,2010-05-25,NORMAL,ADMINISTRADOR
126,1501,"GRASA DE CERDO (INCLUIDA LA MANTECA DE CERDO). Y GRASA DE AVE,  EXCEPTO LAS DE LAS PARTIDAS 0209 O 1503",MERCANCIAS VARIAS,2010-05-25,NORMAL,ADMINISTRADOR
127,1502,"GRASAS DE ANIMALES DE LAS ESPECIES BOVINA,  OVINA O CAPRINA,  EXCEPTO LAS DE LA PARTIDA 1503",MERCANCIAS VARIAS,2010-05-25,NORMAL,ADMINISTRADOR
128,1503,"ESTEARINA SOLAR,  ACEITE DE MANTECA DE CERDO,  OLEOESTEARINA,  OLEOMARGARINA Y ACEITE DE SEBO,  SIN EMULSIONAR NI MEZCLAR NI PREPARAR DE OTRA FORMA",MERCANCIAS VARIAS,2010-05-25,NORMAL,ADMINISTRADOR
129,1504,"GRASAS Y ACEITES,  DE PESCADO O DE MAMIFEROS MARINOS,  Y SUS FRACCIONES,  INCLUSO REFINADOS,  PERO SIN MODIFICAR QUIMICAMENTE",MERCANCIAS VARIAS,2010-05-25,NORMAL,ADMINISTRADOR
130,1505,"GRASA DE LANA Y SUSTANCIAS GRASAS DERIVADAS,  INCLUIDA LA LANOLINA",MERCANCIAS VARIAS,2010-05-25,NORMAL,ADMINISTRADOR
131,1506,"LAS DEMAS GRASAS Y ACEITES ANIMALES,  Y SUS FRACCIONES,  INCLUSO REFINADOS,  PERO SIN MODIFICAR QUIMICAMENTE",MERCANCIAS VARIAS,2010-05-25,NORMAL,ADMINISTRADOR
132,1507,"ACEITE DE SOJA(SOYA) Y SUS FRACCIONES,  INCLUSO REFINADO,  PERO SIN MODIFICAR QUIMICAMENTE",MERCANCIAS VARIAS,2010-05-25,NORMAL,ADMINISTRADOR
133,1508,"ACEITE DE CACAHUETE (MANI) Y SUS FRACCIONES,  INCLUSO REFINADO,  PERO SIN MODIFICAR QUIMICAMENTE",MERCANCIAS VARIAS,2010-05-25,NORMAL,ADMINISTRADOR
134,1509,"ACEITE DE OLIVA Y SUS FRACCIONES,  INCLUSO REFINADO,  PERO SIN MODIFICAR QUIMICAMENTE",MERCANCIAS VARIAS,2010-05-25,NORMAL,ADMINISTRADOR
135,1510,"LOS DEMAS ACEITES OBTENIDOS EXCLUSIVAMENTE DE LA ACEITUNA,  Y SUS FRACCIONES,  INCLUSO REFINADOS,  PERO SIN MODIFICAR QUIMICAMENTE,  Y MEZCLAS DE ESTOS ACEITES O FRACCIONES CON LOS ACEITES O FRACCIONES DE LA PARTIDA 1509",MERCANCIAS VARIAS,2010-05-25,NORMAL,ADMINISTRADOR
136,1511,"ACEITE DE PALMA Y SUS FRACCIONES,  INCLUSO REFINADO,  PERO SIN MODIFICAR QUIMICAMENTE",MERCANCIAS VARIAS,2010-05-25,NORMAL,ADMINISTRADOR
137,1512,"ACEITES DE GIRASOL,  DE CARTAMO O DE ALGODON,  Y SUS FRACCIONES,  INCLUSO REFINADOS,  PERO SIN MODIFICAR QUIMICAMENTE",MERCANCIAS VARIAS,2010-05-25,NORMAL,ADMINISTRADOR
138,1513,"ACEITES DE COCO (COPRA), DE ALMENDRA,  DE PALMA O BABASU, SUS FRACCIONES,  INCLUSO REFINADOS, SIN MODIFICAR QUIMICAMENTE",MERCANCIAS VARIAS,2010-05-25,NORMAL,ADMINISTRADOR
139,1514,"ACEITE DE NABO(NABABINA), COLZA O MOSTAZA Y SUS FRACCIONES, INCLUSO REFINADOS,  SIN MODIFICAR QUIMICAMENTE",MERCANCIAS VARIAS,2010-05-25,NORMAL,ADMINISTRADOR
140,1515,"LAS DEMAS GRASAS Y ACEITES VEGETALES FIJOS (INCLUIDO EL ACEITE DE JOJOBA),  Y SUS FRACCIONES,  INCLUSO REFINADOS,  PERO SIN MODIFICAR QUIMICAMENTE",MERCANCIAS VARIAS,2010-05-25,NORMAL,ADMINISTRADOR
141,1516,"GRASAS Y ACEITES,  ANIMALES O VEGETALES,  Y SUS FRACCIONES,  PARCIAL O TOTALMENTE HIDROGENADOS,  INTERESTERIFICADOS,  REESTERIFICADOS O ELAIDINIZADOS,  INCLUSO REFINADOS",MERCANCIAS VARIAS,2010-05-25,NORMAL,ADMINISTRADOR
142,1517,"MARGARINA. MEZCLAS O PREPARACIONES ALIMENTICIAS DE GRASAS O DE ACEITES,  ANIMALES O VEGETALES,  O DE FRACCIONES DE DIFERENTES GRASAS O ACEITES DE ESTE CAPITULO,  EXCEPTO LAS GRASAS Y ACEITES ALIMENTICIOS,  Y SUS FRACCIONES,  DE LA PARTIDA 1516",MERCANCIAS VARIAS,2010-05-25,NORMAL,ADMINISTRADOR
143,1518,"GRASAS Y ACEITES,  ANIMALES O VEGETALES,  Y SUS FRACCIONES,  COCIDOS,  OXIDADOS,  ... O MODIFICADOS QUIMICAMENTE DE OTRA FORMA,  CON EXCLUSION DE LOS DE LA PARTIDA 1516. MEZCLAS O PREPARACIONES DE GRASAS O ACEITES,  N.C.O.P.",MERCANCIAS VARIAS,2010-05-25,NORMAL,ADMINISTRADOR
144,1520,GLICEROL EN BRUTO. AGUAS Y LEJIAS GLICERINOSAS,MERCANCIAS VARIAS,2010-05-25,NORMAL,ADMINISTRADOR
145,1521,"CERAS VEGETALES (EXCEPTO LOS TRIGLICERIDOS),  CERA DE ABEJAS O DE OTROS INSECTOS Y ESPERMA DE BALLENA Y DE OTROS CETACEOS,  INCLUSO REFINADAS O COLOREADAS",MERCANCIAS VARIAS,2010-05-25,NORMAL,ADMINISTRADOR
146,1522,DEGRAS. RESIDUOS DEL TRATAMIENTO DE LAS GRASAS O DE LAS CERAS ANIMALES O VEGETALES,MERCANCIAS VARIAS,2010-05-25,NORMAL,ADMINISTRADOR
147,1601,"EMBUTIDOS Y PRODUCTOS SIMILARES,  DE CARNE,  DE DESPOJOS O DE SANGRE. PREPARACIONES ALIMENTICIAS A BASE DE ESTOS PRODUCTOS",MERCANCIAS VARIAS,2010-05-25,NORMAL,ADMINISTRADOR
148,1602,"LAS DEMAS PREPARACIONES Y CONSERVAS DE CARNE,  DE DESPOJOS O DE SANGRE",MERCANCIAS VARIAS,2010-05-25,NORMAL,ADMINISTRADOR
149,1603,"EXTRACTOS Y JUGOS DE CARNE,  DE PESCADO O DE CRUSTACEOS,  DE MOLUSCOS O DE OTROS INVERTEBRADOS ACUATICOS",MERCANCIAS VARIAS,2010-05-25,NORMAL,ADMINISTRADOR
150,1604,PREPARACIONES Y CONSERVAS DE PESCADO. CAVIAR Y SUS SUCEDANEOS PREPARADOS CON HUEVAS DE PESCADO,MERCANCIAS VARIAS,2010-05-25,NORMAL,ADMINISTRADOR
151,1605,"CRUSTACEOS,  MOLUSCOS Y DEMAS INVERTEBRADOS ACUATICOS,  PREPARADOS O CONSERVADOS",MERCANCIAS VARIAS,2010-05-25,NORMAL,ADMINISTRADOR
152,1701,"AZUCAR DE CA?A O DE REMOLACHA Y SACAROSA QUIMICAMENTE PURA, EN ESTADO SOLIDO",MERCANCIAS VARIAS,2010-05-25,NORMAL,ADMINISTRADOR
153,1702,"LOS DEMAS AZUCARES,  INCLUIDAS LA LACTOSA,  LAMALTOSA,  LA GLUCOSA Y LA FRUCTOSA QUIMICAMENTE PURAS,  EN ESTADO SOLIDO.JARABE DE AZUCAR SIN AROMATIZAR NI COLOREAR.SUCEDANEOS DE LA MIEL,  INCLUSO MEZCLADOS CON MIEL NATURAL. AZUCAR Y MELAZA CARAMELIZADOS",MERCANCIAS VARIAS,2010-05-25,NORMAL,ADMINISTRADOR
154,1703,MELAZA DE LA EXTRACCION O DEL REFINADO DEL AZUCAR,MERCANCIAS VARIAS,2010-05-25,NORMAL,ADMINISTRADOR
155,1704,ARTICULOS DE CONFITERIA SIN CACAO (INCLUIDO EL CHOCOLATE BLANCO),MERCANCIAS VARIAS,2010-05-25,NORMAL,ADMINISTRADOR
156,1801,"CACAO EN GRANO,  ENTERO O PARTIDO,  CRUDO O TOSTADO",MERCANCIAS VARIAS,2010-05-25,NORMAL,ADMINISTRADOR
157,1802,"CASCARA,  PELICULAS Y DEMAS RESIDUOS DE CACAO",MERCANCIAS VARIAS,2010-05-25,NORMAL,ADMINISTRADOR
158,1803,"PASTA DE CACAO,  INCLUSO DESGRASADA",MERCANCIAS VARIAS,2010-05-25,NORMAL,ADMINISTRADOR
159,1804,"MANTECA,  GRASA Y ACEITE DE CACAO",MERCANCIAS VARIAS,2010-05-25,NORMAL,ADMINISTRADOR
160,1805,CACAO EN POLVO SIN AZUCARAR NI EDULCORAR DE OTRO MODO,MERCANCIAS VARIAS,2010-05-25,NORMAL,ADMINISTRADOR
161,1806,CHOCOLATE Y DEMAS PREPARACIONES ALIMENTICIAS QUE CONTENGAN CACAO,MERCANCIAS VARIAS,2010-05-25,NORMAL,ADMINISTRADOR
162,1901,"EXTRACTO DE MALTA. PREPARACIONES ALIMENTICIASDE HARINA,  SEMOLA,  ALMIDON,  FECULA O EXTRACTO DE MALTA,  QUE NO CONTENGAN CACAO O CON UN CONTENIDO INFERIOR AL 40 % .... Y OTROS PRODUCTOS DE LAS PARTIDAS 0 401 A 0404 CON UN CONTENIDO EN CACAO .?",MERCANCIAS VARIAS,2010-05-25,NORMAL,ADMINISTRADOR
163,1902,"PASTAS ALIMENTICIAS,  INCLUSO COCIDAS O RELLENAS (DE CARNE U OTRAS SUSTANCIAS) O BIEN PREPARADAS DE OTRA FORMA,  TALES COMO ESPAGUETIS,  FIDEOS,  MACARRONES,  TALLARINES,  LASA?AS,  ?OQUIS,  RAVIOLES O CANELONES. CUSCUS,  INCLUSO PREPARADO",MERCANCIAS VARIAS,2010-05-25,NORMAL,ADMINISTRADOR
164,1903,"TAPIOCA Y SUS SUCEDANEOS CON FECULA,  EN COPOS,  GRUMOS,  GRANOS PERLADOS,  CERNIDURAS O FORMAS SIMILARES",MERCANCIAS VARIAS,2010-05-25,NORMAL,ADMINISTRADOR
165,1904,"PRODUCTOS A BASE DE CEREALES OBTENIDOS PORINSUFLADO O TOSTADO ( COPOS DE MAIZ,  ...). CEREALES (EXCEPTO EL MAIZ) EN GRANO O EN FORMA DE COPOS O DEMAS GRANO TRABAJADO (EXCEPTO LA HARINA Y SEMOLA),  PRECOCIDOS O PREPARADOS DE OTRO MODO,  N.C.O.P.",MERCANCIAS VARIAS,2010-05-25,NORMAL,ADMINISTRADOR
166,1905,"PRODUCTOS DE PANADERIA,  PASTELERIA O GALLETERIA,  INCLUSO CON CACAO. HOSTIAS,  SELLOS VACIOS DEL TIPO DE LOS USADOS PARA MEDICAMENTOS,  OBLEAS,  PASTAS DESECADAS DE HARINA,  ALMIDON O FECULA,  EN HOJAS Y PRODUCTOS SIMILARES",MERCANCIAS VARIAS,2010-05-25,NORMAL,ADMINISTRADOR
167,2001,"LEGUMBRES,  HORTALIZAS,  FRUTOS Y DEMAS PARTES COMESTIBLES DE PLANTAS,  PREPARADOS O CONSERVADOS EN VINAGRE O EN ACIDO ACETICO",MERCANCIAS VARIAS,2010-05-25,NORMAL,ADMINISTRADOR
168,2002,TOMATES PREPARADOS O CONSERVADOS (EXCEPTO EN VINAGRE O EN ACIDO ACETICO),MERCANCIAS VARIAS,2010-05-25,NORMAL,ADMINISTRADOR
169,2003,"SETAS Y DEMAS HONGOS,  Y TRUFAS PREPARADOS O CONSERVADOS(EXCEPTO EN VINAGRE O ACIDO ACETICO)",MERCANCIAS VARIAS,2010-05-25,NORMAL,ADMINISTRADOR
170,2004,"LAS DEMAS LEGUMBRES Y HORTALIZAS,  PREPARADAS O CONSERVADAS (EXCEPTO EN VINAGRE O EN ACIDO ACETICO),  CONGELADAS,  EXCEPTO LOS PRODUCTOS DE LA PARTIDA 2006",MERCANCIAS VARIAS,2010-05-25,NORMAL,ADMINISTRADOR
171,2005,"LAS DEMAS LEGUMBRES Y HORTALIZAS,  PREPARADAS O CONSERVADAS (EXCEPTO EN VINAGRE O EN ACIDO ACETICO),  SIN CONGELAR,  EXCEPTO LOS PRODUCTOS DE LA PARTIDA 2006",MERCANCIAS VARIAS,2010-05-25,NORMAL,ADMINISTRADOR
172,2006,"LEGUMBRES Y HORTALIZAS,  FRUTAS Y OTROS FRUTOS Y SUS CORTEZAS Y DEMAS PARTES DE PLANTAS,  CONFITADOS CON AZUCAR (ALMIBARADOS,  GLASEADOS O ESCARCHADOS)",MERCANCIAS VARIAS,2010-05-25,NORMAL,ADMINISTRADOR
173,2007,"COMPOTAS,  JALEAS Y MERMELADAS,  PURES Y PASTAS DE FRUTOS,  OBTENIDOS POR COCCION,  INCLUSO AZUCARADOS O EDULCORADOS DE OTRO MODO",MERCANCIAS VARIAS,2010-05-25,NORMAL,ADMINISTRADOR
174,2008,"FRUTOS Y DEMAS PARTES COMESTIBLES DE PLANTAS,  PREPARADOS O CONSERVADOS DE OTRA FORMA,  INCLUSO AZUCARADOS,  EDULCORADOS DE OTRO MODO O CON ALCOHOL,  NO EXPRESADOS NI COMPRENDIDOS EN OTRAS PARTIDAS",MERCANCIAS VARIAS,2010-05-25,NORMAL,ADMINISTRADOR
175,2009,"JUGOS DE FRUTAS (INCLUIDO EL MOSTO DE UVA) O DE LEGUMBRES U HORTALIZAS,  SIN FERMENTAR Y SIN ALCOHOL,  INCLUSO AZUCARADOS O EDULCORADOS DE OTRO MODO",MERCANCIAS VARIAS,2010-05-25,NORMAL,ADMINISTRADOR
176,2101,"EXTRACTOS,  ESENCIAS Y CONCENTRADOS DE CAFE,  TE O YERBA MATE Y PREPARACIONES A BASE DE ESTOS PRODUCTOS O A BASE DE CAFE,  TE O YERBA MATE. ACHICORIA TOSTADA Y DEMAS SUCEDANEOS DEL CAFE TOSTADOS Y SUS EXTRACTOS,  ESENCIAS Y CONCENTRADOS",MERCANCIAS VARIAS,2010-05-25,NORMAL,ADMINISTRADOR
177,2102,LEVADURAS (VIVAS O MUERTAS). LOS DEMAS MICROORGANISMOS MONOCELULARES MUERTOS (CON EXCLUSION DE LAS VACUNAS DE LA PARTIDA 3002). LEVADURAS ARTIFICIALES (POLVOS PARA HORNEAR),MERCANCIAS VARIAS,2010-05-25,NORMAL,ADMINISTRADOR
178,2103,"PREPARACIONES PARA SALSAS Y SALSAS PREPARADAS. CONDIMENTOS Y SAZONADORES,  COMPUESTOS. HARINA DE MOSTAZA Y MOSTAZA PREPARADA",MERCANCIAS VARIAS,2010-05-25,NORMAL,ADMINISTRADOR
179,2104,"PREPARACIONES PARA SOPAS,  POTAJES O CALDOS. SOPAS",MERCANCIAS VARIAS,2010-05-25,NORMAL,ADMINISTRADOR
180,2105,HELADOS Y PRODUCTOS SIMILARES INCLUSO CON CACAO,MERCANCIAS VARIAS,2010-05-25,NORMAL,ADMINISTRADOR
181,2106,PREPARACIONES ALIMENTICIAS NO EXPRESADAS NI COMPRENDIDAS EN OTRAS PARTIDAS,MERCANCIAS VARIAS,2010-05-25,NORMAL,ADMINISTRADOR
182,2201,"AGUA,  INCLUIDA EL AGUA MINERAL NATURAL O ARTIFICIAL Y LA GASIFICADA,  SIN AZUCARAR O EDULCORAR DE OTRO MODO NI AROMATIZAR. HIELO Y NIEVE",MERCANCIAS VARIAS,2010-05-25,NORMAL,ADMINISTRADOR
183,2202,"AGUA,  INCLUIDA EL AGUA MINERAL Y LA GASIFICADA,  AZUCARADA,  EDULCORADA DE OTRO MODO O AROMATIZADA,  Y LAS DEMAS BEBIDAS NO ALCOHOLICAS,  CON EXCLUSION DE LOS JUGOS DE FRUTAS O DE LEGUMBRES U HORTALIZAS DE LA PARTIDA 2009",MERCANCIAS VARIAS,2010-05-25,NORMAL,ADMINISTRADOR
184,2203,CERVEZA DE MALTA,MERCANCIAS VARIAS,2010-05-25,NORMAL,ADMINISTRADOR
185,2204,"VINO DE UVAS,  INCLUSO ENCABEZADO. MOSTO DE UVA,  EXCEPTO EL DE LA PARTIDA 2009",MERCANCIAS VARIAS,2010-05-25,NORMAL,ADMINISTRADOR
186,2205,VERMUT Y DEMAS VINOS DE UVAS FRESCAS PREPARADOS CON PLANTAS O SUSTANCIAS AROMATICAS,MERCANCIAS VARIAS,2010-05-25,NORMAL,ADMINISTRADOR
187,2206,"LAS DEMAS BEBIDAS FERMENTADAS (POR EJEMPLO SIDRA,  PERADA O AGUAMIEL). MEZCLAS DE BEBIDAS FERMENTADAS Y MEZCLAS DE BEBIDAS FERMENTADAS Y BEBIDAS NO ALCOHOLICAS,  NO EXPRESADAS NI COMPRENDIDAS EN OTRAS PARTIDAS",MERCANCIAS VARIAS,2010-05-25,NORMAL,ADMINISTRADOR
188,2207,"ALCOHOL ETILICO SIN DESNATURALIZAR CON UN GRADO ALCOHOLICO VOLUMETRICO SUPERIOR O IGUAL A 80 % VOL. ALCOHOL ETILICO Y AGUARDIENTE DESNATURALIZADOS,  DE CUALQUIER GRADUACION",MERCANCIAS VARIAS,2010-05-25,NORMAL,ADMINISTRADOR
189,2208,"ALCOHOL ETILICO SIN DESNATURALIZAR CON UN GRADO ALCOHOLICO VOLUMETRICO INFERIOR A 80 % VOL. AGUARDIENTES,  LICORES Y DEMAS BEBIDAS ESPIRITUOSAS",MERCANCIAS VARIAS,2010-05-25,NORMAL,ADMINISTRADOR
190,2209,VINAGRE COMESTIBLE Y SUCEDANEOS COMESTIBLES DEL VINAGRE OBTENIDOS CON ACIDO ACETICO,MERCANCIAS VARIAS,2010-05-25,NORMAL,ADMINISTRADOR
191,2301,"HARINA,  POLVO Y <PELLETS>,  DE CARNE,  DE DESPOJOS,  DE PESCADO O DE CRUSTACEOS,  MOLUSCOS O DE OTROS INVERTEBRADOS ACUATICOS,  IMPROPIOS PARA LA ALIMENTACION HUMANA. CHICHARRONES",MERCANCIAS VARIAS,2010-05-25,NORMAL,ADMINISTRADOR
192,2302,"SALVADOS,  MOYUELOS Y DEMAS RESIDUOS DEL CERNIDO,  DE LA MOLIENDA O DE OTROS TRATAMIENTOS DE LOS CEREALES O DE LAS LEGUMINOSAS,  INCLUSO EN PELLETS",MERCANCIAS VARIAS,2010-05-25,NORMAL,ADMINISTRADOR
193,2303,"RESIDUOS DE LA INDUSTRIA DEL ALMIDON Y RESIDUOS SIMILARES,  PULPA DE REMOLACHA,  BAGAZO DE CA?A DE AZUCAR Y DEMAS DESPERDICIOS DE LA INDUSTRIA AZUCARERA,  HECES Y DESPERDICIOS DE CERVECERIA O DE DESTILERIA,  INCLUSO EN <PELLETS>",MERCANCIAS VARIAS,2010-05-25,NORMAL,ADMINISTRADOR
194,2304,"TORTAS Y DEMAS RESIDUOS SOLIDOS DE LA EXTRACCION DEL ACEITE DE SOJA,  INCLUSO MOLIDOS O EN PELLETS",MERCANCIAS VARIAS,2010-05-25,NORMAL,ADMINISTRADOR
195,2305,"TORTAS Y DEMAS RESIDUOS SOLIDOS DE LA EXTRACCION DEL ACEITE DE CACAHUETE,  INCLUSO MOLIDOS O EN PELLETS",MERCANCIAS VARIAS,2010-05-25,NORMAL,ADMINISTRADOR
196,2306,"TORTAS Y DEMAS RESIDUOS SOLIDOS DE LA EXTRACCION DE GRASAS O ACEITES VEGETALES,  INCLUSO MOLIDOS O EN PELLETS,  EXCEPTO LOS DE LAS PARTIDAS 2304 O 2305",MERCANCIAS VARIAS,2010-05-25,NORMAL,ADMINISTRADOR
197,2307,LIAS O HECES DE VINO. TARTARO BRUTO,MERCANCIAS VARIAS,2010-05-25,NORMAL,ADMINISTRADOR
198,2308,"MATERIAS VEGETALES,  DESPERDICIOS,  RESIDUOS Y SUBPRODUCTOS VEGETALES,  INCLUSO EN <PELLETS>,  DEL TIPO DE LOS UTILIZADOS PARA LA ALIMENTACION DE LOS ANIMALES,  NO EXPRESADOS NI COMPRENDIDOS EN OTRAS PARTIDAS",MERCANCIAS VARIAS,2010-05-25,NORMAL,ADMINISTRADOR
199,2309,PREPARACIONES DEL TIPO DE LAS UTILIZADAS PARA LA ALIMENTACION DE LOS ANIMALES,MERCANCIAS VARIAS,2010-05-25,NORMAL,ADMINISTRADOR
200,2401,TABACO EN RAMA O SIN ELABORAR. DESPERDICIOS DE TABACO,MERCANCIAS VARIAS,2010-05-25,NORMAL,ADMINISTRADOR
201,2402,"CIGARROS O PUROS (INCLUSO DESPUNTADOS),  PURITOS Y CIGARRILLOS,  DE TABACO O DE SUCEDANEOS DEL TABACO",MERCANCIAS VARIAS,2010-05-25,NORMAL,ADMINISTRADOR
202,2403,"LOS DEMAS TABACOS Y SUCEDANEOS DEL TABACO,  ELABORADOS. TABACO HOMOGENEIZADO O RECONSTITUIDO. EXTRACTOS Y JUGOS DE TABACO",MERCANCIAS VARIAS,2010-05-25,NORMAL,ADMINISTRADOR
203,2501,"SAL (INCLUIDAS LA DE MESA Y LA DESNATURALIZADA) Y CLORURO DE SODIO,  PURO,  INCLUSO EN DISOLUCION ACUOSA O CON ANTIAGLOMERANTES O AGENTES QUE GARANTICEN UNA BUENA FLUIDEZ. AGUA DE MAR",MERCANCIAS VARIAS,2010-05-25,NORMAL,ADMINISTRADOR
204,2502,PIRITAS DE HIERRO SIN TOSTAR,MERCANCIAS VARIAS,2010-05-25,NORMAL,ADMINISTRADOR
205,2503,"AZUFRE DE CUALQUIER CLASE,  CON EXCLUSION DEL SUBLIMADO,  DEL PRECIPITADO Y DEL COLOIDAL",MERCANCIAS VARIAS,2010-05-25,NORMAL,ADMINISTRADOR
206,2504,GRAFITO NATURAL,MERCANCIAS VARIAS,2010-05-25,NORMAL,ADMINISTRADOR
207,2505,"ARENAS NATURALES DE CUALQUIER CLASE,  INCLUSO COLOREADAS,  CON EXCLUSION DE LAS ARENAS METALIFERAS DEL CAPITULO 26",MERCANCIAS VARIAS,2010-05-25,NORMAL,ADMINISTRADOR
208,2506,"CUARZO,  (EXCEPTO LAS ARENAS NATURALES). CUARCITA,  INCLUSO DESBASTADA O SIMPLEMENTE TROCEADA POR ASERRADO O DE OTRO MODO,  EN BLOQUES O EN PLACAS CUADRADAS O RECTANGULARES",MERCANCIAS VARIAS,2010-05-25,NORMAL,ADMINISTRADOR
209,2507,"CAOLIN Y DEMAS ARCILLAS CAOLINICAS,  INCLUSO CALCINADAS",MERCANCIAS VARIAS,2010-05-25,NORMAL,ADMINISTRADOR
210,2508,"LAS DEMAS ARCILLAS (CON EXCLUSION DE LAS ARCILLAS DILATADAS DE LA PARTIDA 6806),  ANDALUCITA,  CIANITA Y SILIMANITA,  INCLUSO CALCINADAS. MULLITA. TIERRAS DE CHAMOTA O DE DINAS",MERCANCIAS VARIAS,2010-05-25,NORMAL,ADMINISTRADOR
211,2509,CRETA,MERCANCIAS VARIAS,2010-05-25,NORMAL,ADMINISTRADOR
212,2510,"FOSFATOS DE CALCIO NATURALES,  FOSFATOS ALUMINOCALCICOS NATURALES Y CRETAS FOSFATADAS",MERCANCIAS VARIAS,2010-05-25,NORMAL,ADMINISTRADOR
213,2511,"SULFATO DE BARIO NATURAL (BARITINA). CARBONATO DE BARIO NATURAL (WITHERITA),  INCLUSO CALCINADO,  CON EXCLUSION DEL OXIDO DE BARIO DE LA PARTIDA 2816",MERCANCIAS VARIAS,2010-05-25,NORMAL,ADMINISTRADOR
214,2512,"HARINAS SILICEAS FOSILES (POR EJEMPLO KIESELGUHR,  TRIPOLITA O DIATOMITA) Y DEMAS TIERRAS SILICEAS ANALOGAS,  DE DENSIDAD APARENTE INFERIOR O IGUAL A 1,  INCLUSO CALCINADAS",MERCANCIAS VARIAS,2010-05-25,NORMAL,ADMINISTRADOR
215,2513,"PIEDRA POMEZ. ESMERIL. CORINDON NATURAL,  GRANATE NATURAL Y DEMAS ABRASIVOS NATURALES,  INCLUSO TRATADOS TERMICAMENTE",MERCANCIAS VARIAS,2010-05-25,NORMAL,ADMINISTRADOR
216,2514,"PIZARRA,  INCLUSO DESBASTADA O SIMPLEMENTE TROCEADA,  POR ASERRADO O DE OTRO MODO,  EN BLOQUES O EN PLACAS CUADRADAS O RECTANGULARES",MERCANCIAS VARIAS,2010-05-25,NORMAL,ADMINISTRADOR
217,2515,"MARMOL,  TRAVERTINOS,  ECAUSSINES Y DEMAS PIEDRASCALIZAS DE TALLA O DE CONSTRUCCION DE DENSIDAD APARENTE SUPERIOR O IGUAL A 2, 5 Y ALABASTRO,  INCLUSO DESBASTADOS O SIMPLEMENTE TROCEADOS,  EN BLOQUES O EN PLACAS CUADRADAS O RECTANGULARES",MERCANCIAS VARIAS,2010-05-25,NORMAL,ADMINISTRADOR
218,2516,"GRANITO,  PORFIDO,  BASALTO,  ARENISCA Y DEMAS PIEDRAS DE TALLA O DE CONSTRUCCION,  INCLUSO DESBASTADOS O SIMPLEMENTE TROCEADOS",MERCANCIAS VARIAS,2010-05-25,NORMAL,ADMINISTRADOR
219,2517,"CANTOS,  GRAVA,  PIEDRAS MACHACADAS,  DE LOS TIPOS GENERALMENTE UTILIZADOS PARA EL HORMIGONADO O PARA LA CONSTRUCCION DE CARRETERAS,  VIAS FERREAS U OTROS BALASTOS,  GUIJARROS Y PEDERNAL, MACADAN, ...,  MACADAN ALQUITRANADO, ...",MERCANCIAS VARIAS,2010-05-25,NORMAL,ADMINISTRADOR
220,2518,"DOLOMITA,  INCLUSO SINTERIZADA O CALCINADA. DOLOMITA DESBASTADA O SIMPLEMENTE TROCEADA,  POR ASERRADO O DE OTRO MODO,  EN BLOQUES O EN PLACAS CUADRADAS O RECTANGULARES. AGLOMERADO DE DOLOMITA",MERCANCIAS VARIAS,2010-05-25,NORMAL,ADMINISTRADOR
221,2519,"CARBONATO DE MAGNESIO NATURAL (MAGNESITA). MAGNESIA ELECTROFUNDIDA. MAGNESIA CALCINADA A MUERTE (SINTERIZADA),  INCLUSO CON PEQUE?AS CANTIDADES DE OTROS OXIDOS A?ADIDOS ANTES DE LA SINTERIZACION. OXIDO DE MAGNESIO,  INCLUSO PURO",MERCANCIAS VARIAS,2010-05-25,NORMAL,ADMINISTRADOR
222,2520,"YESO NATURAL. ANHIDRITA. YESOS CALCINADOS,  INCLUSO COLOREADOS O CON PEQUE?AS CANTIDADES DE ACELERADORES O RETARDADORES",MERCANCIAS VARIAS,2010-05-25,NORMAL,ADMINISTRADOR
223,2521,CASTINAS. PIEDRAS PARA LA FABRICACION DE CAL O DE CEMENTO,MERCANCIAS VARIAS,2010-05-25,NORMAL,ADMINISTRADOR
224,2522,"CAL VIVA,  CAL APAGADA Y CAL HIDRAULICA,  CON EXCLUSION DEL OXIDO Y DEL HIDROXIDO DE CALCIO DE LA PARTIDA 2825",MERCANCIAS VARIAS,2010-05-25,NORMAL,ADMINISTRADOR
225,2523,"CEMENTOS HIDRAULICOS (INCLUIDOS LOS CEMENTOS SIN PULVERIZAR O CLINKER),  AUNQUE ESTEN COLOREADOS",MERCANCIAS VARIAS,2010-05-25,NORMAL,ADMINISTRADOR
226,2524,AMIANTO (ASBESTO),MERCANCIAS VARIAS,2010-05-25,NORMAL,ADMINISTRADOR
227,2525,"MICA,  INCLUIDA LA MICA EXFOLIADA EN LAMINILLAS IRREGULARES. DESPERDICIOS DE MICA",MERCANCIAS VARIAS,2010-05-25,NORMAL,ADMINISTRADOR
228,2526,"ESTEATITA NATURAL,  INCLUSO DESBASTADA O SIMPLEMENTE TROCEADA,  POR ASERRADO O DE OTRO MODO,  EN BLOQUES O EN PLACAS CUADRADAS O RECTANGULARES. TALCO",MERCANCIAS VARIAS,2010-05-25,NORMAL,ADMINISTRADOR
229,2527,CRIOLITA NATURAL. QUIOLITA NATURAL,MERCANCIAS VARIAS,2010-05-25,NORMAL,ADMINISTRADOR
230,2528,"BORATOS NATURALES Y SUS CONCENTRADOS (INCLUSO CALCINADOS),  CON EXCLUSION DE LOS BORATOS EXTRAIDOS DE LAS SALMUERAS NATURALES. ACIDO BORICO NATURAL CON UN CONTENIDO DE H3BO3 INFERIOR O IGUAL AL 85 %,  VALORADO SOBRE PRODUCTO SECO",MERCANCIAS VARIAS,2010-05-25,NORMAL,ADMINISTRADOR
231,2529,FELDESPATO. LEUCITA. NEFELINA Y NEFELINA SIENITA. ESPATO FLUOR,MERCANCIAS VARIAS,2010-05-25,NORMAL,ADMINISTRADOR
232,2530,MATERIAS MINERALES NO EXPRESADAS NI COMPRENDIDAS EN OTRAS PARTIDAS,MERCANCIAS VARIAS,2010-05-25,NORMAL,ADMINISTRADOR
233,2601,"MINERALES DE HIERRO Y SUS CONCENTRADOS,  INCLUIDAS LAS PIRITAS DE HIERRO,  TOSTADAS (CENIZAS DE PIRITA)",MERCANCIAS VARIAS,2010-05-25,NORMAL,ADMINISTRADOR
234,2602,"MINERALES DE MANGANESO Y SUS CONCENTRADOS,  INCLUIDOS LOS MINERALES DE MANGANESO FERRUGINOSOS Y SUS CONCENTRADOS CON UN CONTENIDO DE MANGANESO SUPERIOR O IGUAL AL 20 % EN PESO,  SOBRE PRODUCTO SECO (CECA)",MERCANCIAS VARIAS,2010-05-25,NORMAL,ADMINISTRADOR
235,2603,MINERALES DE COBRE Y SUS CONCENTRADOS,MERCANCIAS VARIAS,2010-05-25,NORMAL,ADMINISTRADOR
236,2604,MINERALES DE NIQUEL Y SUS CONCENTRADOS,MERCANCIAS VARIAS,2010-05-25,NORMAL,ADMINISTRADOR
237,2605,MINERALES DE COBALTO Y SUS CONCENTRADOS,MERCANCIAS VARIAS,2010-05-25,NORMAL,ADMINISTRADOR
238,2606,MINERALES DE ALUMINIO Y SUS CONCENTRADOS,MERCANCIAS VARIAS,2010-05-25,NORMAL,ADMINISTRADOR
239,2607,MINERALES DE PLOMO Y SUS CONCENTRADOS,MERCANCIAS VARIAS,2010-05-25,NORMAL,ADMINISTRADOR
240,2608,MINERALES DE CINC Y SUS CONCENTRADOS,MERCANCIAS VARIAS,2010-05-25,NORMAL,ADMINISTRADOR
241,2609,MINERALES DE ESTAÑO Y SUS CONCENTRADOS,MERCANCIAS VARIAS,2010-05-25,NORMAL,ADMINISTRADOR
242,2610,MINERALES DE CROMO Y SUS CONCENTRADOS,MERCANCIAS VARIAS,2010-05-25,NORMAL,ADMINISTRADOR
243,2611,MINERALES DE VOLFRALMIO (TUNGSTENO) Y SUS CONCENTRADOS,MERCANCIAS VARIAS,2010-05-25,NORMAL,ADMINISTRADOR
244,2612,MINERALES DE URANIO O DE TORIO Y SUS CONCENTRADOS,MERCANCIAS VARIAS,2010-05-25,NORMAL,ADMINISTRADOR
245,2613,MINERALES DE MOLIBDENO Y SUS CONCENTRADOS,MERCANCIAS VARIAS,2010-05-25,NORMAL,ADMINISTRADOR
246,2614,MINERALES DE TITANIO Y SUS CONCENTRADOS,MERCANCIAS VARIAS,2010-05-25,NORMAL,ADMINISTRADOR
247,2615,"MINERALES DE NIOBIO,  DE TANTALO,  DE VANADIO O DE CIRCONIO Y SUS CONCENTRADOS",MERCANCIAS VARIAS,2010-05-25,NORMAL,ADMINISTRADOR
248,2616,MINERALES DE LOS METALES PRECIOSOS Y SUS CONCENTRADOS,MERCANCIAS VARIAS,2010-05-25,NORMAL,ADMINISTRADOR
249,2617,LOS DEMAS MINERALES Y SUS CONCENTRADOS,MERCANCIAS VARIAS,2010-05-25,NORMAL,ADMINISTRADOR
250,2618,ESCORIAS GRANULADAS (ARENA DE ESCORIAS) DE LA SIDERURGIA,MERCANCIAS VARIAS,2010-05-25,NORMAL,ADMINISTRADOR
251,2619,"ESCORIAS (EXCEPTO LAS GRANULADAS),  BATIDURAS Y DEMAS DESPERDICIOS DE LA SIDERURGIA",MERCANCIAS VARIAS,2010-05-25,NORMAL,ADMINISTRADOR
252,2620,CENIZAS Y RESIDUOS (EXCEPTO LOS DE LA SIDERURGIA) QUE CONTENGAN METAL O COMPUESTOS DE METALES,MERCANCIAS VARIAS,2010-05-25,NORMAL,ADMINISTRADOR
253,2621,"LAS DEMAS ESCORIAS Y CENIZAS,  INCLUIDAS LAS CENIZAS DE ALGAS",MERCANCIAS VARIAS,2010-05-25,NORMAL,ADMINISTRADOR
254,2701,"HULLAS. BRIQUETAS,  OVOIDES Y COMBUSTIBLES SOLIDOS SIMILARES,  OBTENIDOS DE LA HULLA",MERCANCIAS VARIAS,2010-05-25,NORMAL,ADMINISTRADOR
255,2702,"LIGNITOS,  INCLUSO AGLOMERADOS,  CON EXCLUSION DEL AZABACHE",MERCANCIAS VARIAS,2010-05-25,NORMAL,ADMINISTRADOR
256,2703,"TURBA,  INCLUIDA LA UTILIZADA PARA CAMA DE ANIMALES Y LA AGLOMERADA",MERCANCIAS VARIAS,2010-05-25,NORMAL,ADMINISTRADOR
257,2704,"COQUES Y SEMICOQUES DE HULLA,  DE LIGNITO O DE TURBA,  INCLUSO AGLOMERADOS. CARBON DE RETORTA",MERCANCIAS VARIAS,2010-05-25,NORMAL,ADMINISTRADOR
258,2705,"GAS DE HULLA,  GAS DE AGUA,  GAS POBRE Y GASES SIMILARES,  EXCEPTO EL GAS DE PETROLEO Y DEMAS HIDROCARBUROS GASEOSOS",MERCANCIAS VARIAS,2010-05-25,NORMAL,ADMINISTRADOR
259,2706,"ALQUITRANES DE HULLA,  DE LIGNITO O DE TURBA Y DEMAS ALQUITRANES MINERALES,  INCLUIDOS LOS DESHIDRATADOS O DESCABEZADOS,  Y LOS RECONSTITUIDOS",MERCANCIAS VARIAS,2010-05-25,NORMAL,ADMINISTRADOR
260,2707,ACEITES Y DEMAS PRODUCTOS DE LA DESTILACION DE LOS ALQUITRANES DE HULLA DE ALTA TEMPERATURA. PRODUCTOS ANALOGOS EN LOS QUE LOS COMPUESTOS AROMATICOS PREDOMINEN EN PESO SOBRE LOS NO AROMATICOS,MERCANCIAS VARIAS,2010-05-25,NORMAL,ADMINISTRADOR
261,2708,"BREA Y COQUE DE BREA,  DE ALQUITRAN DE HULLA O DE OTROS ALQUITRANES MINERALES",MERCANCIAS VARIAS,2010-05-25,NORMAL,ADMINISTRADOR
262,2709,ACEITES CRUDOS DE PETROLEO O DE MINERALES BITUMINOSOS,MERCANCIAS VARIAS,2010-05-25,NORMAL,ADMINISTRADOR
263,271012,"ACEITES DE PETROLEO O DE MINERALES BITUMINOSOS, EXCEPTO LOS ACEITES CRUDOS. PREPARACIONES N.C.O.P. CON UN CONTENIDO DE ACEITES DE PETROLEO O DE MINERALES BITUMINOSOS >= AL 70 % EN PESO,  EN LAS QUE ESTOS ACEITES CONSTITUYAN EL ELEMENTO BASE",MERCANCIAS VARIAS,2010-05-25,NORMAL,ADMINISTRADOR
264,2711,GAS DE PETROLEO Y DEMAS HIDROCARBUROS GASEOSOS,MERCANCIAS VARIAS,2010-05-25,NORMAL,ADMINISTRADOR
265,2712,"VASELINA. PARAFINA,  CERA DE PETROLEO MICROCRISTALINA,  <SLACK WAX>,  OZOQUERITA,  CERA DE LIGNITO,  CERA DE TURBA Y DEMAS CERAS MINERALES Y PRODUCTOS SIMILARES OBTENIDOS POR SINTESIS O POR OTROS PROCEDIMIENTOS,  INCLUSO COLOREADOS",MERCANCIAS VARIAS,2010-05-25,NORMAL,ADMINISTRADOR
266,2713,"COQUE DE PETROLEO,  BETUN DE PETROLEO Y DEMAS RESIDUOS DE LOS ACEITES DE PETROLEO O DE MINERALES BITUMINOSOS",MERCANCIAS VARIAS,2010-05-25,NORMAL,ADMINISTRADOR
267,2714,BETUNES Y ASFALTOS NATURALES. PIZARRAS Y ARENAS BITUMINOSAS. ASFALTITAS Y ROCAS ASFALTICAS,MERCANCIAS VARIAS,2010-05-25,NORMAL,ADMINISTRADOR
268,2715,"MEZCLAS BITUMINOSAS A BASE DE ASFALTO O DE BETUN NATURALES,  DE BETUN DE PETROLEO,  DE ALQUITRAN MINERAL O DE BREA DE ALQUITRAN MINERAL (POR EJEMPLO MASTIQUES BITUMINOSOS Y <CUT BACKS>)",MERCANCIAS VARIAS,2010-05-25,NORMAL,ADMINISTRADOR
269,2716,ENERGIA ELECTRICA,MERCANCIAS VARIAS,2010-05-25,NORMAL,ADMINISTRADOR
270,2801,"FLUOR,  CLORO,  BROMO Y YODO",MERCANCIAS VARIAS,2010-05-25,NORMAL,ADMINISTRADOR
271,2802,AZUFRE SUBLIMADO O PRECIPITADO. AZUFRE COLOIDAL       -,MERCANCIAS VARIAS,2010-05-25,NORMAL,ADMINISTRADOR
272,2803,CARBONO (NEGROS DE HUMO Y OTRAS FORMAS DE CARBONO NO EXPRESADAS NI COMPRENDIDAS EN OTRAS PARTIDAS),MERCANCIAS VARIAS,2010-05-25,NORMAL,ADMINISTRADOR
273,2804,"HIDROGENO,  GASES NOBLES Y DEMAS ELEMENTOS NO METALICOS",MERCANCIAS VARIAS,2010-05-25,NORMAL,ADMINISTRADOR
274,2805,"METALES ALCALINOS O ALCALINOTERREOS. METALES DE LAS TIERRAS RARAS,  ESCANDIO E ITRIO,  INCLUSO MEZCLADOS O ALEADOS ENTRE SI. MERCURIO",MERCANCIAS VARIAS,2010-05-25,NORMAL,ADMINISTRADOR
275,2806,CLORURO DE HIDROGENO (ACIDO CLORHIDRICO). ACIDO CLOROSULFURICO,MERCANCIAS VARIAS,2010-05-25,NORMAL,ADMINISTRADOR
276,2807,ACIDO SULFURICO. OLEUM,MERCANCIAS VARIAS,2010-05-25,NORMAL,ADMINISTRADOR
277,2808,ACIDO NITRICO. ACIDOS SULFONITRICOS,MERCANCIAS VARIAS,2010-05-25,NORMAL,ADMINISTRADOR
278,2809,PENTAOXIDO DE DIFOSFORO. ACIDO FOSFORICO Y ACIDOS POLIFOSFORICOS,MERCANCIAS VARIAS,2010-05-25,NORMAL,ADMINISTRADOR
279,2810,OXIDOS DE BORO. ACIDOS BORICOS,MERCANCIAS VARIAS,2010-05-25,NORMAL,ADMINISTRADOR
280,2811,LOS DEMAS ACIDOS INORGANICOS Y LOS DEMAS COMPUESTOS OXIGENADOS INORGANICOS DE LOS ELEMENTOS NO METALICOS,MERCANCIAS VARIAS,2010-05-25,NORMAL,ADMINISTRADOR
281,2812,HALOGENUROS Y OXIHALOGENUROS DE LOS ELEMENTOS NO METALICOS,MERCANCIAS VARIAS,2010-05-25,NORMAL,ADMINISTRADOR
282,2813,SULFUROS DE LOS ELEMENTOS NO METALICOS. TRISULFURO DE FOSFORO COMERCIAL,MERCANCIAS VARIAS,2010-05-25,NORMAL,ADMINISTRADOR
283,2814,AMONIACO ANHIDRO O EN DISOLUCION ACUOSA,MERCANCIAS VARIAS,2010-05-25,NORMAL,ADMINISTRADOR
284,2815,HIDROXIDO DE SODIO (SODA CAUSTICA). HIDROXIDO DE POTASIO (POTASA CAUSTICA). PEROXIDOS DE SODIO O DE POTASIO,MERCANCIAS VARIAS,2010-05-25,NORMAL,ADMINISTRADOR
285,2816,"HIDROXIDO Y PEROXIDO DE MAGNESIO. OXIDOS,  HIDROXIDOS Y PEROXIDOS,  DE ESTRONCIO O DE BARIO",MERCANCIAS VARIAS,2010-05-25,NORMAL,ADMINISTRADOR
286,2817,OXIDO DE CINC. PEROXIDO DE CINC,MERCANCIAS VARIAS,2010-05-25,NORMAL,ADMINISTRADOR
287,2818,"CORINDON ARTIFICIAL,  AUNQUE NO SEA QUIMICAMENTE DEFINIDO. OXIDO DE ALUMINIO. HIDROXIDO DE ALUMINIO",MERCANCIAS VARIAS,2010-05-25,NORMAL,ADMINISTRADOR
288,2819,OXIDOS E HIDROXIDOS DE CROMO,MERCANCIAS VARIAS,2010-05-25,NORMAL,ADMINISTRADOR
289,2820,OXIDOS DE MANGANESO,MERCANCIAS VARIAS,2010-05-25,NORMAL,ADMINISTRADOR
290,2821,"OXIDOS E HIDROXIDOS DE HIERRO. TIERRAS COLORANTES CON UN CONTENIDO DE HIERRO COMBINADO,  EXPRESADO EN FE2O3,  EN PESO,  SUPERIOR O IGUAL AL 70 %",MERCANCIAS VARIAS,2010-05-25,NORMAL,ADMINISTRADOR
291,2822,OXIDOS E HIDROXIDOS DE COBALTO. OXIDOS DE COBALTO COMERCIALES,MERCANCIAS VARIAS,2010-05-25,NORMAL,ADMINISTRADOR
292,2823,OXIDOS DE TITANIO,MERCANCIAS VARIAS,2010-05-25,NORMAL,ADMINISTRADOR
293,2824,OXIDO DE PLOMO. MINIO Y MINIO ANARANJADO,MERCANCIAS VARIAS,2010-05-25,NORMAL,ADMINISTRADOR
294,2825,"HIDRAZINA E HIDROXILAMINA Y SUS SALES INORGANICAS. LAS DEMAS BASES INORGANICAS. LOS DEMAS OXIDOS,  HIDROXIDOS Y PEROXIDOS DE METALES",MERCANCIAS VARIAS,2010-05-25,NORMAL,ADMINISTRADOR
295,2826,"FLUORUROS. FLUOROSILICATOS,  FLUOROALUMINATOS Y DEMAS SALES COMPLEJAS DE FLUOR",MERCANCIAS VARIAS,2010-05-25,NORMAL,ADMINISTRADOR
296,2827,"CLORUROS,  OXICLORUROS E HIDROXICLORUROS. BROMUROS Y OXIBROMUROS. YODUROS Y OXIYODUROS",MERCANCIAS VARIAS,2010-05-25,NORMAL,ADMINISTRADOR
297,2828,HIPOCLORITOS. HIPOCLORITO DE CALCIO COMERCIAL. CLORITOS. HIPOBROMITOS,MERCANCIAS VARIAS,2010-05-25,NORMAL,ADMINISTRADOR
298,2829,CLORATOS Y PERCLORATOS. BROMATOS Y PERBROMATOS. YODATOS Y PERYODATOS,MERCANCIAS VARIAS,2010-05-25,NORMAL,ADMINISTRADOR
299,2830,SULFUROS. POLISULFUROS,MERCANCIAS VARIAS,2010-05-25,NORMAL,ADMINISTRADOR
300,2831,DITIONITOS Y SULFOXILATOS,MERCANCIAS VARIAS,2010-05-25,NORMAL,ADMINISTRADOR
301,2832,SULFITOS. TIOSULFATOS,MERCANCIAS VARIAS,2010-05-25,NORMAL,ADMINISTRADOR
302,2833,SULFATOS. ALUMBRES. PEROXOSULFATOS (PERSULFATOS),MERCANCIAS VARIAS,2010-05-25,NORMAL,ADMINISTRADOR
303,2834,NITRITOS. NITRATOS,MERCANCIAS VARIAS,2010-05-25,NORMAL,ADMINISTRADOR
304,2835,"FOSFINATOS (HIPOFOSFITOS),  FOSFONATOS (FOSFITOS),  FOSFATOS Y POLIFOSFATOS",MERCANCIAS VARIAS,2010-05-25,NORMAL,ADMINISTRADOR
305,2836,CARBONATOS. PEROXOCARBONATOS (PERCARBONATOS). CARBONATO DE AMONIO COMERCIAL QUE CONTENGA CARBAMATO DE AMONIO,MERCANCIAS VARIAS,2010-05-25,NORMAL,ADMINISTRADOR
306,2837,"CIANUROS,  OXICIANUROS Y CIANUROS COMPLEJOS",MERCANCIAS VARIAS,2010-05-25,PELIGROSA,ADMINISTRADOR
307,2838,"FULMINATOS,  CIANATOS Y TIOCIANATOS",MERCANCIAS VARIAS,2010-05-25,NORMAL,ADMINISTRADOR
308,2839,SILICATOS. SILICATOS COMERCIALES DE LOS METALES ALCALINOS,MERCANCIAS VARIAS,2010-05-25,NORMAL,ADMINISTRADOR
309,2840,BORATOS. PEROXOBORATOS (PERBORATOS),MERCANCIAS VARIAS,2010-05-25,NORMAL,ADMINISTRADOR
310,2841,SALES DE LOS ACIDOS OXOMETALICOS O PEROXOMETALICOS,MERCANCIAS VARIAS,2010-05-25,NORMAL,ADMINISTRADOR
311,2842,"LAS DEMAS SALES DE LOS ACIDOS O PEROXOACIDOS INORGANICOS,  CON EXCLUSION DE LOS AZIDUROS (AZIDAS)",MERCANCIAS VARIAS,2010-05-25,NORMAL,ADMINISTRADOR
312,2843,"METALES PRECIOSOS EN ESTADO COLOIDAL. COMPUESTOS INORGANICOS U ORGANICOS DE METALES PRECIOSOS,  AUNQUE NO SEAN DE CONSTITUCION QUIMICA DEFINIDA. AMALGAMAS DE METALES PRECIOSOS",MERCANCIAS VARIAS,2010-05-25,NORMAL,ADMINISTRADOR
313,2844,ELEMENTOS QUIMICOS RADIACTIVOS E ISOTOPOS RADIACTIVOS (INCLUIDOS LOS ELEMENTOS QUIMICOS E ISOTOPOS FISIONABLES O FERTILES) Y SUS COMPUESTOS. MEZCLAS Y RESIDUOS QUE CONTENGAN ESTOS PRODUCTOS,MERCANCIAS VARIAS,2010-05-25,NORMAL,ADMINISTRADOR
314,2845,"ISOTOPOS,  EXCEPTO LOS DE LA PARTIDA 2844. SUS COMPUESTOS INORGANICOS U ORGANICOS,  AUNQUE NO SEAN DE CONSTITUCION QUIMICA DEFINIDA",MERCANCIAS VARIAS,2010-05-25,NORMAL,ADMINISTRADOR
315,2846,"COMPUESTOS INORGANICOS U ORGANICOS,  DE LOS METALES DE LAS TIERRAS RARAS,  DEL ITRIO,  DEL ESCANDIO O DE LAS MEZCLAS DE ESTOS METALES",MERCANCIAS VARIAS,2010-05-25,NORMAL,ADMINISTRADOR
316,2847,"PEROXIDO DE HIDROGENO (AGUA OXIGENADA),  INCLUSO SOLIDIFICADO CON UREA",MERCANCIAS VARIAS,2010-05-25,NORMAL,ADMINISTRADOR
317,2848,"FOSFUROS, AUNQUE NO SEAN DE CONSTITUCION QUIMICA DEFINIDA, EXCEPTO LOS FERROFOSFOROS",MERCANCIAS VARIAS,2010-05-25,NORMAL,ADMINISTRADOR
318,2849,"CARBUROS,  AUNQUE NO SEAN DE CONSTITUCION QUIMICA DEFINIDA",MERCANCIAS VARIAS,2010-05-25,NORMAL,ADMINISTRADOR
319,2850,"HIDRUROS,  NITRUROS,  AZIDUROS (AZIDAS),  SILICIUROS Y BORUROS,  AUNQUE NO SEAN DE CONSTITUCION QUIMICA DEFINIDA,  EXCEPTO LOS COMPUESTOS QUE CONSISTAN IGUALMENTE EN CARBUROS DE LA PARTIDA 2849",MERCANCIAS VARIAS,2010-05-25,NORMAL,ADMINISTRADOR
320,2851,"LOS DEMAS COMPUESTOS INORGANICOS (INCLUIDA EL AGUA DESTILADA,  DE CONDUCTIBILIDAD O DEL MISMO GRADO DE PUREZA). AIRE LIQUIDO,  AUNQUE SE LE HAYAN ELIMINADO LOS GASES NOBLES. AIRE COMPRIMIDO. AMALGAMAS,  EXCEPTO LAS DE METALES PRECIOSOS",MERCANCIAS VARIAS,2010-05-25,NORMAL,ADMINISTRADOR
321,2901,HIDROCARBUROS ACICLICOS,MERCANCIAS VARIAS,2010-05-25,NORMAL,ADMINISTRADOR
322,2902,HIDROCARBUROS CICLICOS,MERCANCIAS VARIAS,2010-05-25,NORMAL,ADMINISTRADOR
323,2903,DERIVADOS HALOGENADOS DE LOS HIDROCARBUROS,MERCANCIAS VARIAS,2010-05-25,NORMAL,ADMINISTRADOR
324,2904,"DERIVADOS SULFONADOS,  NITRADOS O NITROSADOS DE LOS HIDROCARBUROS,  INCLUSO HALOGENADOS",MERCANCIAS VARIAS,2010-05-25,NORMAL,ADMINISTRADOR
325,2905,"ALCOHOLES ACICLICOS Y SUS DERIVADOS HALOGENADOS,  SULFONADOS,  NITRADOS O NITROSADOS",MERCANCIAS VARIAS,2010-05-25,NORMAL,ADMINISTRADOR
326,2906,"ALCOHOLES CICLICOS Y SUS DERIVADOS HALOGENADOS,  SULFONADOS,  NITRADOS O NITROSADOS",MERCANCIAS VARIAS,2010-05-25,NORMAL,ADMINISTRADOR
327,2907,FENOLES. FENOLES-ALCOHOLES,MERCANCIAS VARIAS,2010-05-25,NORMAL,ADMINISTRADOR
328,2908,"DERIVADOS HALOGENADOS,  SULFONADOS,  NITRADOS O NITROSADOS,  DE LOS FENOLES O DE LOS FENOLES-ALCOHOLES",MERCANCIAS VARIAS,2010-05-25,NORMAL,ADMINISTRADOR
329,2909,"ETERES,  ETERES-ALCOHOLES,  ETERES-FENOLES,  ETERES-ALCOHOLES-FENOLES,  PEROXIDOS DE ALCOHOLES,  PEROXIDOS DE ETERES,  PEROXIDOS DE CETONAS (AUNQUE NO SEAN DE CONSTITUCION QUIMICA DEFINIDA),  Y SUS DERIVADOS HALOGENADOS,  SULFONADOS,  NITRADOS O NITROSADOS",MERCANCIAS VARIAS,2010-05-25,NORMAL,ADMINISTRADOR
330,2910,"EPOXIDOS,  EPOXIALCOHOLES,  EPOXIFENOLES Y EPOXIETERES,  CON TRES ATOMOS EN EL CICLO,  Y SUS DERIVADOS HALOGENADOS,  SULFONADOS,  NITRADOS O NITROSADOS",MERCANCIAS VARIAS,2010-05-25,NORMAL,ADMINISTRADOR
331,2911,"ACETALES Y SEMIACETALES,  INCLUSO CON OTRAS FUNCIONES OXIGENADAS,  Y SUS DERIVADOS HALOGENADOS,  SULFONADOS,  NITRADOS O NITROSADOS V. COMPUESTOS CON FUNCI?N ALDEH?DO",MERCANCIAS VARIAS,2010-05-25,NORMAL,ADMINISTRADOR
332,2912,"ALDEHIDOS,  INCLUSO CON OTRAS FUNCIONES OXIGENADAS. POLIMEROS CICLICOS DE LOS ALDEHIDOS. PARAFORMALDEHIDO",MERCANCIAS VARIAS,2010-05-25,NORMAL,ADMINISTRADOR
333,2913,"DERIVADOS HALOGENADOS,  SULFONADOS,  NITRADOS O NITROSADOS DE LOS PRODUCTOS DE LA PARTIDA 2912",MERCANCIAS VARIAS,2010-05-25,NORMAL,ADMINISTRADOR
334,2914,"CETONAS Y QUINONAS,  INCLUSO CON OTRAS FUNCIONES OXIGENADAS,  Y SUS DERIVADOS HALOGENADOS,  SULFONADOS,  NITRADOS O NITROSADOS",MERCANCIAS VARIAS,2010-05-25,NORMAL,ADMINISTRADOR
335,2915,"ACIDOS MONOCARBOXILICOS ACICLICOS SATURADOS Y SUS ANHIDRIDOS,  HALOGENUROS,  PEROXIDOS Y PEROXIACIDOS. SUS DERIVADOS HALOGENADOS,  SULFONADOS,  NITRADOS O NITROSADOS",MERCANCIAS VARIAS,2010-05-25,NORMAL,ADMINISTRADOR
336,2916,"ACIDOS MONOCARBOXILICOS ACICLICOS NO SATURADOS Y ACIDOS MONOCARBOXILICOS CICLICOS,  SUS ANHIDRIDOS,  HALOGENUROS,  PEROXIDOS Y PEROXIACIDOS. SUS DERIVADOS HALOGENADOS,  SULFONADOS,  NITRADOS O NITROSADOS",MERCANCIAS VARIAS,2010-05-25,NORMAL,ADMINISTRADOR
337,2917,"ACIDOS POLICARBOXILICOS,  SUS ANHIDRIDOS,  HALOGENUROS,  PEROXIDOS Y PEROXIACIDOS. SUS DERIVADOS HALOGENADOS,  SULFONADOS,  NITRADOS O NITROSADOS",MERCANCIAS VARIAS,2010-05-25,NORMAL,ADMINISTRADOR
338,2918,"ACIDOS CARBOXILICOS CON FUNCIONES OXIGENADAS SUPLEMENTARIAS Y SUS ANHIDRIDOS,  HALOGENUROS,  PEROXIDOS Y PEROXIACIDOS. SUS DERIVADOS HALOGENADOS,  SULFONADOS,  NITRADOS O NITROSADOS",MERCANCIAS VARIAS,2010-05-25,NORMAL,ADMINISTRADOR
339,2919,"ESTERES FOSFORICOS Y SUS SALES,  INCLUIDOS LOS LACTOFOSFATOS. SUS DERIVADOS HALOGENADOS,  SULFONADOS,  NITRADOS O NITROSADOS",MERCANCIAS VARIAS,2010-05-25,NORMAL,ADMINISTRADOR
340,2920,"ESTERES DE LOS DEMAS ACIDOS INORGANICOS (CON EXCLUSION DE LOS ESTERES DE HALOGENUROS DE HIDROGENO) Y SUS SALES. SUS DERIVADOS HALOGENADOS,  SULFONADOS,  NITRADOS O NITROSADOS",MERCANCIAS VARIAS,2010-05-25,NORMAL,ADMINISTRADOR
341,2921,COMPUESTOS CON FUNCION AMINA,MERCANCIAS VARIAS,2010-05-25,NORMAL,ADMINISTRADOR
342,2922,COMPUESTOS AMINADOS CON FUNCIONES OXIGENADAS,MERCANCIAS VARIAS,2010-05-25,NORMAL,ADMINISTRADOR
343,2923,SALES E HIDROXIDOS DE AMONIO CUATERNARIO. LECITINAS Y OTROS FOSFOAMINOLIPIDOS,MERCANCIAS VARIAS,2010-05-25,NORMAL,ADMINISTRADOR
344,2924,COMPUESTOS CON FUNCION CARBOXIAMIDA. COMPUESTOS CON FUNCION AMIDA DEL ACIDO CARBONICO,MERCANCIAS VARIAS,2010-05-25,NORMAL,ADMINISTRADOR
345,2925,COMPUESTOS CON FUNCION CARBOXIIMIDA (INCLUIDA LA SACARINA Y SUS SALES) O CON FUNCION IMINA,MERCANCIAS VARIAS,2010-05-25,NORMAL,ADMINISTRADOR
346,2926,COMPUESTOS CON FUNCION NITRILO,MERCANCIAS VARIAS,2010-05-25,NORMAL,ADMINISTRADOR
347,2927,"COMPUESTOS DIAZOICOS,  AZOICOS O AZOXI",MERCANCIAS VARIAS,2010-05-25,NORMAL,ADMINISTRADOR
348,2928,DERIVADOS ORGANICOS DE LA HIDRAZINA O DE LA HIDROXILAMINA,MERCANCIAS VARIAS,2010-05-25,NORMAL,ADMINISTRADOR
349,2929,COMPUESTOS CON OTRAS FUNCIONES NITROGENADAS,MERCANCIAS VARIAS,2010-05-25,NORMAL,ADMINISTRADOR
350,2930,TIOCOMPUESTOS ORGANICOS,MERCANCIAS VARIAS,2010-05-25,NORMAL,ADMINISTRADOR
351,2931,LOS DEMAS COMPUESTOS ORGANO-INORGANICOS,MERCANCIAS VARIAS,2010-05-25,NORMAL,ADMINISTRADOR
352,2932,COMPUESTOS HETEROCICLICOS CON HETEROATOMO(S) DE OXIGENO EXCLUSIVAMENTE,MERCANCIAS VARIAS,2010-05-25,NORMAL,ADMINISTRADOR
353,2933,COMPUESTOS HETEROCICLICOS CON HETEROATOMO(S) DE NITROGENO EXCLUSIVAMENTE,MERCANCIAS VARIAS,2010-05-25,NORMAL,ADMINISTRADOR
354,2934,ACIDOS NUCLEICOS Y SUS SALES. LOS DEMAS COMPUESTOS HETEROCICLICOS,MERCANCIAS VARIAS,2010-05-25,NORMAL,ADMINISTRADOR
355,2935,SULFONAMIDAS,MERCANCIAS VARIAS,2010-05-25,NORMAL,ADMINISTRADOR
356,2936,"PROVITAMINAS Y VITAMINAS,  NATURALES O REPRODUCIDAS POR SINTESIS (INCLUIDOS LOS CONCENTRADOS NATURALES),  Y SUS DERIVADOS UTILIZADOS PRINCIPALMENTE COMO VITAMINAS,  MEZCLADOS O NO ENTRE SI O EN DISOLUCIONES DE CUALQUIER CLASE",MERCANCIAS VARIAS,2010-05-25,NORMAL,ADMINISTRADOR
357,2937,"HORMONAS,  NATURALES O REPRODUCIDAS POR SINTESIS. SUS DERIVADOS UTILIZADOS PRINCIPALMENTE COMO HORMONAS. LOS DEMAS ESTEROIDES UTILIZADOS PRINCIPALMENTE COMO HORMONAS",MERCANCIAS VARIAS,2010-05-25,NORMAL,ADMINISTRADOR
358,2938,"HETEROSIDOS,  NATURALES O REPRODUCIDOS POR SINTESIS,  SUS SALES,  ETERES,  ESTERES Y DEMAS DERIVADOS",MERCANCIAS VARIAS,2010-05-25,NORMAL,ADMINISTRADOR
359,2939,"ALCALOIDES VEGETALES,  NATURALES O REPRODUCIDOS POR SINTESIS,  SUS SALES,  ETERES,  ESTERES Y DEMAS DERIVADOS",MERCANCIAS VARIAS,2010-05-25,NORMAL,ADMINISTRADOR
360,2940,"AZUCARES QUIMICAMENTE PUROS,  CON EXCEPCION DE LA SACAROSA,  LACTOSA,  MALTOSA,  GLUCOSA Y FRUCTOSA (LEVULOSA). ETERES Y ESTERES DE LOS AZUCARES Y SUS SALES,  EXCEPTO LOS PRODUCTOS DE LAS PARTIDAS 2937,  2938 O 2939",MERCANCIAS VARIAS,2010-05-25,NORMAL,ADMINISTRADOR
361,2941,ANTIBIOTICOS,MERCANCIAS VARIAS,2010-05-25,NORMAL,ADMINISTRADOR
362,2942,LOS DEMAS COMPUESTOS ORGANICOS,MERCANCIAS VARIAS,2010-05-25,NORMAL,ADMINISTRADOR
363,3001,"GLANDULAS Y DEMAS ORGANOS PARA USOS OPOTERAPICOS,  DESECADOS,  INCLUSO PULVERIZADOS. ...,  Y LAS DEMAS SUSTANCIAS HUMANAS O ANIMALES PREPARADAS PARA USOS TERAPEUTICOS O PROFILACTICOS",MERCANCIAS VARIAS,2010-05-25,NORMAL,ADMINISTRADOR
364,3002,"SANGRE HUMANA. SANGRE ANIMAL PREPARADA PARA USOS TERAPEUTICOS,  PROFILACTICOS O DE DIAGNOSTICO. ANTISUEROS (SUEROS CON ANTICUERPOS), ... .VACUNAS,  TOXINAS,  CULTIVOS DE MICROORGANISMOS Y PRODUCTOS SIMILARES",MERCANCIAS VARIAS,2010-05-25,NORMAL,ADMINISTRADOR
365,3003,"MEDICAMENTOS (CON EXCLUSION DE LOS PRODUCTOS DE LAS PARTIDAS 3002,  3005 O 3006) CONSTITUIDOS POR PRODUCTOS MEZCLADOS ENTRE SI PREPARADOS PARA USOS TERAPEUTICOS O PROFILACTICOS,  SIN DOSIFICAR NI ACONDICIONAR PARA LA VENTA AL POR MENOR",MERCANCIAS VARIAS,2010-05-25,NORMAL,ADMINISTRADOR
366,3004,"MEDICAMENTOS (CON EXCLUSION DE LOS PRODUCTOS DE LAS PARTIDAS 3002,  3005 O 3006) CONSTITUIDOS POR PRODUCTOS MEZCLADOS O SIN MEZCLAR,  PREPARADOS PARA USOS TERAPEUTICOS O PROFILACTICOS,  DOSIFICADOS O ACONDICIONADOS PARA LA VENTA AL POR MENOR",MERCANCIAS VARIAS,2010-05-25,NORMAL,ADMINISTRADOR
367,3005,"GUATAS,  GASAS,  VENDAS Y ARTICULOS ANALOGOS (POR EJEMPLO APOSITOS,  ESPARADRAPOS,  SINAPISMOS),  IMPREGNADOS O RECUBIERTOS DE SUSTANCIAS FARMACEUTICAS O ACONDICIONADOS PARA LA VENTA AL POR MENOR CON FINES MEDICOS,  QUIRURGICOS,  ODONTOLOGICOS O VETERINARI",MERCANCIAS VARIAS,2010-05-25,NORMAL,ADMINISTRADOR
368,3006,PREPARACIONES Y ARTICULOS FARMACEUTICOS A QUE SE REFIERE LA NOTA 4 DEL CAPITULO,MERCANCIAS VARIAS,2010-05-25,NORMAL,ADMINISTRADOR
369,3101,"ABONOS DE ORIGEN ANIMAL O VEGETAL,  INCLUSO MEZCLADOS ENTRE SI O TRATADOS QUIMICAMENTE. ABONOS PROCEDENTES DE LA MEZCLA O DEL TRATAMIENTO QUIMICO DE PRODUCTOS DE ORIGEN ANIMAL O VEGETAL",MERCANCIAS VARIAS,2010-05-25,NORMAL,ADMINISTRADOR
370,3102,ABONOS MINERALES O QUIMICOS NITROGENADOS,MERCANCIAS VARIAS,2010-05-25,NORMAL,ADMINISTRADOR
371,3103,ABONOS MINERALES O QUIMICOS FOSFATADOS,MERCANCIAS VARIAS,2010-05-25,NORMAL,ADMINISTRADOR
372,3104,ABONOS MINERALES O QUIMICOS POTASICOS,MERCANCIAS VARIAS,2010-05-25,NORMAL,ADMINISTRADOR
373,3105,"ABONOS MINERALES O QUIMICOS,  CON DOS O TRES DE LOS ELEMENTOS FERTILIZANTES NITROGENO,  FOSFORO Y POTASIO. LOS DEMAS ABONOS. PRODUCTOS DE ESTE CAPITULO EN TABLETAS O FORMAS SIMILARES O EN ENVASES DE UN PESO BRUTO INFERIOR O IGUAL A 10 KG",MERCANCIAS VARIAS,2010-05-25,NORMAL,ADMINISTRADOR
374,3201,"EXTRACTOS CURTIENTES DE ORIGEN VEGETAL. TANINOS Y SUS SALES,  ETERES,  ESTERES Y DEMAS DERIVADOS",MERCANCIAS VARIAS,2010-05-25,NORMAL,ADMINISTRADOR
375,3202,"PRODUCTOS CURTIENTES ORGANICOS SINTETICOS. PRODUCTOS CURTIENTES INORGANICOS. PREPARACIONES CURTIENTES,  INCLUSO CON PRODUCTOS CURTIENTES NATURALES. PREPARACIONES ENZIMATICAS PARA PRECURTIDO",MERCANCIAS VARIAS,2010-05-25,NORMAL,ADMINISTRADOR
376,3203,"MATERIAS COLORANTES DE ORIGEN VEGETAL O ANIMAL(INCLUIDOS LOS EXTRACTOS TINTOREOS,  CON EXCLUSION DE LOS NEGROS DE ORIGEN ANIMAL),  AUNQUE SEAN DE CONSTITUCION QUIMICA DEFINIDA. PREPARACIONES,  A BASE DE MATERIAS DE ORIGEN VEGETAL O ANIMAL",MERCANCIAS VARIAS,2010-05-25,NORMAL,ADMINISTRADOR
377,3204,"MATERIAS COLORANTES ORGANICAS SINTETICAS,  AUNQUE SEAN DE CONSTITUCION QUIMICA DEFINIDA. .... PRODUCTOS ORGANICOS SINTETICOS DEL TIPO UTILIZADOS PARA EL AVIVADO FLUORESCENTE, ...",MERCANCIAS VARIAS,2010-05-25,NORMAL,ADMINISTRADOR
378,3205,LACAS COLORANTES. PREPARACIONES A QUE SE REFIERE LA NOTA 3 DE ESTE CAPITULO A BASE DE LACAS COLORANTES,MERCANCIAS VARIAS,2010-05-25,NORMAL,ADMINISTRADOR
379,3206,"LAS DEMAS MATERIAS COLORANTES. PREPARACIONES A QUE SE REFIERE LA NOTA 3 DE ESTE CAPITULO,  EXCEPTO LAS DE LAS PARTIDAS 3203,  3204 O 3205. PRODUCTOS INORGANICOS DEL TIPO DE LOS UTILIZADOS COMO LUMINOFOROS,  AUNQUE SEAN DE CONSTITUCION QUIMICA DEFINIDA",MERCANCIAS VARIAS,2010-05-25,NORMAL,ADMINISTRADOR
380,3207,"PIGMENTOS,  OPACIFICANTES Y COLORES PREPARADOS, COMPOSICIONES VITRIFICABLES, Y PREPARACIONES SIMILARES DE LAS UTILIZADOS EN CERAMICA,  ESMALTADO O EN LA INDUSTRIA DEL VIDRIO. FRITA DE VIDRIO Y DEMAS VIDRIOS,  EN POLVO,  GRANULOS,  LAMINILLAS O ESCAMAS",MERCANCIAS VARIAS,2010-05-25,NORMAL,ADMINISTRADOR
381,3208,"PINTURAS Y BARNICES A BASE DE POLIMEROS SINTETICOS O NATURALES MODIFICADOS,  DISPERSOS O DISUELTOS EN UN MEDIO NO ACUOSO. DISOLUCIONES DEFINIDAS EN LA NOTA 4 DEL CAPITULO",MERCANCIAS VARIAS,2010-05-25,NORMAL,ADMINISTRADOR
382,3209,"PINTURAS Y BARNICES A BASE DE POLIMEROS SINTETICOS O NATURALES MODIFICADOS,  DISPERSOS O DISUELTOS EN UN MEDIO ACUOSO",MERCANCIAS VARIAS,2010-05-25,NORMAL,ADMINISTRADOR
383,3210,LAS DEMAS PINTURAS Y BARNICES. PIGMENTOS AL AGUA PREPARADOS DEL TIPO DE LOS UTILIZADOS PARA EL ACABADO DEL CUERO,MERCANCIAS VARIAS,2010-05-25,NORMAL,ADMINISTRADOR
384,3211,SECATIVOS PREPARADOS,MERCANCIAS VARIAS,2010-05-25,NORMAL,ADMINISTRADOR
385,3212,"PIGMENTOS (INCLUIDOS EL POLVO Y LAS LAMINILLASMETALICOS) DISPERSOS EN MEDIOS NO ACUOSOS,  LIQUIDOS O EN PASTA,  DE LOS EN LA FABRICACION DE PINTURAS. HOJAS PARA EL MARCADO A FUEGO. TINTES Y DEMAS MATERIAS COLORANTES PARA LA VENTA AL POR MENOR",MERCANCIAS VARIAS,2010-05-25,NORMAL,ADMINISTRADOR
386,3213,"COLORES PARA LA PINTURA ARTISTICA,  LA ENSE?ANZA,  LA PINTURA DE LETREROS,  PARA MATIZAR O PARA ENTRETENIMIENTO Y COLORES SIMILARES,  EN PASTILLAS,  TUBOS,  BOTES,  FRASCOS,  CUBILETES Y DEMAS ENVASES O PRESENTACIONES SIMILARES",MERCANCIAS VARIAS,2010-05-25,NORMAL,ADMINISTRADOR
387,3214,"MASILLA,  CEMENTOS DE RESINA Y OTROS MASTIQUES. PLASTES DE RELLENO UTILIZADOS EN PINTURA. PLASTES NO REFRACTARIOS DE LOS TIPOS UTILIZADOS EN ALBA?ILERIA",MERCANCIAS VARIAS,2010-05-25,NORMAL,ADMINISTRADOR
388,3215,"TINTAS DE IMPRENTA,  TINTAS PARA ESCRIBIR O DIBUJAR Y DEMAS TINTAS,  INCLUSO CONCENTRADAS O SOLIDAS",MERCANCIAS VARIAS,2010-05-25,NORMAL,ADMINISTRADOR
389,3301,"ACEITES ESENCIALES (DESTERPENADOS O NO),  INCLUIDOS LOS <CONCRETOS> O <ABSOLUTOS>. RESINOIDES. OLEORRESINAS DE EXTRACCION. DISOLUCIONES CONCENTRADAS DE ACEITES ESENCIALES,  ...",MERCANCIAS VARIAS,2010-05-25,NORMAL,ADMINISTRADOR
390,3302,"MEZCLAS DE SUSTANCIAS ODORIFERAS Y MEZCLAS A BASE DE UNA O VARIAS SUSTANCIAS,  DEL TIPO UTILIZADO DE MATERIAS BASICAS PARA LAS INDUSTRIAS,  O DEL TIPO DE LAS UTILIZADAS PARA LA INDUSTRIA DE LA BEBIDA",MERCANCIAS VARIAS,2010-05-25,NORMAL,ADMINISTRADOR
391,3303,PERFUMES Y AGUAS DE TOCADOR,MERCANCIAS VARIAS,2010-05-25,NORMAL,ADMINISTRADOR
392,3304,"PREPARACIONES DE BELLEZA,  DE MAQUILLAJE Y PARA EL CUIDADO DE LA PIEL,  EXCEPTO LOS MEDICAMENTOS,  INCLUIDAS LAS PREPARACIONES ANTISOLARES Y BRONCEADORAS. PREPARACIONES PARA MANICURAS O PEDICUROS",MERCANCIAS VARIAS,2010-05-25,NORMAL,ADMINISTRADOR
393,3305,PREPARACIONES CAPILARES,MERCANCIAS VARIAS,2010-05-25,NORMAL,ADMINISTRADOR
394,3306,"PREPARACIONES PARA LA HIGIENE BUCAL O DENTAL,  INCLUIDOS LOS POLVOS Y CREMAS PARA LA ADHERENCIA DE LAS DENTADURAS. HILO UTILIZADO PARA LA LIMPIEZA DE LOS ESPACIOS INTERDENTALES (HILO DENTAL) ACONDICIONADO PARA LA VENTA AL POR MENOR AL USUARIO",MERCANCIAS VARIAS,2010-05-25,NORMAL,ADMINISTRADOR
395,3307,"PREPARACIONES PARA AFEITAR O PARA ANTES O DESPUES DEL AFEITADO,  DESODORANTES CORPORALES,  PREPARACIONES PARA EL BA?O,  DEPILATORIOS Y DEMAS PREPARACIONES DE PERFUMERIAS N.C.O.P.. PREPARACIONES DESODORANTES DE LOCALES,  INCLUSO SIN PERFUMAR",MERCANCIAS VARIAS,2010-05-25,NORMAL,ADMINISTRADOR
396,3401,"JABON. PRODUCTOS TENSOACTIVOS USADOS COMO JABON,  EN BARRAS,  PANES O TROZOS,  O EN PIEZAS TROQUELADAS O MOLDEADAS,  AUNQUE CONTENGAN JABON. PAPEL,  GUATA,  FIELTRO Y TELA SIN TEJER,  IMPREGNADOS,  RECUBIERTOS O REVESTIDOS DE JABON O DE DETERGENTES",MERCANCIAS VARIAS,2010-05-25,NORMAL,ADMINISTRADOR
397,3402,"AGENTES DE SUPERFICIE ORGANICOS (EXCEPTO EL JABON). PREPARACIONES TENSOACTIVAS,  PREPARACIONES PARA LAVAR (INCLUIDAS LAS PREPARACIONES AUXILIARES DE LAVADO) Y PREPARACIONES DE LIMPIEZA,  AUNQUE CONTENGAN JABON,  EXCEPTO LAS DE LA PARTIDA 3401",MERCANCIAS VARIAS,2010-05-25,NORMAL,ADMINISTRADOR
398,3403,PREPARACIONES LUBRICANTES Y PREPARACIONES DEL TIPO DE LAS UTILIZADAS PARA EL ENSIMADO DE MATERIAS O EL ACEITADO O ENSIMISMADO DE CUERO U OTRAS MATERIAS PLASTICAS,MERCANCIAS VARIAS,2010-05-25,NORMAL,ADMINISTRADOR
399,3404,CERAS ARTIFICIALES Y CERAS PREPARADAS,MERCANCIAS VARIAS,2010-05-25,NORMAL,ADMINISTRADOR
400,3405,"BETUNES Y CREMAS PARA EL CALZADO,  ENCAUSTICOS,  ABRILLANTADORES PARA CARROCERIAS,  VIDRIO,  O METAL,  PASTAS Y POLVOS PARA FREGAR CON PREPARACIONES SIMILARES,  CON EXCLUSION DE LAS CERAS DE LA PARTIDA 3404",MERCANCIAS VARIAS,2010-05-25,NORMAL,ADMINISTRADOR
401,3406,"VELAS,  CIRIOS Y ARTICULOS SIMILARES",MERCANCIAS VARIAS,2010-05-25,NORMAL,ADMINISTRADOR
402,3407,"PASTAS PARA MODELAR,  INCLUIDAS LAS PRESENTADAS PARA ENTRETENIMIENTO DE LOS NI?OS. PREPARACIONES LLAMADAS CERAS PARA ODONTOLOGIA PRESENTADAS EN ENVASES PARA LA VENTA AL MENOR. LAS DEMAS PREPARACIONES PARA ODONTOLOGIA A BASE DE YESO",MERCANCIAS VARIAS,2010-05-25,NORMAL,ADMINISTRADOR
403,3501,"CASEINA,  CASEINATOS Y DEMAS DERIVADOS DE LA CASEINA. COLAS DE CASEINA",MERCANCIAS VARIAS,2010-05-25,NORMAL,ADMINISTRADOR
404,3502,"ALBUMINAS (INCLUIDOS LOS CONCENTRADOS DE VARIAS PROTEINAS DE LACTOSUERO,  CON UN CONTENIDO DE PROTEINAS DE LACTOSUERO SUPERIOR AL 80 % EN PESO,  CALCULADO SOBRE MATERIA SECA),  ALBUMINATOS Y DEMAS DERIVADOS DE LAS ALBUMINAS",MERCANCIAS VARIAS,2010-05-25,NORMAL,ADMINISTRADOR
405,3503,"GELATINAS (AUNQUE SE PRESENTEN EN HOJAS CUADRADAS O RECTANGULARES,  INCLUSO TRABAJADAS EN LA SUPERFICIE O COLOREADAS) Y SUS DERIVADOS. ICTIOCOLA. LAS DEMAS COLAS DE ORIGEN ANIMAL,  CON EXCLUSION DE LAS COLAS DE CASEINA DE LA PARTIDA 3501",MERCANCIAS VARIAS,2010-05-25,NORMAL,ADMINISTRADOR
406,3504,"PEPTONAS Y SUS DERIVADOS. LAS DEMAS MATERIAS PROTEICAS Y SUS DERIVADOS,  NO EXPRESADOS NI COMPRENDIDOS EN OTRAS PARTIDAS. POLVO DE PIELES,  INCLUSO TRATADO AL CROMO",MERCANCIAS VARIAS,2010-05-25,NORMAL,ADMINISTRADOR
407,3505,"DEXTRINA Y DEMAS ALMIDONES Y FECULAS MODIFICADOS (POR EJEMPLO ALMIDONES Y FECULAS PREGELATINIZADOS O ESTERIFICADOS). COLAS A BASE DE ALMIDON,  DE FECULA,  DE DEXTRINA O DE OTROS ALMIDONES O FECULAS MODIFICADOS",MERCANCIAS VARIAS,2010-05-25,NORMAL,ADMINISTRADOR
408,3506,"COLAS Y DEMAS ADHESIVOS PREPARADOS,  NO EXPRESADOS NI COMPRENDIDOS EN OTRAS PARTIDAS. PRODUCTOS DE CUALQUIER CLASE UTILIZADOS COMO COLAS O ADHESIVOS,  ACONDICIONADOS PARA LA VENTA AL POR MENOR COMO TALES,  DE PESO NETO INFERIOR O IGUAL A 1 KG",MERCANCIAS VARIAS,2010-05-25,NORMAL,ADMINISTRADOR
409,3507,ENZIMAS. PREPARACIONES ENZIMATICAS NO EXPRESADAS NI COMPRENDIDAS EN OTRAS PARTIDAS,MERCANCIAS VARIAS,2010-05-25,NORMAL,ADMINISTRADOR
410,3601,POLVORAS,MERCANCIAS VARIAS,2010-05-25,NORMAL,ADMINISTRADOR
411,3602,"EXPLOSIVOS PREPARADOS,  EXCEPTO LAS POLVORAS",MERCANCIAS VARIAS,2010-05-25,NORMAL,ADMINISTRADOR
412,3603,"MECHAS DE SEGURIDAD. CORDONES DETONANTES. CEBOS Y CAPSULAS FULMINANTES. INFLAMADORES,  DETONADORES ELECTRICOS",MERCANCIAS VARIAS,2010-05-25,NORMAL,ADMINISTRADOR
413,3604,"ARTICULOS PARA FUEGOS ARTIFICIALES,  COHETES DE SE?ALES O GRANIFUGOS Y SIMILARES,  PETARDOS Y DEMAS ARTICULOS DE PIROTECNIA",MERCANCIAS VARIAS,2010-05-25,NORMAL,ADMINISTRADOR
414,3605,"FOSFOROS (CERILLAS),  EXCEPTO LOS ARTICULOS DE PIROTECNIA DE LA PARTIDA 3604",MERCANCIAS VARIAS,2010-05-25,NORMAL,ADMINISTRADOR
415,3606,FERROCERIO Y DEMAS ALEACIONES PIROFORICAS EN CUALQUIER FORMA. ARTICULOS DE MATERIAS INFLAMABLES A QUE SE REFIERE LA NOTA 2 DE ESTE CAPITULO,MERCANCIAS VARIAS,2010-05-25,NORMAL,ADMINISTRADOR
416,3701,"PLACAS Y PELICULAS PLANAS,  FOTOGRAFICAS,  SENSIBILIZADAS,  SIN IMPRESIONAR,  EXCEPTO LAS DE PAPEL,  CARTON O TEXTILES. PELICULAS FOTOGRAFICAS PLANAS AUTORREVELABLES,  SENSIBILIZADAS,  SIN IMPRESIONAR,  INCLUSO EN CARGADORES",MERCANCIAS VARIAS,2010-05-25,NORMAL,ADMINISTRADOR
417,3702,"PELICULAS FOTOGRAFICAS EN ROLLOS,  SENSIBILIZADAS,  SIN IMPRESIONAR,  EXCEPTO LAS DE PAPEL,  CARTON O TEXTILES. PELICULAS FOTOGRAFICAS AUTORREVELABLES,  EN ROLLOS,  SENSIBILIZADAS,  SIN IMPRESIONAR",MERCANCIAS VARIAS,2010-05-25,NORMAL,ADMINISTRADOR
418,3703,"PAPEL,  CARTON Y TEXTILES,  FOTOGRAFICOS,  SENSIBILIZADOS,  SIN IMPRESIONAR",MERCANCIAS VARIAS,2010-05-25,NORMAL,ADMINISTRADOR
419,3704,"PLACAS,  PELICULAS,  PAPEL,  CARTON Y TEXTILES,  FOTOGRAFICOS,  IMPRESIONADOS PERO SIN REVELAR",MERCANCIAS VARIAS,2010-05-25,NORMAL,ADMINISTRADOR
420,3705,"PLACAS Y PELICULAS,  FOTOGRAFICAS,  IMPRESIONADAS Y REVELADAS,  EXCEPTO LAS CINEMATOGRAFICAS",MERCANCIAS VARIAS,2010-05-25,NORMAL,ADMINISTRADOR
421,3706,"PELICULAS CINEMATOGRAFICAS,  IMPRESIONADAS Y REVELADAS,  CON REGISTRO DE SONIDO O SIN EL,  O CON REGISTRO DE SONIDO SOLAMENTE",MERCANCIAS VARIAS,2010-05-25,NORMAL,ADMINISTRADOR
422,3707,"PREPARACIONES QUIMICAS PARA USO FOTOGRAFICO,  EXCEPTO LOS BARNICES,  COLAS Y PREPARACIONES SIMILARES. PRODUCTOS SIN MEZCLAR DOSIFICADOS PARA USOS FOTOGRAFICOS O ACONDICIONADOS PARA LA VENTA AL POR MENOR PARA USOS FOTOGRAFICOS Y LISTOS PARA SU EMPLEO",MERCANCIAS VARIAS,2010-05-25,NORMAL,ADMINISTRADOR
423,3801,"GRAFITO ARTIFICIAL. GRAFITO COLOIDAL O SEMICOLOIDAL. PREPARACIONES A BASE DE GRAFITO O DE OTROS CARBONOS,  EN PASTA,  BLOQUES,  PLAQUITAS U OTROS SEMIPRODUCTOS",MERCANCIAS VARIAS,2010-05-25,NORMAL,ADMINISTRADOR
424,3802,"CARBONES ACTIVADOS. MATERIAS MINERALES NATURALES ACTIVADAS. NEGRO DE ORIGEN ANIMAL,  INCLUIDO EL NEGRO ANIMAL AGOTADO",MERCANCIAS VARIAS,2010-05-25,NORMAL,ADMINISTRADOR
425,3803,"[TALL OIL],  INCLUSO REFINADO",MERCANCIAS VARIAS,2010-05-25,NORMAL,ADMINISTRADOR
426,3804,"LEJIAS RESIDUALES DE LA FABRICACION DE PASTAS DE CELULOSA,  AUNQUE ESTEN CONCENTRADAS,  DESAZUCARADAS O TRATADAS QUIMICAMENTE,  INCLUIDOS LOS LIGNOSULFONATOS,  PERO CON EXCLUSION DEL <TALL OIL> DE LA PARTIDA 3803",MERCANCIAS VARIAS,2010-05-25,NORMAL,ADMINISTRADOR
427,3805,"ESENCIA DE TREMENTINA,  DE MADERA DE PINO,  DE PASTA CELULOSICA AL SULFATO Y DEMAS ESENCIAS TERPENICAS....",MERCANCIAS VARIAS,2010-05-25,NORMAL,ADMINISTRADOR
428,3806,"COLOFONIAS Y ACIDOS RESINICOS,  Y SUS DERIVADOS. ESENCIA Y ACEITE,  DE COLOFONIA. GOMAS FUNDIDAS",MERCANCIAS VARIAS,2010-05-25,NORMAL,ADMINISTRADOR
429,3807,"ALQUITRANES DE MADERA. ACEITES DE ALQUITRAN DE MADERA. CREOSOTA DE MADERA. METILENO (NAFTA DE MADERA). PEZ VEGETAL. PEZ DE CERVECERIA Y PREPARACIONES SIMILARES A BASE DE COLOFONIA,  DE ACIDOS RESINICOS O DE PEZ VEGETAL",MERCANCIAS VARIAS,2010-05-25,NORMAL,ADMINISTRADOR
430,3808,"INSECTICIDAS,  RATICIDAS,  FUNGICIDAS,  HERBICIDAS,  INHIBIDORES DE GERMINACION Y DEL CRECIMIENTO DE LAS PLANTAS,  DESINFECTANTES Y PRODUCTOS SIMILARES,  PRESENTADOS EN ENVASES PARA LA VENTA AL MENOR",MERCANCIAS VARIAS,2010-05-25,NORMAL,ADMINISTRADOR
431,3809,"APRESTOS Y PRODUCTOS DE ACABADO,  ACELERADORES DE TINTURA O DE FIJACION DE MATERIAS COLORANTES Y DEMAS PRODUCTOS Y PREPARACIONES DEL TIPO DE LOS UTILIZADOS EN LA INDUSTRIA TEXTIL,  DEL PAPEL O DEL CUERO,  N.C.O.P.",MERCANCIAS VARIAS,2010-05-25,NORMAL,ADMINISTRADOR
432,3810,PREPARACIONES PARA EL DECAPADO DE LOS METALES. FLUJOS Y DEMAS PREPARACIONES AUXILIARES PARA SOLDAR LOS METALES. PASTAS Y POLVOS PARA SOLDAR. PREPARACIONES DEL TIPO DE LAS UTILIZADAS PARA RECUBRIR O RELLENAR ELECTRODOS O VARILLAS DE SOLDADURA,MERCANCIAS VARIAS,2010-05-25,NORMAL,ADMINISTRADOR
433,3811,"PREPARACIONES ANTIDETONANTES,  INHIBIDORES DE OXIDACION,  ADITIVOS PEPTIZANTES,  ANTICORROSIVOS Y DEMAS ADITIVOS PREPARADOS PARA ACEITES MINERALES (INCLUIDA LA GASOLINA O NAFTA) O PARA OTROS LIQUIDOS CON IDENTICOS FINES QUE LOS ACEITES MINERALES",MERCANCIAS VARIAS,2010-05-25,NORMAL,ADMINISTRADOR
434,3812,"ACELERADORES DE VULCANIZACION PREPARADOS. PLASTIFICANTES COMPUESTOS PARA CAUCHO O PARA MATERIAS PLASTICAS,  N.C.O.P.. PREPARACIONES ANTIOXIDANTES Y DEMAS ESTABILIZANTES COMPUESTOS PARA CAUCHO O PARA MATERIAS PLASTICAS",MERCANCIAS VARIAS,2010-05-25,NORMAL,ADMINISTRADOR
435,3813,PREPARACIONES Y CARGAS PARA APARATOS EXTINTORES. GRANADAS Y BOMBAS EXTINTORAS,MERCANCIAS VARIAS,2010-05-25,NORMAL,ADMINISTRADOR
436,3814,"DISOLVENTES O DILUYENTES ORGANICOS COMPUESTOS,  NO EXPRESADOS NI COMPRENDIDOS EN OTRAS PARTIDAS. PREPARACIONES PARA QUITAR PINTURAS O BARNICES",MERCANCIAS VARIAS,2010-05-25,NORMAL,ADMINISTRADOR
437,3815,"INICIADORES Y ACELERADORES,  DE REACCION,  Y PREPARACIONES CATALITICAS,  NO EXPRESADOS NI COMPRENDIDOS EN OTRAS PARTIDAS",MERCANCIAS VARIAS,2010-05-25,NORMAL,ADMINISTRADOR
438,3816,"CEMENTOS,  MORTEROS,  HORMIGONES Y PREPARACIONES SIMILARES,  REFRACTARIOS,  EXCEPTO LOS PRODUCTOS DE LA PARTIDA 3801",MERCANCIAS VARIAS,2010-05-25,NORMAL,ADMINISTRADOR
439,3817,"MEZCLAS DE ALQUILBENCENOS Y MEZCLAS DE ALQUILNAFTALENOS,  EXCEPTO LAS DE LAS PARTIDAS 2707 O 2902",MERCANCIAS VARIAS,2010-05-25,NORMAL,ADMINISTRADOR
440,3818,"ELEMENTOS QUIMICOS IMPURIFICADOS PARA USO EN ELECTRONICA,  EN DISCOS,  PLAQUITAS O FORMAS ANALOGAS. COMPUESTOS QUIMICOS IMPURIFICADOS PARA USO EN ELECTRONICA",MERCANCIAS VARIAS,2010-05-25,NORMAL,ADMINISTRADOR
441,3819,"LIQUIDOS PARA FRENOS HIDRAULICOS Y DEMAS PREPARACIONES LIQUIDAS PARA TRANSMISIONES HIDRAULICAS,  SIN ACEITES DE PETROLEO NI DE MINERALES BITUMINOSOS O CON MENOS DEL 70 % EN PESO DE DICHOS ACEITES",MERCANCIAS VARIAS,2010-05-25,NORMAL,ADMINISTRADOR
442,3820,PREPARACIONES ANTICONGELANTES Y LIQUIDOS PREPARADOS PARA DESCONGELAR,MERCANCIAS VARIAS,2010-05-25,NORMAL,ADMINISTRADOR
443,3821,MEDIOS DE CULTIVO PREPARADOS PARA EL DESARROLLO DE MICROORGANISMOS,MERCANCIAS VARIAS,2010-05-25,NORMAL,ADMINISTRADOR
444,3822,"REACTIVOS DE DIAGNOSTICO O DE LABORATORIO SOBRE CUALQUIER SOPORTE Y REACTIVOS DE DIAGNOSTICO O DE LABORATORIO PREPARADOS,  INCLUSO SOBRE SOPORTE,  EXCEPTO LOS DE LAS PARTIDAS 3002 O 3006      -",MERCANCIAS VARIAS,2010-05-25,NORMAL,ADMINISTRADOR
445,3823,ACIDOS GRASOS MONOCARBOXILICOS INDUSTRIALES. ACEITES ACIDOS DEL REFINADO. ALCOHOLES GRASOS INDUSTRIALES,MERCANCIAS VARIAS,2010-05-25,NORMAL,ADMINISTRADOR
446,3824,PREPARACIONES AGLUTINANTES PARA MOLDES O PARA NUCLEOS DE FUNDICION. PRODUCTOS QUIMICOS Y PREPARACIONES DE LA INDUSTRIA QUIMICA O DE LAS INDUSTRIAS CONEXAS N.C.O.P.,MERCANCIAS VARIAS,2010-05-25,NORMAL,ADMINISTRADOR
447,3901,POLIMEROS DE ETILENO EN FORMAS PRIMARIAS,MERCANCIAS VARIAS,2010-05-25,NORMAL,ADMINISTRADOR
448,3902,"POLIMEROS DE PROPILENO O DE OTRAS OLEFINAS,  EN FORMAS PRIMARIAS",MERCANCIAS VARIAS,2010-05-25,NORMAL,ADMINISTRADOR
449,3903,POLIMEROS DE ESTIRENO EN FORMAS PRIMARIAS,MERCANCIAS VARIAS,2010-05-25,NORMAL,ADMINISTRADOR
450,3904,"POLIMEROS DE CLORURO DE VINILO O DE OTRAS OLEFINAS HALOGENADAS,  EN FORMAS PRIMARIAS",MERCANCIAS VARIAS,2010-05-25,NORMAL,ADMINISTRADOR
451,3905,"POLIMEROS DE ACETATO DE VINILO O DE OTROS ESTERES VINILICOS,  EN FORMAS PRIMARIAS. LOS DEMAS POLIMEROS VINILICOS EN FORMAS PRIMARIAS",MERCANCIAS VARIAS,2010-05-25,NORMAL,ADMINISTRADOR
452,3906,POLIMEROS ACRILICOS EN FORMAS PRIMARIAS,MERCANCIAS VARIAS,2010-05-25,NORMAL,ADMINISTRADOR
453,3907,"POLIACETALES,  LOS DEMAS POLIETERES Y RESINAS EPOXI,  EN FORMAS PRIMARIAS. POLICARBONATOS,  RESINAS ALCIDICAS,  POLIESTERES ALILICOS Y DEMAS POLIESTERES,  EN FORMAS PRIMARIAS",MERCANCIAS VARIAS,2010-05-25,NORMAL,ADMINISTRADOR
454,3908,POLIAMIDAS EN FORMAS PRIMARIAS,MERCANCIAS VARIAS,2010-05-25,NORMAL,ADMINISTRADOR
455,3909,"RESINAS AMINICAS,  RESINAS FENOLICAS Y POLIURETANOS,  EN FORMAS PRIMARIAS",MERCANCIAS VARIAS,2010-05-25,NORMAL,ADMINISTRADOR
456,3910,SILICONAS EN FORMAS PRIMARIAS,MERCANCIAS VARIAS,2010-05-25,NORMAL,ADMINISTRADOR
457,3911,"RESINAS DE PETROLEO,  RESINAS DE CUMARONA-INDENO,  POLITERPENOS,  POLISULFUROS,  POLISULFONAS Y DEMAS PRODUCTOS PREVISTOS EN LA NOTA 3 DE ESTE CAPITULO,  NO EXPRESADOS NI COMPRENDIDOS EN OTRAS PARTIDAS,  EN FORMAS PRIMARIAS",MERCANCIAS VARIAS,2010-05-25,NORMAL,ADMINISTRADOR
458,3912,"CELULOSA Y SUS DERIVADOS QUIMICOS,  NO EXPRESADOS NI COMPRENDIDOS EN OTRAS PARTIDAS,  EN FORMAS PRIMARIAS",MERCANCIAS VARIAS,2010-05-25,NORMAL,ADMINISTRADOR
459,3913,"POLIMEROS NATURALES (POR EJEMPLO ACIDO ALGINICO) Y POLIMEROS NATURALES MODIFICADOS (POR EJEMPLO PROTEINAS ENDURECIDAS O DERIVADOS QUIMICOS DEL CAUCHO NATURAL),  NO EXPRESADOS NI COMPRENDIDOS EN OTRAS PARTIDAS,  EN FORMAS PRIMARIAS",MERCANCIAS VARIAS,2010-05-25,NORMAL,ADMINISTRADOR
460,3914,"INTERCAMBIADORES DE IONES A BASE DE POLIMEROS DE LAS PARTIDAS 3901 A 3913,  EN FORMAS PRIMARIAS      - II. DESECHOS,  RECORTES Y DESPERDICIOS. SEMIPRODUCTOS. MANUFACTURAS",MERCANCIAS VARIAS,2010-05-25,NORMAL,ADMINISTRADOR
461,3915,"DESECHOS,  RECORTES Y DESPERDICIOS,  DE PLASTICO",MERCANCIAS VARIAS,2010-05-25,NORMAL,ADMINISTRADOR
462,3916,"MONOFILAMENTOS CUYA MAYOR DIMENSION DEL CORTE TRANSVERSAL SEA SUPERIOR A 1 MM,  BARRAS,  VARILLAS Y PERFILES,  INCLUSO TRABAJADOS EN LA SUPERFICIE,  PERO SIN OTRA LABOR,  DE PLASTICO",MERCANCIAS VARIAS,2010-05-25,NORMAL,ADMINISTRADOR
463,3917,"TUBOS Y ACCESORIOS DE TUBERIA (POR EJEMPLO JUNTAS,  CODOS O RACORES),  DE PLASTICO",MERCANCIAS VARIAS,2010-05-25,NORMAL,ADMINISTRADOR
464,3918,"REVESTIMIENTOS DE PLASTICO PARA SUELOS,  INCLUSO AUTOADHESIVOS,  EN ROLLOS O LOSETAS. REVESTIMIENTOS DE PLASTICO PARA PAREDES O TECHOS,  DEFINIDOS EN LA NOTA 9 DE ESTE CAPITULO",MERCANCIAS VARIAS,2010-05-25,NORMAL,ADMINISTRADOR
465,3919,"PLACAS,  HOJAS,  BANDAS,  CINTAS,  PELICULAS Y DEMAS FORMAS PLANAS,  AUTOADHESIVAS,  DE PLASTICO,  INCLUSO EN ROLLOS",MERCANCIAS VARIAS,2010-05-25,NORMAL,ADMINISTRADOR
466,3920,"LAS DEMAS PLACAS,  HOJAS,  PELICULAS,  BANDAS Y LAMINAS,  DE PLASTICO NO CELULAR,  SIN REFORZAR,  ESTRATIFICAR NI COMBINAR DE FORMA SIMILAR CON OTRAS MATERIAS,  SIN SOPORTE",MERCANCIAS VARIAS,2010-05-25,NORMAL,ADMINISTRADOR
467,3921,"LAS DEMAS PLACAS,  HOJAS,  PELICULAS,  BANDAS Y LAMINAS,  DE PLASTICO",MERCANCIAS VARIAS,2010-05-25,NORMAL,ADMINISTRADOR
468,3922,"BA?ERAS,  DUCHAS,  LAVABOS,  BIDES,  INODOROS Y SUS ASIENTOS Y TAPAS,  CISTERNAS Y ARTICULOS SANITARIOS O HIGIENICOS SIMILARES,  DE PLASTICO",MERCANCIAS VARIAS,2010-05-25,NORMAL,ADMINISTRADOR
469,3923,"ARTICULOS PARA EL TRANSPORTE O ENVASADO,  DE PLASTICO. TAPONES,  TAPAS,  CAPSULAS Y DEMAS DISPOSITIVOS DE CIERRE,  DE PLASTICO",MERCANCIAS VARIAS,2010-05-25,NORMAL,ADMINISTRADOR
470,3924,"VAJILLA Y DEMAS ARTICULOS DE USO DOMESTICO Y ARTICULOS DE HIGIENE O DE TOCADOR,  DE PLASTICO",MERCANCIAS VARIAS,2010-05-25,NORMAL,ADMINISTRADOR
471,3925,"ARTICULOS PARA LA CONSTRUCCION,  DE PLASTICO,  NO EXPRESADOS NI COMPRENDIDOS EN OTRAS PARTIDAS",MERCANCIAS VARIAS,2010-05-25,NORMAL,ADMINISTRADOR
472,3926,LAS DEMAS MANUFACTURAS DE PLASTICO Y MANUFACTURAS DE LAS DEMAS MATERIAS DE LAS PARTIDAS 3901 A 3914,MERCANCIAS VARIAS,2010-05-25,NORMAL,ADMINISTRADOR
473,4001,"CAUCHO NATURAL,  BALATA,  GUTAPERCHA,  GUAYULE,  CHICLE Y GOMAS NATURALES ANALOGAS,  EN FORMAS PRIMARIAS O EN PLACAS,  HOJAS O BANDAS",MERCANCIAS VARIAS,2010-05-25,NORMAL,ADMINISTRADOR
474,4002,"CAUCHO SINTETICO Y CAUCHO FACTICIO DERIVADO DE LOS ACEITES,  EN FORMAS PRIMARIAS O EN PLACAS,  HOJAS O BANDAS. MEZCLAS DE PRODUCTOS DE LA PARTIDA NO 4001 CON LOS DE ESTA PARTIDA,  EN FORMAS PRIMARIAS O EN PLACAS,  HOJAS O BANDAS",MERCANCIAS VARIAS,2010-05-25,NORMAL,ADMINISTRADOR
475,4003,"CAUCHO REGENERADO EN FORMAS PRIMARIAS O EN PLACAS,  HOJAS O BANDAS",MERCANCIAS VARIAS,2010-05-25,NORMAL,ADMINISTRADOR
476,4004,"DESECHOS,  DESPERDICIOS Y RECORTES,  DE CAUCHO SIN ENDURECER,  INCLUSO EN POLVO O EN GRANULOS",MERCANCIAS VARIAS,2010-05-25,NORMAL,ADMINISTRADOR
477,4005,"CAUCHO MEZCLADO SIN VULCANIZAR,  EN FORMAS PRIMARIAS O EN PLACAS,  HOJAS O BANDAS",MERCANCIAS VARIAS,2010-05-25,NORMAL,ADMINISTRADOR
478,4006,"LAS DEMAS FORMAS (POR EJEMPLO VARILLAS,  TUBOS O PERFILES) Y ARTICULOS (POR EJEMPLO DISCOS O ARANDELAS) DE CAUCHO SIN VULCANIZAR",MERCANCIAS VARIAS,2010-05-25,NORMAL,ADMINISTRADOR
479,4007,"HILOS Y CUERDAS,  DE CAUCHO VULCANIZADO",MERCANCIAS VARIAS,2010-05-25,NORMAL,ADMINISTRADOR
480,4008,"PLACAS,  HOJAS,  BANDAS,  VARILLAS Y PERFILES,  DE CAUCHO VULCANIZADO SIN ENDURECER",MERCANCIAS VARIAS,2010-05-25,NORMAL,ADMINISTRADOR
481,4009,"TUBOS DE CAUCHO VULCANIZADO SIN ENDURECER,  INCLUSO CON SUS ACCESORIOS (POR EJEMPLO JUNTAS,  CODOS O RACORES)",MERCANCIAS VARIAS,2010-05-25,NORMAL,ADMINISTRADOR
482,4010,"CORREAS TRANSPORTADORAS O DE TRANSMISION,  DE CAUCHO VULCANIZADO",MERCANCIAS VARIAS,2010-05-25,NORMAL,ADMINISTRADOR
483,4011,NEUMATICOS NUEVOS DE CAUCHO,MERCANCIAS VARIAS,2010-05-25,NORMAL,ADMINISTRADOR
484,4012,"NEUMATICOS RECAUCHUTADOS O USADOS,  DE CAUCHO. BANDAJES,  BANDAS DE RODADURA INTERCAMBIABLES PARA NEUMATICOS Y PROTECTORES (<FLAPS>),  DE CAUCHO",MERCANCIAS VARIAS,2010-05-25,NORMAL,ADMINISTRADOR
485,4013,CAMARAS DE CAUCHO,MERCANCIAS VARIAS,2010-05-25,NORMAL,ADMINISTRADOR
486,4014,"ARTICULOS DE HIGIENE O DE FARMACIA (INCLUIDAS LAS TETINAS),  DE CAUCHO VULCANIZADO SIN ENDURECER,  INCLUSO CON PARTES DE CAUCHO ENDURECIDO",MERCANCIAS VARIAS,2010-05-25,NORMAL,ADMINISTRADOR
487,4015,"PRENDAS,  GUANTES Y DEMAS COMPLEMENTOS DE VESTIR,  PARA CUALQUIER USO,  DE CAUCHO VULCANIZADO SIN ENDURECER",MERCANCIAS VARIAS,2010-05-25,NORMAL,ADMINISTRADOR
488,4016,LAS DEMAS MANUFACTURAS DE CAUCHO VULCANIZADO SIN ENDURECER,MERCANCIAS VARIAS,2010-05-25,NORMAL,ADMINISTRADOR
489,4017,"CAUCHO ENDURECIDO (POR EJEMPLO EBONITA) EN CUALQUIER FORMA,  INCLUIDOS LOS DESECHOS Y DESPERDICIOS. MANUFACTURAS DEL CAUCHO ENDURECIDO",MERCANCIAS VARIAS,2010-05-25,NORMAL,ADMINISTRADOR
490,4101,"CUEROS Y PIELES,  EN BRUTO,  DE BOVINO O DE EQUINO (FRESCOS O SALADOS,  SECOS,  ENCALADOS,  PIQUELADOS O CONSERVADOS DE OTRO MODO,  PERO SIN CURTIR,  APERGAMINAR NI PREPARAR DE OTRA FORMA),  INCLUSO DEPILADOS O DIVIDIDOS",MERCANCIAS VARIAS,2010-05-25,NORMAL,ADMINISTRADOR
491,4102,"PIELES EN BRUTO DE OVINO (FRESCAS O SALADAS,  SECAS,  ENCALADAS,  PIQUELADAS O CONSERVADAS DE OTRO MODO,  PERO SIN CURTIR,  APERGAMINAR NI PREPARAR DE OTRA FORMA),  INCLUSO DEPILADAS O DIVIDIDAS,  EXCEPTO LAS EXCLUIDAS POR LA NOTA 1 C) DE ESTE CAPITULO",MERCANCIAS VARIAS,2010-05-25,NORMAL,ADMINISTRADOR
492,4103,"LOS DEMAS CUEROS Y PIELES,  EN BRUTO (FRESCOS O SALADOS,  SECOS,  ENCALADOS,  PIQUELADOS O CONSERVADOS DE OTRO MODO,  PERO SIN CURTIR,  APERGAMINAR NI PREPARAR DE OTRA FORMA),  INCLUSO DEPILADOS O DIVIDIDOS",MERCANCIAS VARIAS,2010-05-25,NORMAL,ADMINISTRADOR
493,4104,"CUEROS Y PIELES,  DE BOVINO Y DE EQUINO,  DEPILADOS,  PREPARADOS,  EXCEPTO LOS DE LAS PARTIDAS 4108 O 4109",MERCANCIAS VARIAS,2010-05-25,NORMAL,ADMINISTRADOR
494,4105,"PIELES DEPILADAS DE OVINO,  PREPARADAS,  EXCEPTO LAS DE LAS PARTIDAS 4108 O 4109",MERCANCIAS VARIAS,2010-05-25,NORMAL,ADMINISTRADOR
495,4106,"PIELES DEPILADAS DE CAPRINO,  PREPARADAS,  EXCEPTO LAS DE LAS PARTIDAS 4108 O 4109",MERCANCIAS VARIAS,2010-05-25,NORMAL,ADMINISTRADOR
496,4107,"PIELES DEPILADAS DE LOS DEMAS ANIMALES Y PIELES DE ANIMALES SIN PELO,  PREPARADAS,  EXCEPTO LAS DE LAS PARTIDAS 4108 O 4109",MERCANCIAS VARIAS,2010-05-25,NORMAL,ADMINISTRADOR
497,4108,CUEROS Y PIELES AGAMUZADOS (INCLUIDO EL AGAMUZADO COMBINADO AL ACEITE),MERCANCIAS VARIAS,2010-05-25,NORMAL,ADMINISTRADOR
498,4109,CUEROS Y PIELES BARNIZADOS O REVESTIDOS. CUEROS Y PIELES METALIZADOS,MERCANCIAS VARIAS,2010-05-25,NORMAL,ADMINISTRADOR
499,4110,"RECORTES Y DEMAS DESPERDICIOS DE CUERO O DE PIELES,  PREPARADOS,  O DE CUERO ARTIFICIAL O REGENERADO,  INUTILIZABLES PARA LA FABRICACION DE MANUFACTURAS DE CUERO. ASERRIN,  POLVO Y HARINA DE CUERO",MERCANCIAS VARIAS,2010-05-25,NORMAL,ADMINISTRADOR
500,4111,"CUERO ARTIFICIAL O REGENERADO A BASE DE CUERO O DE FIBRAS DE CUERO,  EN PLANCHAS,  HOJAS O BANDAS,  INCLUSO ENROLLADAS",MERCANCIAS VARIAS,2010-05-25,NORMAL,ADMINISTRADOR
501,4201,"ARTICULOS DE TALABARTERIA Y GUARNICIONERIA PARA TODOS LOS ANIMALES (INCLUIDOS LOS TIROS,  TRAILLAS,  RODILLERAS,  BOZALES,  SUDADEROS,  ALFORJAS,  ABRIGOS PARA PERROS Y ARTICULOS SIMILARES),  DE CUALQUIER MATERIA",MERCANCIAS VARIAS,2010-05-25,NORMAL,ADMINISTRADOR
502,4202,"BAULES,  MALETAS,  MALETINES,  INCLUIDOS LOS DE ASEO Y PORTADOCUMENTOS,  CARTERAS DE MANO,  FUNDAS PARA GAFAS,  GEMELOS,  APARATOS FOTOGRAFICOS,  CAMARAS,  INSTRUMENTOS DE MUSICA O ARMAS,  SACOS DE VIAJE,  BOLSAS DE ASEO,  DE CUERO O MATERIAS TEXTILES",MERCANCIAS VARIAS,2010-05-25,NORMAL,ADMINISTRADOR
503,4203,"PRENDAS Y COMPLEMENTOS DE VESTIR,  DE CUERO NATURAL O DE CUERO ARTIFICIAL O REGENERADO",MERCANCIAS VARIAS,2010-05-25,NORMAL,ADMINISTRADOR
504,4204,ARTICULOS PARA USOS TECNICOS DE CUERO NATURAL O DE CUERO ARTIFICIAL O REGENERADO,MERCANCIAS VARIAS,2010-05-25,NORMAL,ADMINISTRADOR
505,4205,LAS DEMAS MANUFACTURAS DE CUERO NATURAL O DE CUERO ARTIFICIAL O REGENERADO,MERCANCIAS VARIAS,2010-05-25,NORMAL,ADMINISTRADOR
506,4206,"MANUFACTURAS DE TRIPA,  DE VEJIGAS O DE TENDONES",MERCANCIAS VARIAS,2010-05-25,NORMAL,ADMINISTRADOR
507,4301,"PELETERIA EN BRUTO (INCLUIDAS LAS CABEZAS,  COLAS,  PATAS Y TROZOS UTILIZABLES EN PELETERIA),  EXCEPTO LAS PIELES EN BRUTO DE LAS PARTIDAS 4101,  4102 O 4103",MERCANCIAS VARIAS,2010-05-25,NORMAL,ADMINISTRADOR
508,4302,"PELETERIA CURTIDA O ADOBADA (INCLUIDAS LAS CABEZAS,  COLAS,  PATAS Y TROZOS,  DESECHOS Y RECORTES),  INCLUSO ENSAMBLADA (SIN OTRAS MATERIAS),  EXCEPTO LA DE LA PARTIDA 4303",MERCANCIAS VARIAS,2010-05-25,NORMAL,ADMINISTRADOR
509,4303,"PRENDAS,  COMPLEMENTOS DE VESTIR Y DEMAS ARTICULOS DE PELETERIA",MERCANCIAS VARIAS,2010-05-25,NORMAL,ADMINISTRADOR
510,4304,PELETERIA ARTIFICIAL O FACTICIA Y ARTICULOS DE PELETERIA ARTIFICIAL O FACTICIA,MERCANCIAS VARIAS,2010-05-25,NORMAL,ADMINISTRADOR
511,4401,"LE?A. MADERA EN PLAQUITAS O PARTICULAS. ASERRIN,  DESPERDICIOS Y DESECHOS,  DE MADERA,  INCLUSO AGLOMERADOS EN BOLAS,  BRIQUETAS,  LE?OS O FORMAS SIMILARES",MERCANCIAS VARIAS,2010-05-25,NORMAL,ADMINISTRADOR
512,4402,"CARBON VEGETAL (INCLUIDO EL DE CASCARAS O DE HUESOS DE FRUTAS),  AUNQUE ESTE AGLOMERADO",MERCANCIAS VARIAS,2010-05-25,NORMAL,ADMINISTRADOR
513,4403,"MADERA EN BRUTO,  INCLUSO DESCORTEZADA,  DESALBURADA O ESCUADRADA",MERCANCIAS VARIAS,2010-05-25,NORMAL,ADMINISTRADOR
514,4404,"FLEJES DE MADERA. RODRIGONES HENDIDOS. ESTACAS DE MADERA,  APUNTADAS,  SIN ASERRAR,  MADERA SIMPLEMENTE DEBASTADA,  PERO SIN TORNEAR,  CURVAR O TRABAJAR DE OTRO MODO PARA BASATONES Y SIMILARES. MADERA EN TABLILLAS,  LAMINAS O SIMILARES",MERCANCIAS VARIAS,2010-05-25,NORMAL,ADMINISTRADOR
515,4405,LANA (VIRUTA) DE MADERA. HARINA DE MADERA,MERCANCIAS VARIAS,2010-05-25,NORMAL,ADMINISTRADOR
516,4406,TRAVIESAS DE MADERA PARA VIAS FERREAS O SIMILARES,MERCANCIAS VARIAS,2010-05-25,NORMAL,ADMINISTRADOR
517,4407,"MADERA ASERRADA O DESBASTADA LONGITUDINALMENTE,  CORTADA O DESENROLLADA,  INCLUSO CEPILLADA,  LIJADA O UNIDA POR ENTALLADURAS MULTIPLES,  DE ESPESOR SUPERIOR A 6 MM",MERCANCIAS VARIAS,2010-05-25,NORMAL,ADMINISTRADOR
518,4408,"HOJAS PARA CHAPADO Y CONTRACHAPADO (INCLUSO UNIDAS) Y DEMAS MADERAS ASERRADAS LONGITUDINALMENTE,  CORTADAS O DESENROLLADAS,  INCLUSO CEPILLADAS,  LIJADAS O UNIDAS POR ENTALLADURAS MULTIPLES,  DE ESPESOR INFERIOR O IGUAL A 6 MM",MERCANCIAS VARIAS,2010-05-25,NORMAL,ADMINISTRADOR
519,4409,"MADERA (INCLUIDAS LAS TABLILLAS Y FRISOS PARA PARQUES,  SIN ENSAMBLAR) PERFILADA LONGUITUDINALMENTE EN UNA O VARIAS CARAS O CANTOS,  INCLUSO CEPILLADA,  LIJADA O UNIDAS POR ENTALLADURAS MULTIPLES",MERCANCIAS VARIAS,2010-05-25,NORMAL,ADMINISTRADOR
520,4410,"TABLEROS DE PARTICULAS Y TABLEROS SIMILARES DE MADERA O DE OTRAS MATERIAS LE?OSAS,  INCLUSO AGLOMERADOS CON RESINA U OTROS AGLUTINANTES ORGANICOS",MERCANCIAS VARIAS,2010-05-25,NORMAL,ADMINISTRADOR
521,4411,"TABLEROS DE FIBRA DE MADERA U OTRAS MATERIAS LE?OSAS,  INCLUSO AGLOMERADOS CON RESINAS U OTROS AGLUTINANTES ORGANICOS",MERCANCIAS VARIAS,2010-05-25,NORMAL,ADMINISTRADOR
522,4412,"MADERA CONTRACHAPADA,  MADERA CHAPADA Y MADERA ESTRATIFICADA SIMILAR",MERCANCIAS VARIAS,2010-05-25,NORMAL,ADMINISTRADOR
523,4413,"MADERA DENSIFICADA EN BLOQUES,  PLANCHAS,  TABLAS O PERFILES",MERCANCIAS VARIAS,2010-05-25,NORMAL,ADMINISTRADOR
524,4414,"MARCOS DE MADERA PARA CUADROS,  FOTOGRAFIAS,  ESPEJOS U OBJETOS SIMILARES",MERCANCIAS VARIAS,2010-05-25,NORMAL,ADMINISTRADOR
525,4415,"CAJONES,  CAJAS,  JAULAS,  TAMBORES Y ENVASES SIMILARES,  DE MADERA. CARRETES PARA CABLES,  DE MADERA. PALETAS,  PALETAS CAJA Y DEMAS PLATAFORMAS PARA CARGA,  DE MADERA. COLLARINES PARA PALETAS,  DE MADERA",MERCANCIAS VARIAS,2010-05-25,NORMAL,ADMINISTRADOR
526,4416,"BARRILES,  CUBAS,  TINAS Y DEMAS MANUFACTURAS DE TONELERIA Y SUS PARTES,  DE MADERA,  INCLUIDAS LAS DUELAS",MERCANCIAS VARIAS,2010-05-25,NORMAL,ADMINISTRADOR
527,4417,"HERRAMIENTAS,  MONTURAS Y MANGOS DE HERRAMIENTAS,  MONTURAS DE CEPILLOS,  MANGOS DE ESCOBAS O DE BROCHAS,  DE MADERA. HORMAS,  ENSANCHADORES Y TENSORES PARA EL CALZADO,  DE MADERA",MERCANCIAS VARIAS,2010-05-25,NORMAL,ADMINISTRADOR
528,4418,"OBRAS Y PIEZAS DE CARPINTERIA PARA CONSTRUCCIONES,  INCLUIDOS LOS TABLEROS CELULARES,  LOS TABLEROS PARA PARQUES,  LAS TEJAS Y LA RIPIA,  DE MADERA",MERCANCIAS VARIAS,2010-05-25,NORMAL,ADMINISTRADOR
529,4419,"ARTICULOS DE MESA O DE COCINA,  DE MADERA",MERCANCIAS VARIAS,2010-05-25,NORMAL,ADMINISTRADOR
530,4420,"MARQUETERIA Y TARACEA. COFRES,  CAJAS Y ESTUCHES PARA JOYERIA U ORFEBRERIA Y MANUFACTURAS SIMILARES,  DE MADERA. ESTATUILLAS Y DEMAS OBJETOS DE ADORNO,  DE MADERA. ARTICULOS DE MOBILIARIO,  DE MADERA,  NO COMPRENDIDOS EN EL CAPITULO 94",MERCANCIAS VARIAS,2010-05-25,NORMAL,ADMINISTRADOR
531,4421,LAS DEMAS MANUFACTURAS DE MADERA,MERCANCIAS VARIAS,2010-05-25,NORMAL,ADMINISTRADOR
532,4501,"CORCHO NATURAL EN BRUTO O SIMPLEMENTE PREPARADO. DESPERDICIOS DE CORCHO. CORCHO TRITURADO,  GRANULADO O PULVERIZADO",MERCANCIAS VARIAS,2010-05-25,NORMAL,ADMINISTRADOR
533,4502,"CORCHO NATURAL,  DESCORTEZADO O SIMPLEMENTE ESCUADRADO O EN CUBOS,  PLANCHAS,  HOJAS O BANDAS CUADRADAS O RECTANGULARES (INCLUIDOS LOS ESBOZOS PARA TAPONES CON ARISTAS VIVAS)",MERCANCIAS VARIAS,2010-05-25,NORMAL,ADMINISTRADOR
534,4503,MANUFACTURAS DE CORCHO NATURAL,MERCANCIAS VARIAS,2010-05-25,NORMAL,ADMINISTRADOR
535,4504,CORCHO AGLOMERADO (INCLUSO CON AGLUTINANTE) Y MANUFACTURAS DE CORCHO AGLOMERADO,MERCANCIAS VARIAS,2010-05-25,NORMAL,ADMINISTRADOR
536,4601,"TRENZAS Y ARTICULOS SIMILARES,  DE MATERIAS TRENZABLES. MATERIAS TRENZABLES,  TRENZAS Y ARTICULOS SIMILARES DE MATERIAS TRENZABLES,  TEJIDOS O PARALELIZADOS EN FORMA PLANA,  INCLUSO TERMINADOS (POR EJEMPLO ESTERILLAS,  ESTERAS Y CA?IZOS)",MERCANCIAS VARIAS,2010-05-25,NORMAL,ADMINISTRADOR
537,4602,ARTICULOS DE CESTERIA OBTENIDOS DIRECTAMENTE EN SU FORMA CON MATERIAS TRENZABLES O CONFECCIONADOS CON ARTICULOS DE LA PARTIDA 4601. MANUFACTURAS DE LUFA,MERCANCIAS VARIAS,2010-05-25,NORMAL,ADMINISTRADOR
538,4701,PASTA MECANICA DE MADERA,MERCANCIAS VARIAS,2010-05-25,NORMAL,ADMINISTRADOR
539,4702,PASTA QUIMICA DE MADERA PARA DISOLVER,MERCANCIAS VARIAS,2010-05-25,NORMAL,ADMINISTRADOR
540,4703,"PASTA QUIMICA DE MADERA A LA SOSA O AL SULFATO,  EXCEPTO LA PASTA PARA DISOLVER",MERCANCIAS VARIAS,2010-05-25,NORMAL,ADMINISTRADOR
541,4704,"PASTA QUIMICA DE MADERA AL SULFITO,  EXCEPTO LA PASTA PARA DISOLVER",MERCANCIAS VARIAS,2010-05-25,NORMAL,ADMINISTRADOR
542,4705,PASTA SEMIQUIMICA DE MADERA,MERCANCIAS VARIAS,2010-05-25,NORMAL,ADMINISTRADOR
543,4706,PASTA DE FIBRAS OBTENIDAS DE PAPEL O CARTON RECICLADOS (DESPERDICIOS Y DESECHOS) O DE LAS DEMAS MATERIAS FIBROSAS CELULOSICAS,MERCANCIAS VARIAS,2010-05-25,NORMAL,ADMINISTRADOR
544,4707,PAPEL O CARTON PARA RECICLAR (DESPERDICIOS Y DESECHOS),MERCANCIAS VARIAS,2010-05-25,NORMAL,ADMINISTRADOR
545,4801,PAPEL PRENSA EN BOBINAS O EN HOJAS,MERCANCIAS VARIAS,2010-05-25,NORMAL,ADMINISTRADOR
546,4802,"PAPEL Y CARTON,  SIN ESTUCAR NI RECUBRIR,  DEL TIPO DE LOS UTILIZADOS PARA ESCRIBIR,  IMPRIMIR U OTROS FINES GRAFICOS,  Y PAPEL Y CARTON PARA TARJETAS O CINTAS PERFORADAS,  EXCEPTO EL DE LAS PARTIDAS 4801 O 4803. PAPEL Y CARTON HECHO A MANO (HOJA A HOJA)",MERCANCIAS VARIAS,2010-05-25,NORMAL,ADMINISTRADOR
547,4803,"PAPEL DEL TIPO DEL UTILIZADO PARA PAPEL HIGIENICO,  TOALLITAS PARA DESMAQUILLAR,  TOALLAS,  SERVILLETAS O PAPELES SIMILARES DE USO DOMESTICO DE HIGIENE O DE TOCADOR",MERCANCIAS VARIAS,2010-05-25,NORMAL,ADMINISTRADOR
548,4804,"PAPEL Y CARTON KRAFT,  SIN ESTUCAR NI RECUBRIR,  EN BOBINAS O EN HOJAS,  EXCEPTO EL DE LAS PARTIDAS 4802 O 4803",MERCANCIAS VARIAS,2010-05-25,NORMAL,ADMINISTRADOR
549,4805,"LOS DEMAS PAPELES Y CARTONES,  SIN ESTUCAR NI RECUBRIR,  EN BOBINAS (ROLLOS) O EN HOJAS,  QUE NO HAYAN SIDO SOMETIDOS A TRABAJOS COMPLEMENTARIOS O TRATAMIENTOS DISTINTOS DE LOS ESPECIFICADOS EN LA NOTA 2 DE ESTE CAPITULO",MERCANCIAS VARIAS,2010-05-25,NORMAL,ADMINISTRADOR
550,4806,"PAPEL Y CARTON SULFURIZADO,  PAPEL RESISTENTE A LAS GRASAS,  PAPEL VEGETAL",MERCANCIAS VARIAS,2010-05-25,NORMAL,ADMINISTRADOR
551,4807,"PAPEL Y CARTON OBTENIDOS POR PEGADO DE HOJAS PLANAS,  SIN ESTUCAR NI RECUBRIR EN LA SUPERFICIE Y SIN IMPREGNAR,  INCLUSO REFORZADO INTERIORMENTE,  EN BOBINAS O EN HOJAS",MERCANCIAS VARIAS,2010-05-25,NORMAL,ADMINISTRADOR
552,4808,"PAPEL Y CARTON CORRUGADOS (INCLUSO REVESTIDOS POR ENCOLADO),  RIZADOS (<CREPES>),  PLISADOS,  GOFRADOS,  ESTAMPADOS O PERFORADOS,  EN BOBINAS (ROLLOS) O EN HOJAS,  EXCEPTO EL PAPEL DE LOS TIPOS DESCRITOS EN EL TEXTO DE LA PARTIDA 4803",MERCANCIAS VARIAS,2010-05-25,NORMAL,ADMINISTRADOR
553,4809,"PAPEL CARBON (CARBONICO),  PAPEL AUTOCOPIA Y DEMAS PAPELES PARA COPIAR O TRANSFERIR, ( INCLUSO EL RECUBIERTO O IMPREGNADO,  PARA CLISES DE MULTICOPISTA (<ESTENCILES>) O PARA PLANCHAS OFFSET),  INCLUSO IMPRESOS,  EN BOBINAS (ROLLOS) O EN HOJAS",MERCANCIAS VARIAS,2010-05-25,NORMAL,ADMINISTRADOR
554,4810,"PAPEL Y CARTON,  ESTUCADO POR UNA O LAS DOS CARAS EXCLUSIVAMENTE CON CAOLIN U OTRAS SUSTANCIAS INORGANICAS,  CON AGLUTINANTE O SIN EL,  INCLUSO COLOREADO O DECORADO EN LA SUPERFICIE O IMPRESO,  EN BOBINAS O EN HOJAS",MERCANCIAS VARIAS,2010-05-25,NORMAL,ADMINISTRADOR
555,4811,"PAPEL,  CARTON,  GUATA DE CELULOSA Y NAPAS DE FIBRAS DE CELULOSA,  ESTUCADOS,  RECUBIERTOS,  IMPREGNADOS O REVESTIDOS,  COLOREADOS O IMPRESOS,  EN BOBINAS (ROLLOS) O EN HOJAS,  EXCEPTO LOS PRODUCTOS DE LAS PARTIDAS 4803,  4809 O 4810",MERCANCIAS VARIAS,2010-05-25,NORMAL,ADMINISTRADOR
556,4812,"BLOQUES Y PLACAS,  FILTRANTES,  DE PASTA DE PAPEL       -",MERCANCIAS VARIAS,2010-05-25,NORMAL,ADMINISTRADOR
557,4813,"PAPEL DE FUMAR,  INCLUSO CORTADO AL TAMA?O ADECUADO,  EN LIBRILLOS O EN TUBOS",MERCANCIAS VARIAS,2010-05-25,NORMAL,ADMINISTRADOR
558,4814,PAPEL PARA DECORAR Y REVESTIMIENTOS SIMILARES DE PAREDES. PAPEL PARA VIDRIERAS,MERCANCIAS VARIAS,2010-05-25,NORMAL,ADMINISTRADOR
559,4815,CUBRESUELOS CON SOPORTE DE PAPEL O CARTON INCLUSO CORTADOS,MERCANCIAS VARIAS,2010-05-25,NORMAL,ADMINISTRADOR
560,4816,"PAPEL CARBON,  PAPEL AUTOCOPIA Y DEMAS PAPELES PARA COPIAR O TRANSFERIR (EXCEPTO LOS DE LA PARTIDA 4809),  CLISES DE MULTICOPISTA COMPLETOS Y PLANCHAS OFFSET,  DE PAPEL,  INCLUSO ACONDICIONADOS EN CAJAS",MERCANCIAS VARIAS,2010-05-25,NORMAL,ADMINISTRADOR
561,4817,"SOBRES,  SOBRES-CARTA,  TARJETAS POSTALES SIN ILUSTRAR Y TARJETAS PARA CORRESPONDENCIA,  DE PAPEL O CARTON. CAJAS,  SOBRES Y PRESENTACIONES SIMILARES,  DE PAPEL O CARTON,  CON UN SURTIDO DE ARTICULOS DE CORRESPONDENCIA",MERCANCIAS VARIAS,2010-05-25,NORMAL,ADMINISTRADOR
562,4818,"PAPEL DEL TIPO DEL UTILIZADO PARA PAPEL HIGIENICO Y PAPELES SIMILARES,  GUATA DE CELULOSA O NAPAS DE FIBRAS DE CELULOSA,  PARA FINES DOMESTICOS Y SANITARIOS,  PA?ALES PARA BEBES COMPRESAS Y TAMPONES HIGIENICOS DE PAPEL Y NAPA DE FIBRA DE CALULOSA",MERCANCIAS VARIAS,2010-05-25,NORMAL,ADMINISTRADOR
563,4819,"CAJAS,  SACOS,  BOLSAS,  CUCURUCHOS Y DEMAS ENVASES DE PAPEL,  CARTON,  GUATA DE CELULOSA O NAPAS DE FIBRAS DE CELULOSA. CARTONAJES DE OFICINA,  TIENDA O SIMILARES",MERCANCIAS VARIAS,2010-05-25,NORMAL,ADMINISTRADOR
564,4820,"LIBROS REGISTRO,  LIBROS DE CONTABILIDAD,  TALONARIOS,  AGENDAS,  MEMORANDOS,  BLOQUES DE PAPEL DE CARTAS Y ARTICULOS SIMILARES,  CUADERNOS,  CARPETAS DE MESA,  CLASIFICADORES,  ENCUADERNACIONES ,  Y SIMILARES DE PAPEL Y CARTON",MERCANCIAS VARIAS,2010-05-25,NORMAL,ADMINISTRADOR
565,4821,"ETIQUETAS DE TODAS CLASES,  DE PAPEL O CARTON,  INCLUSO IMPRESAS",MERCANCIAS VARIAS,2010-05-25,NORMAL,ADMINISTRADOR
566,4822,"TAMBORES,  BOBINAS,  CANILLAS Y SOPORTES SIMILARES,  DE PASTA DE PAPEL,  PAPEL O CARTON,  INCLUSO PERFORADOS O ENDURECIDOS",MERCANCIAS VARIAS,2010-05-25,NORMAL,ADMINISTRADOR
567,4823,"LOS DEMAS PAPELES,  CARTONES,  GUATAS DE CELULOSA Y NAPAS DE FIBRAS DE CELULOSA,  CORTADOS A SU TAMA?O. LOS DEMAS ARTICULOS DE PASTA DE PAPEL,  DE PAPEL,  CARTON,  GUATA DE CELULOSA O DE NAPAS DE FIBRAS DE CELULOSA",MERCANCIAS VARIAS,2010-05-25,NORMAL,ADMINISTRADOR
568,4901,"LIBROS,  FOLLETOS E IMPRESOS SIMILARES,  INCLUSO EN HOJAS SUELTAS",MERCANCIAS VARIAS,2010-05-25,NORMAL,ADMINISTRADOR
569,4902,"DIARIOS Y PUBLICACIONES PERIODICAS,  IMPRESOS,  INCLUSO ILUSTRADOS O CON PUBLICIDAD",MERCANCIAS VARIAS,2010-05-25,NORMAL,ADMINISTRADOR
570,4903,ALBUMES O LIBROS DE ESTAMPAS PARA NI?OS Y CUADERNOS INFANTILES PARA DIBUJAR O COLOREAR,MERCANCIAS VARIAS,2010-05-25,NORMAL,ADMINISTRADOR
571,4904,"MUSICA MANUSCRITA O IMPRESA,  INCLUSO CON ILUSTRACIONES O ENCUADERNADA",MERCANCIAS VARIAS,2010-05-25,NORMAL,ADMINISTRADOR
572,4905,"MANUFACTURAS CARTOGRAFICAS DE TODAS CLASES,  INCLUIDOS LOS MAPAS MURALES,  LOS PLANOS TOPOGRAFICOS Y LAS ESFERAS,  IMPRESOS",MERCANCIAS VARIAS,2010-05-25,NORMAL,ADMINISTRADOR
573,4906,"PLANOS Y DIBUJOS ORIGINALES HECHOS A MANO,  DE ARQUITECTURA,  DE INGENIERIA,  INDUSTRIALES,  TOPOGRAFICOS O SIMILARES. TEXTOS MANUSCRITOS. REPRODUCIONES FOTOGRAFICAS SOBRE PAPEL SENSIBILIZADO Y COPIAS CON PAPEL CARBON,  DE LOS PLANOS, DIBUJOS Y TEXTOS",MERCANCIAS VARIAS,2010-05-25,NORMAL,ADMINISTRADOR
574,4907,"SELLOS DE CORREOS,  TIMBRES FISCALES Y ANALOGOS,  SIN OBLITERAR,  QUE TENGAN O HAYAN DE TENER CURSO LEGAL EN EL PAIS DE DESTINO. PAPEL TIMBRADO. BILLETES DE BANCO. CHEQUES. TITULOS DE ACCIONES U OBLIGACIONES Y TITULOS SIMILARES",MERCANCIAS VARIAS,2010-05-25,NORMAL,ADMINISTRADOR
575,4908,CALCOMANIAS DE CUALQUIER CLASE,MERCANCIAS VARIAS,2010-05-25,NORMAL,ADMINISTRADOR
576,4909,"TARJETAS POSTALES IMPRESAS O ILUSTRADAS. TARJETAS IMPRESAS CON FELICITACIONES O COMUNICACIONES PERSONALES,  INCLUSO CON ILUSTRACIONES,  ADORNOS O APLICACIONES,  O CON SOBRE",MERCANCIAS VARIAS,2010-05-25,NORMAL,ADMINISTRADOR
577,4910,"CALENDARIOS DE CUALQUIER CLASE IMPRESOS,  INCLUIDOS LOS TACOS DE CALENDARIO",MERCANCIAS VARIAS,2010-05-25,NORMAL,ADMINISTRADOR
578,4911,"LOS DEMAS IMPRESOS,  INCLUIDAS LAS ESTAMPAS,  GRABADOS Y FOTOGRAFIAS",MERCANCIAS VARIAS,2010-05-25,NORMAL,ADMINISTRADOR
579,5001,CAPULLOS DE SEDA APTOS PARA EL DEVANADO,MERCANCIAS VARIAS,2010-05-25,NORMAL,ADMINISTRADOR
580,5002,SEDA CRUDA SIN TORCER,MERCANCIAS VARIAS,2010-05-25,NORMAL,ADMINISTRADOR
581,5003,"DESPERDICIOS DE SEDA (INCLUIDOS LOS CAPULLOS DE SEDA NO APTOS PARA EL DEVANADO,  LOS DESPERDICIOS DE HILADOS Y LAS HILACHAS)",MERCANCIAS VARIAS,2010-05-25,NORMAL,ADMINISTRADOR
582,5004,HILADOS DE SEDA (EXCEPTO LOS HILADOS DE DESPERDICIOS DE SEDA) SIN ACONDICIONAR PARA LA VENTA AL POR MENOR,MERCANCIAS VARIAS,2010-05-25,NORMAL,ADMINISTRADOR
583,5005,HILADOS DE DESPERDICIOS DE SEDA SIN ACONDICIONAR PARA LA VENTA AL POR MENOR,MERCANCIAS VARIAS,2010-05-25,NORMAL,ADMINISTRADOR
584,5006,"HILADOS DE SEDA O DE DESPERDICIOS DE SEDA,  ACONDICIONADOS PARA LA VENTA AL POR MENOR. PELO DE MESINA (CRIN DE FLORENCIA)",MERCANCIAS VARIAS,2010-05-25,NORMAL,ADMINISTRADOR
585,5007,TEJIDOS DE SEDA O DE DESPERDICIOS DE SEDA,MERCANCIAS VARIAS,2010-05-25,NORMAL,ADMINISTRADOR
586,5101,LANA SIN CARDAR NI PEINAR,MERCANCIAS VARIAS,2010-05-25,NORMAL,ADMINISTRADOR
587,5102,"PELO FINO U ORDINARIO,  SIN CARDAR NI PEINAR",MERCANCIAS VARIAS,2010-05-25,NORMAL,ADMINISTRADOR
588,5103,"DESPERDICIOS DE LANA O DE PELO FINO U ORDINARIO,  INCLUIDOS LOS DESPERDICIOS DE HILADOS,  PERO CON EXCLUSION DE LAS HILACHAS",MERCANCIAS VARIAS,2010-05-25,NORMAL,ADMINISTRADOR
589,5104,HILACHAS DE LANA O DE PELO FINO U ORDINARIO,MERCANCIAS VARIAS,2010-05-25,NORMAL,ADMINISTRADOR
590,5105,"LANA Y PELO FINO U ORDINARIO,  CARDADOS O PEINADOS (INCLUIDA LA LANA PEINADA A GRANEL)",MERCANCIAS VARIAS,2010-05-25,NORMAL,ADMINISTRADOR
591,5106,HILADOS DE LANA CARDADA SIN ACONDICIONAR PARA LA VENTA AL POR MENOR,MERCANCIAS VARIAS,2010-05-25,NORMAL,ADMINISTRADOR
592,5107,HILADOS DE LANA PEINADA SIN ACONDICIONAR PARA LA VENTA AL POR MENOR,MERCANCIAS VARIAS,2010-05-25,NORMAL,ADMINISTRADOR
593,5108,HILADOS DE PELO FINO CARDADO O PEINADO SIN ACONDICIONAR PARA LA VENTA AL POR MENOR,MERCANCIAS VARIAS,2010-05-25,NORMAL,ADMINISTRADOR
594,5109,"HILADOS DE LANA O DE PELO FINO,  ACONDICIONADOS PARA LA VENTA AL POR MENOR",MERCANCIAS VARIAS,2010-05-25,NORMAL,ADMINISTRADOR
595,5110,"HILADOS DE PELO ORDINARIO O DE CRIN (INCLUIDOS LOS HILADOS DE CRIN ENTORCHADOS),  AUNQUE ESTEN ACONDICIONADOS PARA LA VENTA AL POR MENOR",MERCANCIAS VARIAS,2010-05-25,NORMAL,ADMINISTRADOR
596,5111,TEJIDOS DE LANA CARDADA O DE PELO FINO CARDADO,MERCANCIAS VARIAS,2010-05-25,NORMAL,ADMINISTRADOR
597,5112,TEJIDOS DE LANA PEINADA O DE PELO FINO PEINADO,MERCANCIAS VARIAS,2010-05-25,NORMAL,ADMINISTRADOR
598,5113,TEJIDOS DE PELO ORDINARIO O DE CRIN,MERCANCIAS VARIAS,2010-05-25,NORMAL,ADMINISTRADOR
599,5201,ALGODON SIN CARDAR NI PEINAR,MERCANCIAS VARIAS,2010-05-25,NORMAL,ADMINISTRADOR
600,5202,DESPERDICIOS DE ALGODON (INCLUIDOS LOS DESPERDICIOS DE HILADOS Y LAS HILACHAS),MERCANCIAS VARIAS,2010-05-25,NORMAL,ADMINISTRADOR
601,5203,ALGODON CARDADO O PEINADO,MERCANCIAS VARIAS,2010-05-25,NORMAL,ADMINISTRADOR
602,5204,"HILO DE COSER DE ALGODON,  INCLUSO ACONDICIONADO PARA LA VENTA AL POR MENOR",MERCANCIAS VARIAS,2010-05-25,NORMAL,ADMINISTRADOR
603,5205,"HILADOS DE ALGODON (EXCEPTO EL HILO DE COSER) CON UN CONTENIDO DE ALGODON,  EN PESO,  SUPERIOR O IGUAL AL 85 %,  SIN ACONDICIONAR PARA LA VENTA AL POR MENOR",MERCANCIAS VARIAS,2010-05-25,NORMAL,ADMINISTRADOR
604,5206,"HILADOS DE ALGODON (EXCEPTO EL HILO DE COSER) CON UN CONTENIDO DE ALGODON,  INFERIOR AL 85 % EN PESO,  SIN ACONDICIONAR PARA LA VENTA AL POR MENOR",MERCANCIAS VARIAS,2010-05-25,NORMAL,ADMINISTRADOR
605,5207,HILADOS DE ALGODON (EXCEPTO EL HILO DE COSER) ACONDICIONADO PARA LA VENTA AL POR MENOR,MERCANCIAS VARIAS,2010-05-25,NORMAL,ADMINISTRADOR
606,5208,"TEJIDOS DE ALGODON CON UN CONTENIDO DE ALGODON SUPERIOR O IGUAL AL 85 % EN PESO,  DE GRAMAJE INFERIOR O IGUAL A 200 G/M2",MERCANCIAS VARIAS,2010-05-25,NORMAL,ADMINISTRADOR
607,5209,"TEJIDOS DE ALGODON CON UN CONTENIDO DE ALGODON SUPERIOR O IGUAL AL 85 % EN PESO,  DE GRAMAJE SUPERIOR A 200 G/M2",MERCANCIAS VARIAS,2010-05-25,NORMAL,ADMINISTRADOR
608,5210,"TEJIDOS DE ALGODON MEZCLADO EXCLUSIVA O PRINCIPALMENTE CON FIBRAS SINTETICAS O ARTIFICIALES CON UN CONTENIDO DE ALGODON INFERIOR AL 85 % EN PESO,  DE GRAMAJE INFERIOR O IGUAL A 200 G/M2",MERCANCIAS VARIAS,2010-05-25,NORMAL,ADMINISTRADOR
609,5211,"TEJIDOS DE ALGODON MEZCLADO EXCLUSIVA O PRINCIPALMENTE CON FIBRAS SINTETICAS O ARTIFICIALES,  CON UN CONTENIDO DE ALGODON INFERIOR AL 85 % EN PESO,  DE GRAMAJE SUPERIOR A 200 G/M2",MERCANCIAS VARIAS,2010-05-25,NORMAL,ADMINISTRADOR
610,5212,LOS DEMAS TEJIDOS DE ALGODON,MERCANCIAS VARIAS,2010-05-25,NORMAL,ADMINISTRADOR
611,5301,"LINO EN BRUTO O TRABAJADO,  PERO SIN HILAR. ESTOPAS Y DESPERDICIOS DE LINO (INCLUIDOS LOS DESPERDICIOS DE HILADOS Y LAS HILACHAS)",MERCANCIAS VARIAS,2010-05-25,NORMAL,ADMINISTRADOR
612,5302,"CA?AMO (CANNABIS SATIVA L.) EN BRUTO O TRABAJADO,  PERO SIN HILAR. ESTOPAS Y DESPERDICIOS DE CA?AMO (INCLUIDOS LOS DESPERDICIOS DE HILADOS Y LAS HILACHAS)",MERCANCIAS VARIAS,2010-05-25,NORMAL,ADMINISTRADOR
613,5303,"YUTE Y DEMAS FIBRAS TEXTILES DEL LIBER (CON EXCLUSION DEL LINO,  CA?AMO Y RAMIO),  EN BRUTO O TRABAJADOS,  PERO SIN HILAR. ESTOPAS Y DESPERDICIOS DE ESTAS FIBRAS (INCLUIDOS LOS DESPERDICIOS DE HILADOS Y LAS HILACHAS)",MERCANCIAS VARIAS,2010-05-25,NORMAL,ADMINISTRADOR
614,5304,"SISAL Y DEMAS FIBRAS TEXTILES DEL GENERO AGAVE,  EN BRUTO O TRABAJADOS,  PERO SIN HILAR. ESTOPAS Y DESPERDICIOS DE ESTAS FIBRAS (INCLUIDOS LOS DESPERDICIOS DE HILADOS Y LAS HILACHAS)",MERCANCIAS VARIAS,2010-05-25,NORMAL,ADMINISTRADOR
615,5305,"COCO,  ABACA (CA?AMO DE MANILA O MUSA TEXTILIS NEE),  RAMIO Y DEMAS FIBRAS TEXTILES VEGETALES NO EXPRESADAS NI COMPRENDIDAS EN OTRA PARTE,  EN BRUTO O TRABAJADAS,  PERO SIN HILAR. ESTOPAS Y DESPERDICIOS DE ESTAS FIBRAS (INCLUIDOS LOS DESPERDICIOS DE HILADOS Y LAS HILACHAS )",MERCANCIAS VARIAS,2010-05-25,NORMAL,ADMINISTRADOR
616,5306,HILADOS DE LINO,MERCANCIAS VARIAS,2010-05-25,NORMAL,ADMINISTRADOR
617,5307,HILADOS DE YUTE O DEMAS FIBRAS TEXTILES DEL LIBER DE LA PARTIDA 5303,MERCANCIAS VARIAS,2010-05-25,NORMAL,ADMINISTRADOR
618,5308,HILADOS DE LAS DEMAS FIBRAS VEGETALES. HILADOS DE PAPEL,MERCANCIAS VARIAS,2010-05-25,NORMAL,ADMINISTRADOR
619,5309,TEJIDOS DE LINO,MERCANCIAS VARIAS,2010-05-25,NORMAL,ADMINISTRADOR
620,5310,TEJIDOS DE YUTE O DEMAS FIBRAS TEXTILES DEL LIBER DE LA PARTIDA 5303,MERCANCIAS VARIAS,2010-05-25,NORMAL,ADMINISTRADOR
621,5311,TEJIDOS DE LAS DEMAS FIBRAS TEXTILES VEGETALES. TEJIDOS DE HILADOS DE PAPEL,MERCANCIAS VARIAS,2010-05-25,NORMAL,ADMINISTRADOR
622,5401,"HILO DE COSER DE FILAMENTOS SINTETICOS O ARTIFICIALES,  INCLUSO ACONDICIONADO PARA LA VENTA AL POR MENOR",MERCANCIAS VARIAS,2010-05-25,NORMAL,ADMINISTRADOR
623,5402,"HILADOS DE FILAMENTOS SINTETICOS (EXCEPTO EL HILO DE COSER) SIN ACONDICIONAR PARA LA VENTA AL POR MENOR,  INCLUIDOS LOS MONOFILAMENTOS SINTETICOS DE MENOS DE 67 DECITEX",MERCANCIAS VARIAS,2010-05-25,NORMAL,ADMINISTRADOR
624,5403,"HILADOS DE FILAMENTOS ARTIFICIALES (EXCEPTO EL HILO DE COSER),  SIN ACONDICIONAR PARA LA VENTA AL POR MENOR,  INCLUIDOS LOS MONOFILAMENTOS ARTIFICIALES DE MENOS DE 67 DECITEX",MERCANCIAS VARIAS,2010-05-25,NORMAL,ADMINISTRADOR
625,5404,"MONOFILAMENTOS SINTETICOS DE 67 DECITEX O MAS Y CUYA MAYOR DIMENSION DE LA SECCION TRANSVERSAL NO EXCEDA DE 1 MM. TIRAS Y FORMAS SIMILARES (POR EJEMPLO PAJA ARTIFICIAL) DE MATERIAS TEXTILES SINTETICAS,  DE ANCHURA APARENTE INFERIOR O IGUAL A 5 MM",MERCANCIAS VARIAS,2010-05-25,NORMAL,ADMINISTRADOR
626,5405,"MONOFILAMENTOS ARTIFICIALES DE 67 DECITEX O MAS Y CUYA MAYOR DIMENSION DE LA SECCION TRANSVERSAL NO EXCEDA DE 1 MM. TIRAS Y FORMAS SIMILARES (POR EJEMPLO PAJA ARTIFICIAL) DE MATERIAS TEXTILES ARTIFICIALES,  DE ANCHURA APARENTE INFERIOR O IGUAL A 5 MM",MERCANCIAS VARIAS,2010-05-25,NORMAL,ADMINISTRADOR
627,5406,"HILADOS DE FILAMENTOS SINTETICOS O ARTIFICIALES (EXCEPTO EL HILO DE COSER),  ACONDICIONADOS PARA LA VENTA AL POR MENOR",MERCANCIAS VARIAS,2010-05-25,NORMAL,ADMINISTRADOR
628,5407,"TEJIDOS DE HILADOS DE FILAMENTOS SINTETICOS,  INCLUIDOS LOS TEJIDOS FABRICADOS CON LOS PRODUCTOS DE LA PARTIDA 5404",MERCANCIAS VARIAS,2010-05-25,NORMAL,ADMINISTRADOR
629,5408,"TEJIDOS DE HILADOS DE FILAMENTOS ARTIFICIALES,  INCLUIDOS LOS FABRICADOS CON PRODUCTOS DE LA PARTIDA 5405",MERCANCIAS VARIAS,2010-05-25,NORMAL,ADMINISTRADOR
630,5501,CABLES DE FILAMENTOS SINTETICOS,MERCANCIAS VARIAS,2010-05-25,NORMAL,ADMINISTRADOR
631,5502,CABLES DE FILAMENTOS ARTIFICIALES,MERCANCIAS VARIAS,2010-05-25,NORMAL,ADMINISTRADOR
632,5503,"FIBRAS SINTETICAS DISCONTINUAS,  SIN CARDAR,  PEINAR NI TRANSFORMAR DE OTRO MODO PARA LA HILATURA",MERCANCIAS VARIAS,2010-05-25,NORMAL,ADMINISTRADOR
633,5504,"FIBRAS ARTIFICIALES DISCONTINUAS,  SIN CARDAR,  PEINAR NI TRANSFORMAR DE OTRO MODO PARA LA HILATURA",MERCANCIAS VARIAS,2010-05-25,NORMAL,ADMINISTRADOR
634,5505,"DESPERDICIOS DE FIBRAS SINTETICAS O ARTIFICIALES (INCLUIDAS LAS BORRAS,  LOS DESPERDICIOS DE HILADOS Y LAS HILACHAS)",MERCANCIAS VARIAS,2010-05-25,NORMAL,ADMINISTRADOR
635,5506,"FIBRAS SINTETICAS DISCONTINUAS,  CARDADAS,  PEINADAS O TRANSFORMADAS DE OTRO MODO PARA LA HILATURA",MERCANCIAS VARIAS,2010-05-25,NORMAL,ADMINISTRADOR
636,5507,"FIBRAS ARTIFICIALES DISCONTINUAS,  CARDADAS,  PEINADAS O TRANSFORMADAS DE OTRO MODO PARA LA HILATURA",MERCANCIAS VARIAS,2010-05-25,NORMAL,ADMINISTRADOR
637,5508,"HILO DE COSER DE FIBRAS SINTETICAS O ARTIFICIALES,  DISCONTINUAS,  INCLUSO ACONDICIONADO PARA LA VENTA AL POR MENOR",MERCANCIAS VARIAS,2010-05-25,NORMAL,ADMINISTRADOR
638,5509,"HILADOS DE FIBRAS SINTETICAS DISCONTINUAS (EXCEPTO EL HILO DE COSER),  SIN ACONDICIONAR PARA LA VENTA AL POR MENOR",MERCANCIAS VARIAS,2010-05-25,NORMAL,ADMINISTRADOR
639,5510,"HILADOS DE FIBRAS ARTIFICIALES DISCONTINUAS (EXCEPTO EL HILO DE COSER),  SIN ACONDICIONAR PARA LA VENTA AL POR MENOR",MERCANCIAS VARIAS,2010-05-25,NORMAL,ADMINISTRADOR
640,5511,"HILADOS DE FIBRAS ARTIFICIALES SINTETICAS O ARTIFICIALES,  DISCONTINUAS (EXCEPTO EL HILO DE COSER),  ACONDICIONADOS PARA LA VENTA AL POR MENOR",MERCANCIAS VARIAS,2010-05-25,NORMAL,ADMINISTRADOR
641,5512,TEJIDOS DE FIBRAS SINTETICAS DISCONTINUAS CON UN CONTENIDO DE FIBRAS SINTETICAS DISCONTINUAS SUPERIOR O IGUAL AL 85 % EN PESO,MERCANCIAS VARIAS,2010-05-25,NORMAL,ADMINISTRADOR
642,5513,"TEJIDOS DE FIBRAS SINTETICAS DISCONTINUAS CON UN CONTENIDO DE ESTAS FIBRAS INFERIOR AL 85 % EN PESO,  MEZCLADAS EXCLUSIVA O PRINCIPALMENTE CON ALGODON,  DE GRAMAJE INFERIOR O IGUAL A 170 G/M2",MERCANCIAS VARIAS,2010-05-25,NORMAL,ADMINISTRADOR
643,5514,"TEJIDOS DE FIBRAS SINTETICAS DISCONTINUAS CON UN CONTENIDO DE ESTAS FIBRAS INFERIOR AL 85 % EN PESO,  MEZCLADAS EXCLUSIVA O PRINCIPALMENTE CON ALGODON,  DE GRAMAJE SUPERIOR A 170 G/M2",MERCANCIAS VARIAS,2010-05-25,NORMAL,ADMINISTRADOR
644,5515,LOS DEMAS TEJIDOS DE FIBRAS SINTETICAS DISCONTINUAS,MERCANCIAS VARIAS,2010-05-25,NORMAL,ADMINISTRADOR
645,5516,TEJIDOS DE FIBRAS ARTIFICIALES DISCONTINUAS,MERCANCIAS VARIAS,2010-05-25,NORMAL,ADMINISTRADOR
646,5601,"GUATA DE MATERIAS TEXTILES Y ARTICULOS DE ESTA GUATA. FIBRAS TEXTILES DE LONGITUD INFERIOR O IGUAL A 5 MM (TUNDIZNOS),  NUDOS Y MOTAS DE MATERIAS TEXTILES",MERCANCIAS VARIAS,2010-05-25,NORMAL,ADMINISTRADOR
647,5602,"FIELTRO,  INCLUSO IMPREGNADO,  RECUBIERTO,  REVESTIDO O ESTRATIFICADO",MERCANCIAS VARIAS,2010-05-25,NORMAL,ADMINISTRADOR
648,5603,"TELAS SIN TEJER,  INCLUSO IMPREGNADAS,  RECUBIERTAS,  REVESTIDAS O ESTRATIFICADAS",MERCANCIAS VARIAS,2010-05-25,NORMAL,ADMINISTRADOR
649,5604,"HILOS Y CUERDAS DE CAUCHO,  REVESTIDOS DE TEXTILES. HILADOS TEXTILES,  TIRAS Y FORMAS SIMILARES DE LAS PARTIDAS 5404 O 5405,  IMPREGNADOS,  RECUBIERTOS,  REVESTIDOS O ENFUNDADOS CON CAUCHO O PLASTICO",MERCANCIAS VARIAS,2010-05-25,NORMAL,ADMINISTRADOR
650,5605,"HILADOS METALICOS E HILADOS METALIZADOS,  INCLUSO ENTORCHADOS,  CONSTITUIDOS POR HILADOS TEXTILES,  TIRAS O FORMAS SIMILARES DE LAS PARTIDAS 5404 O 5405,  BIEN COMBINADOS CON METAL EN FORMA DE HILOS,  TIRAS O POLVO,  BIEN REVESTIDOS DE METAL",MERCANCIAS VARIAS,2010-05-25,NORMAL,ADMINISTRADOR
651,5606,"HILADOS ENTORCHADOS,  TIRAS Y FORMAS SIMILARES DE LAS PARTIDAS 5404 O 5405,  ENTORCHADAS (EXCEPTO LOS DE LA PARTIDA 5605 Y LOS HILADOS DE CRIN ENTORCHADOS). HILADOS DE CHENILLA. <HILADOS DE CADENETA>",MERCANCIAS VARIAS,2010-05-25,NORMAL,ADMINISTRADOR
652,5607,"CORDELES,  CUERDAS Y CORDAJES,  TRENZADOS O NO,  INCLUSO IMPREGNADOS,  RECUBIERTOS,  REVESTIDOS O ENFUNDADOS CON CAUCHO O PLASTICO",MERCANCIAS VARIAS,2010-05-25,NORMAL,ADMINISTRADOR
653,5608,"REDES DE MALLAS ANUDADAS,  EN PA?OS O EN PIEZAS,  FABRICADAS CON CORDELES,  CUERDAS O CORDAJES. REDES CONFECCIONADAS PARA LA PESCA Y DEMAS REDES CONFECCIONADAS,  DE MATERIAS TEXTILES",MERCANCIAS VARIAS,2010-05-25,NORMAL,ADMINISTRADOR
654,5609,"ARTICULOS DE HILADOS,  TIRAS O FORMAS SIMILARES DE LAS PARTIDAS 5404 O 5405,  CORDELES,  CUERDAS O CORDAJES,  NO EXPRESADOS NI COMPRENDIDOS EN OTRAS PARTIDAS",MERCANCIAS VARIAS,2010-05-25,NORMAL,ADMINISTRADOR
655,5701,"ALFOMBRAS DE NUDO DE MATERIAS TEXTILES,  INCLUSO CONFECCIONADAS",MERCANCIAS VARIAS,2010-05-25,NORMAL,ADMINISTRADOR
656,5702,"ALFOMBRAS Y DEMAS REVESTIMIENTOS PARA EL SUELO,  DE MATERIAS TEXTILES TEJIDAS (EXCEPTO LOS DE MECHON INSERTADO Y LOS FLOCADOS),  AUNQUE ESTEN CONFECCIONADOS,  INCLUIDAS LAS ALFOMBRAS LLAMADAS <KELIM>, <KILIM> O <SCHUMACKS> <SOUMAK><KARAMANIE>,  Y ALFOMBRAS SIMILARES HECHAS A MANO",MERCANCIAS VARIAS,2010-05-25,NORMAL,ADMINISTRADOR
657,5703,"ALFOMBRAS Y DEMAS REVESTIMIENTOS PARA EL SUELO,  DE MATERIAS TEXTILES,  CON MECHON INSERTADO,  INCLUSO CONFECCIONADOS",MERCANCIAS VARIAS,2010-05-25,NORMAL,ADMINISTRADOR
658,5704,"ALFOMBRAS Y DEMAS REVESTIMIENTOS PARA EL SUELO,  DE FIELTRO,  EXCEPTO LOS DE MECHON INSERTADO Y LOS FLOCADOS,  INCLUSO CONFECCIONADOS",MERCANCIAS VARIAS,2010-05-25,NORMAL,ADMINISTRADOR
659,5705,"LAS DEMAS ALFOMBRAS Y REVESTIMIENTOS PARA EL SUELO,  DE MATERIAS TEXTILES,  INCLUSO CONFECCIONADOS",MERCANCIAS VARIAS,2010-05-25,NORMAL,ADMINISTRADOR
660,5801,"TERCIOPELO Y FELPA EXCEPTO LOS DE PUNTO,  Y TEJIDOS DE CHENILLA,  EXCEPTO LOS PRODUCTOS DE LA PARTIDA 5806",MERCANCIAS VARIAS,2010-05-25,NORMAL,ADMINISTRADOR
661,5802,"TEJIDOS CON BUCLES DEL TIPO PARA TOALLAS,  EXCEPTO LOS PRODUCTOS DE LA PARTIDA 5806. SUPERFICIES TEXTILES CON MECHON INSERTADO,  EXCEPTO LOS PRODUCTOS DE LA PARTIDA 5703",MERCANCIAS VARIAS,2010-05-25,NORMAL,ADMINISTRADOR
662,5803,"TEJIDOS DE GASA DE VUELTA,  EXCEPTO LOS PRODUCTOS DE LA PARTIDA 5806",MERCANCIAS VARIAS,2010-05-25,NORMAL,ADMINISTRADOR
663,5804,"TUL,  TUL-BOBINOT Y TEJIDOS DE MALLAS ANUDADAS. ENCAJES EN PIEZAS,  TIRAS O MOTIVOS EXCEPTO LOS PRODUCTOS DE LA PARTIDA 6002",MERCANCIAS VARIAS,2010-05-25,NORMAL,ADMINISTRADOR
664,5805,"TAPICERIA TEJIDA A MANO (GOBELINOS,  FLANDES,  AUBUSSON,  BEAUVAIS Y SIMILARES) Y TAPICERIA DE AGUJA (POR EJEMPLO DE PUNTO PEQUE?O O DE PUNTO DE CRUZ),  INCLUSO CONFECCIONADAS",MERCANCIAS VARIAS,2010-05-25,NORMAL,ADMINISTRADOR
665,5806,"CINTAS,  EXCEPTO LOS ARTICULOS DE LA PARTIDA 5807. CINTAS SIN TRAMA,  DE HILADOS O FIBRAS PARALELIZADOS Y AGLUTINADOS",MERCANCIAS VARIAS,2010-05-25,NORMAL,ADMINISTRADOR
666,5807,"ETIQUETAS,  ESCUDOS Y ARTICULOS SIMILARES,  DE MATERIAS TEXTILES,  EN PIEZA,  EN CINTAS O RECORTADOS,  SIN BORDAR",MERCANCIAS VARIAS,2010-05-25,NORMAL,ADMINISTRADOR
667,5808,"TRENZAS EN PIEZA. ARTICULOS DE PASAMANERIA Y ARTICULOS ORNAMENTALES ANALOGOS,  EN PIEZA,  SIN BORDAR (EXCEPTO LOS DE PUNTO). BELLOTAS,  MADRO?OS,  POMPONES,  BORLAS Y ARTICULOS SIMILARES",MERCANCIAS VARIAS,2010-05-25,NORMAL,ADMINISTRADOR
668,5809,"TEJIDOS DE HILOS DE METAL Y TEJIDOS DE HILADOS METALICOS O DE HILADOS TEXTILES METALIZADOS DE LA PARTIDA 5605,  DEL TIPO DE LOS UTILIZADOS PARA PRENDAS DE VESTIR,  TAPICERIA O USOS SIMILARES,  NO EXPRESADOS NI COMPRENDIDOS EN OTRAS PARTIDAS",MERCANCIAS VARIAS,2010-05-25,NORMAL,ADMINISTRADOR
669,5810,"BORDADOS EN PIEZAS,  TIRAS O MOTIVOS",MERCANCIAS VARIAS,2010-05-25,NORMAL,ADMINISTRADOR
670,5811,"PRODUCTOS TEXTILES ACOLCHADOS EN PIEZA,  CONSTITUIDOS POR UNA O VARIAS CAPAS DE MATERIAS TEXTILES COMBINADAS CON UNA MATERIA DE RELLENO Y MANTENIDAS MEDIANTE PUNTADAS U OTRO MODO DE SUJECION,  EXCEPTO LOS BORDADOS DE LA PARTIDA 5810",MERCANCIAS VARIAS,2010-05-25,NORMAL,ADMINISTRADOR
671,5901,"TELAS RECUBIERTAS DE COLA O MATERIAS AMILACEAS,  DEL TIPO DE LOS UTILIZADOS PARA LA ENCUADERNACION,  CARTONAJE,  ESTUCHERIA O USOS SIMILARES. TRANSPARENTES TEXTILES PARA CALCAR O DIBUJAR. LIENZOS PREPARADOS PARA PINTAR. BUCARAN Y TELAS RIGIDAS SIMILARES DE LAS TIPO UTILIZADAS EN SOMBRERERIA",MERCANCIAS VARIAS,2010-05-25,NORMAL,ADMINISTRADOR
672,5902,"NAPAS TRAMADAS PARA NEUMATICOS FABRICADAS CON HILOS DE ALTA TENACIDAD DE NAILON O DEMAS POLIAMIDAS,  DE POLIESTER O DE RAYON VISCOSA",MERCANCIAS VARIAS,2010-05-25,NORMAL,ADMINISTRADOR
673,5903,"TELAS IMPREGNADASS,  RECUBIERTAS,  REVESTIDAS O ESTRATIFICADAS CON PLASTICO,  EXCEPTO LAS DE LA PARTIDA 5902",MERCANCIAS VARIAS,2010-05-25,NORMAL,ADMINISTRADOR
674,5904,"LINOLEO,  INCLUSO CORTADO. REVESTIMIENTOS PARA EL SUELO FORMADOS POR UN RECUBRIMIENTO O REVESTIMIENTO APLICADO SOBRE UN SOPORTE TEXTIL,  INCLUSO CORTADOS",MERCANCIAS VARIAS,2010-05-25,NORMAL,ADMINISTRADOR
675,5905,REVESTIMIENTOS DE MATERIAS TEXTILES PARA PAREDES,MERCANCIAS VARIAS,2010-05-25,NORMAL,ADMINISTRADOR
676,5906,"TELAS CAUCHUTADAS,  EXCEPTO LAS DE LA PARTIDA 5902",MERCANCIAS VARIAS,2010-05-25,NORMAL,ADMINISTRADOR
677,5907,"LAS DEMAS TELAS IMPREGNADAS,  RECUBIERTAS O REVESTIDAS. LIENZOS PINTADOS PARA DECORACIONES DE TEATRO,  FONDOS DE ESTUDIO O USOS ANALOGOS",MERCANCIAS VARIAS,2010-05-25,NORMAL,ADMINISTRADOR
678,5908,"MECHAS DE MATERIAS TEXTILES TEJIDAS,  TRENZADAS O DE PUNTO,  PARA LAMPARAS,  HORNILLOS,  MECHEROS,  VELAS O SIMILARES. MANGUITOS DE INCANDESCENCIA Y TEJIDOS DE PUNTO ( EXCEPTO CROCHE O GANCHILLO ) TUBULARES UTILIZADOS PARA SU FABRICACION,  INCLUSO IMPREGNADOS",MERCANCIAS VARIAS,2010-05-25,NORMAL,ADMINISTRADOR
679,5909,"MANGUERAS PARA BOMBAS Y TUBOS SIMILARES,  DE MATERIAS TEXTILES,  INCLUSO CON ARMADURAS O ACCESORIOS DE OTRAS MATERIAS",MERCANCIAS VARIAS,2010-05-25,NORMAL,ADMINISTRADOR
680,5910,"CORREAS TRANSPORTADORAS O DE TRANSMISION,  DE MATERIAS TEXTILES,  INCLUSO IMPREGNADOS,  RECUBIERTAS,  REVESTIDAS O ESTRATIFICADAS CON PLASTICO O REFORZADAS CON METAL U OTRA MATERIA",MERCANCIAS VARIAS,2010-05-25,NORMAL,ADMINISTRADOR
681,5911,PRODUCTOS Y ARTICULOS TEXTILES PARA USOS TECNICOS MENCIONADOS EN LA NOTA 7 DE ESTE CAPITULO,MERCANCIAS VARIAS,2010-05-25,NORMAL,ADMINISTRADOR
682,6001,"TERCIOPELO,  FELPA (INCLUIDOS LOS TEJIDOS DE PUNTO <DE PELO LARGO>) Y TEJIDOS CON BUCLES,  DE PUNTO",MERCANCIAS VARIAS,2010-05-25,NORMAL,ADMINISTRADOR
683,6002,LOS DEMAS TEJIDOS DE PUNTO,MERCANCIAS VARIAS,2010-05-25,NORMAL,ADMINISTRADOR
684,6101,"ABRIGOS,  CHAQUETONES,  CAPAS,  ANORAKS,  CAZADORAS Y ARTICULOS SIMILARES,  DE PUNTO,  PARA HOMBRES O NI?OS,  CON EXCLUSION DE LOS ARTICULOS DE LA PARTIDA 6103",MERCANCIAS VARIAS,2010-05-25,NORMAL,ADMINISTRADOR
685,6102,"ABRIGOS,  CHAQUETONES,  CAPAS,  ANORAKS,  CAZADORAS Y ARTICULOS SIMILARES,  DE PUNTO,  PARA MUJERES O NI?AS,  CON EXCLUSION DE LOS ARTICULOS DE LA PARTIDA 6104",MERCANCIAS VARIAS,2010-05-25,NORMAL,ADMINISTRADOR
686,6103,"TRAJES ( AMBOS O TERNOS ),  CONJUNTOS,  CHAQUETAS ( SACOS ),  PANTALONES LARGOS,  PANTALONES CON PETO,  PANTALONES CORTOS ( CALZONES ) Y SHORTS ( EXCEPTO DE BA?O),  DE PUNTO,  PARA HOMBRES Y NI?OS",MERCANCIAS VARIAS,2010-05-25,NORMAL,ADMINISTRADOR
687,6104,"TRAJES SASTRE,  CONJUNTOS,  CHAQUETAS ( SACOS ),  VESTIDOS,  FALDAS,  FALDAS PANTALON,  PANTALONES LARGOS,  PANTALONES CON PETO,  PANTALONES CORTOS ( CALZONES ),  DE PUNTO,  PARA MUJERES O NI?AS",MERCANCIAS VARIAS,2010-05-25,NORMAL,ADMINISTRADOR
688,6105,CAMISAS DE PUNTO PARA HOMBRES O NI?OS,MERCANCIAS VARIAS,2010-05-25,NORMAL,ADMINISTRADOR
689,6106,"CAMISAS,  BLUSAS,  BLUSAS CAMISERAS,  DE PUNTO,  PARA MUJERES O NI?AS",MERCANCIAS VARIAS,2010-05-25,NORMAL,ADMINISTRADOR
690,6107,"CALZONCILLOS ( SLIPS ),  CAMISONES,  PIJAMAS,  ALBORNOCES,  BATAS Y ARTICULOS SIMILARES,  DE PUNTO,  PARA HOMBRES O NI?OS",MERCANCIAS VARIAS,2010-05-25,NORMAL,ADMINISTRADOR
691,6108,"COMBINACIONES,  ENAGUAS,  BRAGAS ( BOMBACHAS  CALZONES),  ( INCLUSO LAS QUE NO LLEGAN HASTA LA CINTURA ) CAMISONES,  PIJAMAS,  SALTOS DE CAMA,  ALBORNOCES,  BATAS Y ARTICULOS SIMILARES,  DE PUNTO,  PARA MUJERES O NI?AS",MERCANCIAS VARIAS,2010-05-25,NORMAL,ADMINISTRADOR
692,6109,T-SHIRTS Y CAMISETAS INTERIORES DE PUNTO,MERCANCIAS VARIAS,2010-05-25,NORMAL,ADMINISTRADOR
693,6110,"SUETERES( JERSEIS ),  <PULLOVERS>,  <CARDIGANS>,  CHALECOS Y ARTICULOS SIMILARES,  INCLUIDOS LOS  <SOUS-PULL>,  DE PUNTO",MERCANCIAS VARIAS,2010-05-25,NORMAL,ADMINISTRADOR
694,6111,"PRENDAS Y COMPLEMENTOS ( ACCESORIOS ) DE VESTIR,  DE PUNTO,  PARA BEBES",MERCANCIAS VARIAS,2010-05-25,NORMAL,ADMINISTRADOR
695,6112,"CONJUNTOS DE ABRIGO PARA ENTRENAMIENTO O DEPORTE,  MONOS ( OVEROLES ) Y CONJUNTOS DE ESQUI,  Y BA?ADORES,  DE PUNTO",MERCANCIAS VARIAS,2010-05-25,NORMAL,ADMINISTRADOR
696,6113,"PRENDAS CONFECCIONADAS CON TEJIDOS DE PUNTO DE LAS PARTIDAS 5903,  5906 O 5907",MERCANCIAS VARIAS,2010-05-25,NORMAL,ADMINISTRADOR
697,6114,"LAS DEMAS PRENDAS DE VESTIR,  DE PUNTO",MERCANCIAS VARIAS,2010-05-25,NORMAL,ADMINISTRADOR
698,6115,"CALZAS,  <PANTIMEDIAS>,  LEOTARDOS,  MEDIAS,  CALCETINES Y DEMAS ARTICULOS DE CALCETERIA,  INCLUSO PARA VARICES,  DE PUNTO",MERCANCIAS VARIAS,2010-05-25,NORMAL,ADMINISTRADOR
699,6116,"GUANTES,  MITONES Y MANOPLAS,  DE PUNTO",MERCANCIAS VARIAS,2010-05-25,NORMAL,ADMINISTRADOR
700,6117,"LOS DEMAS COMPLEMENTOS ( ACCESORIOS ) DE VESTIR CONFECCIONADOS,  DE PUNTO. PARTES DE PRENDAS O DE COMPLEMENTOS ( ACCESORIOS ),  DE VESTIR,  DE PUNTO",MERCANCIAS VARIAS,2010-05-25,NORMAL,ADMINISTRADOR
701,6201,"ABRIGOS,  CHAQUETONES,  CAPAS,  ANORAKS,  CAZADORAS Y ARTICULOS SIMILARES,  PARA HOMBRES O NI?OS,  CON EXCLUSION DE LOS ARTICULOS DE LA PARTIDA 6203",MERCANCIAS VARIAS,2010-05-25,NORMAL,ADMINISTRADOR
702,6202,"ABRIGOS,  CHAQUETONES,  CAPAS,  ANORAKS,  CAZADORAS Y ARTICULOS SIMILARES,  PARA MUJERES O NI?AS,  CON EXCLUSION DE LOS ARTICULOS DE LA PARTIDA 6204",MERCANCIAS VARIAS,2010-05-25,NORMAL,ADMINISTRADOR
703,6203,"TRAJES (AMBOS O TERNOS),  CONJUNTOS,  CHAQUETAS,  (SACOS) PANTALONES,  PANTALONES CON PETO,  PANTALONES CORTOS (CALZONES) Y SHORTS (EXCEPTO LOS DE BA?O),  PARA HOMBRES O NI?OS",MERCANCIAS VARIAS,2010-05-25,NORMAL,ADMINISTRADOR
704,6204,"TRAJES SASTRE,  CONJUNTOS,  CHAQUETAS, (SACOS) VESTIDOS,  FALDAS,  FALDAS PANTALON,  PANTALONES LARGOS,  PANTALONES CON PETO,  PANTALONES CORTOS (CALZONES) YSHORTS (EXCEPTO LOS DE BA?O),  PARA MUJERES O NI?AS",MERCANCIAS VARIAS,2010-05-25,NORMAL,ADMINISTRADOR
705,6205,CAMISAS PARA HOMBRES O NI?OS,MERCANCIAS VARIAS,2010-05-25,NORMAL,ADMINISTRADOR
706,6206,"CAMISAS,  BLUSAS Y BLUSAS CAMISERAS,  PARA MUJERES O NI?AS",MERCANCIAS VARIAS,2010-05-25,NORMAL,ADMINISTRADOR
707,6207,"CAMISETAS INTERIORES,  CALZONCILLOS,  SLIPS CAMISONES,  PIJAMAS,  ALBORNOCES,  BATAS Y ARTICULOS SIMILARES,  PARA HOMBRES O NI?OS",MERCANCIAS VARIAS,2010-05-25,NORMAL,ADMINISTRADOR
708,6208,"CAMISETAS INTERIORES,  COMBINACIONES,  ENAGUAS,  BRAGAS, (BOMBACHAS,  CALZONES) (INCLUSO LAS QUE  NO LLEGAN HASTA LA CINTURA) CAMISONES,  PIJAMAS,  SALTOS DE CAMA,  ALBORNOCES,  BATAS Y ARTICULOS SIMILARES,  PARA MUJERES O NI?AS",MERCANCIAS VARIAS,2010-05-25,NORMAL,ADMINISTRADOR
709,6209,"PRENDAS Y COMPLEMENTOS DE VESTIR,  PARA BEBES",MERCANCIAS VARIAS,2010-05-25,NORMAL,ADMINISTRADOR
710,6210,"PRENDAS DE VESTIR CONFECCIONADAS CON PRODUCTOS DE LAS PARTIDAS 5602,  5603,  5903,  5906 O 5907",MERCANCIAS VARIAS,2010-05-25,NORMAL,ADMINISTRADOR
711,6211,"CONJUNTOS DE ABRIGO PARA ENTRENAMIENTO O DEPORTE,  MONOS ( OVEROLES ) Y CONJUNTOS DE ESQUI,  Y BA?ADORES,  LAS DEMAS PRENDAS DE VESTIR.",MERCANCIAS VARIAS,2010-05-25,NORMAL,ADMINISTRADOR
712,6212,"SOSTENES, (CORPI?OS),  FAJAS,  CORSES,  TIRANTES, (TIRADORES),  LIGAS Y ARTICULOS SIMILARES,  Y SUS PARTES,  INCLUSO DE PUNTO",MERCANCIAS VARIAS,2010-05-25,NORMAL,ADMINISTRADOR
713,6213,PA?UELOS DE BOLSILLO,MERCANCIAS VARIAS,2010-05-25,NORMAL,ADMINISTRADOR
714,6214,"CHALES,  PA?UELOS DE CUELLO,   BUFANDAS,  MANTILLAS,  VELOS Y ARTICULOS SIMILARES",MERCANCIAS VARIAS,2010-05-25,NORMAL,ADMINISTRADOR
715,6215,CORBATAS Y LAZOS SIMILARES,MERCANCIAS VARIAS,2010-05-25,NORMAL,ADMINISTRADOR
716,6216,"GUANTES,  MITONES Y MANOPLAS",MERCANCIAS VARIAS,2010-05-25,NORMAL,ADMINISTRADOR
717,6217,"LOS DEMAS COMPLEMENTOS (ACCESORIOS) DE VESTIR. PARTES DE PRENDAS O DE COMPLEMENTOS (ACCESORIOS),  DE VESTIR,  EXCEPTO LAS DE LA PARTIDA 6212",MERCANCIAS VARIAS,2010-05-25,NORMAL,ADMINISTRADOR
718,6301,MANTAS,MERCANCIAS VARIAS,2010-05-25,NORMAL,ADMINISTRADOR
719,6302,"ROPA DE CAMA,  DE MESA,   TOCADOR O COCINA",MERCANCIAS VARIAS,2010-05-25,NORMAL,ADMINISTRADOR
720,6303,VISILLOS Y CORTINAS. GUARDAMALLETAS Y RODAPIES DE CAMA,MERCANCIAS VARIAS,2010-05-25,NORMAL,ADMINISTRADOR
721,6304,"LOS DEMAS ARTICULOS DE TAPICERIA,  EXCEPTO LOS DE LA PARTIDA 9404",MERCANCIAS VARIAS,2010-05-25,NORMAL,ADMINISTRADOR
722,6305,"SACOS  (BOLSAS) Y TALEGAS,  PARA ENVASAR",MERCANCIAS VARIAS,2010-05-25,NORMAL,ADMINISTRADOR
723,6306,"TOLDOS DE CUALQUIER CLASE. TIENDAS (CARPAS),  VELAS PARA EMBARCACIONES,  DESLIZADORES O VEHICULOS TERRESTRES. ARTICULOS DE ACAMPAR",MERCANCIAS VARIAS,2010-05-25,NORMAL,ADMINISTRADOR
724,6307,"LOS DEMAS ARTICULOS CONFECCIONADOS,  INCLUIDOS LOS PATRONES PARA PRENDAS DE VESTIR",MERCANCIAS VARIAS,2010-05-25,NORMAL,ADMINISTRADOR
725,6308,"JUEGOS CONSTITUIDOS POR PIEZAS DE TEJIDO E HILADOS,  INCLUSO CON ACCESORIOS,  PARA LA CONFECCION DE ALFOMBRAS,  TAPICERIA,  MANTELES O SERVILLETAS BORDADOS O DE ARTICULOS TEXTILES SIMILARES,  EN ENVASES PARA LA VENTA AL POR MENOR",MERCANCIAS VARIAS,2010-05-25,NORMAL,ADMINISTRADOR
726,6309,ARTICULOS DE PRENDERIA,MERCANCIAS VARIAS,2010-05-25,NORMAL,ADMINISTRADOR
727,6310,"TRAPOS,  CORDELES,  CUERDAS Y CORDAJES,  DE MATERIAS TEXTILES,  EN DESPERDICIOS O EN ARTICULOS INSERVIBLES",MERCANCIAS VARIAS,2010-05-25,NORMAL,ADMINISTRADOR
728,6401,"CALZADO IMPERMEABLE CON SUELA Y PARTE SUPERIOR DE CAUCHO O DE PLASTICO,  CUYA PARTE SUPERIOR NO SE HAYA UNIDO AL PISO POR COSTURA O REMACHES,  CLAVOS,  TORNILLOS,  ESPIGAS O DISPOSITIVOS SIMILARES,  NI SE HAYA FORMADO CON DIFERENTES PARTES UNIDAS DE LA MISMA MANERA",MERCANCIAS VARIAS,2010-05-25,NORMAL,ADMINISTRADOR
729,6402,LOS DEMAS CALZADOS CON SUELA Y PARTE SUPERIOR DE CAUCHO O DE PLASTICO,MERCANCIAS VARIAS,2010-05-25,NORMAL,ADMINISTRADOR
730,6403,"CALZADO CON SUELA DE CAUCHO,  PLASTICO,  CUERO NATURAL,  REGENERADO Y PARTE SUPERIOR DE CUERO NATURAL",MERCANCIAS VARIAS,2010-05-25,NORMAL,ADMINISTRADOR
731,6404,"CALZADO CON SUELA DE CAUCHO,  PLASTICO,  CUERO NATURAL,  REGENERADO Y PARTE SUPERIOR DE MATERIAS TEXTILES",MERCANCIAS VARIAS,2010-05-25,NORMAL,ADMINISTRADOR
732,6405,LOS DEMAS CALZADOS,MERCANCIAS VARIAS,2010-05-25,NORMAL,ADMINISTRADOR
733,6406,"PARTES DE CALZADO ( INCLUSO LAS PARTES SUPERIORES FIJADAS A LAS PALMILLAS DISTINTAS DELA SUELA ). PLANTILLAS,  TALONERAS Y ARTICULOS SIMILARES AMOVIBLES. POLAINAS,  Y ARTICULOS SIMILARES Y SUS PARTES",MERCANCIAS VARIAS,2010-05-25,NORMAL,ADMINISTRADOR
734,6501,"CASCOS SIN FORMA NI ACABADO,  PLATOS (DISCOS) Y CILINDROS,  AUNQUE ESTEN CORTADOS EN EL SENTIDO DE LA ALTURA,  DE FIELTRO,  PARA SOMBREROS",MERCANCIAS VARIAS,2010-05-25,NORMAL,ADMINISTRADOR
735,6502,"CASCOS PARA SOMBREROS,  TRENZADOS O FABRICADOS POR UNION DE TIRAS DE CUALQUIER MATERIAL,  SIN FORMAR,  ACABAR NI GUARNECER",MERCANCIAS VARIAS,2010-05-25,NORMAL,ADMINISTRADOR
736,6503,"SOMBREROS Y DEMAS TOCADOS DE FIELTRO FABRICADOS CON CASCOS O PLATOS DE LA PARTIDA 6501,  INCLUSO GUARNECIDOS",MERCANCIAS VARIAS,2010-05-25,NORMAL,ADMINISTRADOR
737,6504,"SOMBREROS Y DEMAS TOCADOS,  TRENZADOS O FABRICADOS POR UNION DE TIRAS DE CUALQUIER MATERIA,  INCLUSO GUARNECIDOS",MERCANCIAS VARIAS,2010-05-25,NORMAL,ADMINISTRADOR
738,6505,"SOMBREROS Y DEMAS TOCADOS,  DE PUNTO,  O CONFECCIONADOS CON ENCAJE,  FIELTRO U OTRO PRODUCTO TEXTIL,  EN PIEZA (PERO NO EN TIRAS),  INCLUSO GUARNECIDOS. REDECILLAS PARA EL CABELLO,  DE CUALQUIER MATERIA,  INCLUSO GUARNECIDAS",MERCANCIAS VARIAS,2010-05-25,NORMAL,ADMINISTRADOR
739,6506,"LOS DEMAS SOMBREROS Y TOCADOS,  INCLUSO GUARNECIDOS",MERCANCIAS VARIAS,2010-05-25,NORMAL,ADMINISTRADOR
740,6507,"DESUDADORES,  FORROS,  FUNDAS,  ARMADURAS,  VISERAS Y BARBOQUEJOS ( BARBIJOS ),  PARA SOMBRERERIA",MERCANCIAS VARIAS,2010-05-25,NORMAL,ADMINISTRADOR
741,6601,"PARAGUAS,  SOMBRILLAS Y QUITASOLES (INCLUIDOS LOS PARAGUAS BASTON,  LOS QUITASOLES TOLDO Y ARTICULOS SIMILARES)",MERCANCIAS VARIAS,2010-05-25,NORMAL,ADMINISTRADOR
742,6602,"BASTONES,  BASTONES ASIENTO,  LATIGOS,  FUSTAS Y ARTICULOS SIMILARES",MERCANCIAS VARIAS,2010-05-25,NORMAL,ADMINISTRADOR
743,6603,"PARTES,  GUARNICIONES Y ACCESORIOS PARA LOS ARTICULOS DE LAS PARTIDAS 6601 O 6602",MERCANCIAS VARIAS,2010-05-25,NORMAL,ADMINISTRADOR
744,6701,"PIELES Y OTRAS PARTES DE AVES CON LAS PLUMAS O EL PLUMON. PLUMAS,  PARTES DE PLUMAS,  PLUMON Y ARTICULOS DE ESTAS MATERIAS,  EXCEPTO LOS PRODUCTOS DE LA PARTIDA 0505 Y DE LOS CA?ONES Y ASTILES DE PLUMAS,  TRABAJADOS",MERCANCIAS VARIAS,2010-05-25,NORMAL,ADMINISTRADOR
745,6702,"FLORES,  FOLLAJES Y FRUTOS,  ARTIFICIALES Y SUS PARTES. ARTICULOS CONFECCIONADOS CON FLORES,  FOLLAJES O FRUTOS,  ARTIFICIALES",MERCANCIAS VARIAS,2010-05-25,NORMAL,ADMINISTRADOR
746,6703,"CABELLO PEINADO,  AFINADO,  BLANQUEADO O PREPARADO DE OTRA FORMA. LANA,  PELO U OTRAS MATERIAS TEXTILES,  PREPARADOS PARA LA FABRICACION DE PELUCAS O DE ARTICULOS SIMILARES",MERCANCIAS VARIAS,2010-05-25,NORMAL,ADMINISTRADOR
747,6704,"PELUCAS,  BARBAS,  CEJAS,  PESTA?AS,  MECHONES Y ARTICULOS ANALOGOS,  DE CABELLO,  PELO O DE MATERIA TEXTIL. MANUFACTURAS DE CABELLO NO EXPRESADAS NI COMPRENDIDAS EN OTRAS PARTIDAS",MERCANCIAS VARIAS,2010-05-25,NORMAL,ADMINISTRADOR
748,6801,"ADOQUINES,  ENCINTADO ( BORDILLOS ) Y LOSAS PARA PAVIMENTOS,  DE PIEDRA NATURAL (EXCEPTO LA PIZARRA)",MERCANCIAS VARIAS,2010-05-25,NORMAL,ADMINISTRADOR
749,6802,"PIEDRAS DE TALLAS O DE CONSTRUCCION TRABAJADAS (EXCEPTO LA PIZARRA) Y SUS MANUFACTURAS EXCEPTO LAS DE LA PARTIDA 6801. CUBOS,  DADOS Y ARTICULOS SIMILARES PARA MOSAICOS DE PIEDRA NATURAL ( INCLUIDA LA PIZARRA ) AUNQUE ESTEN SOBRE SOPORTE,  GRANULOS,  TASQUILES ( FRAGMENTOS ) Y POLVO DE PIEDRA NATURAL ( INCLUIDA LA PIZARRA ) COLOREADOS ARTIFICIALMENTE",MERCANCIAS VARIAS,2010-05-25,NORMAL,ADMINISTRADOR
750,6803,PIZARRA NATURAL TRABAJADA Y MANUFACTURAS DE PIZARRA NATURAL O AGLOMERADA,MERCANCIAS VARIAS,2010-05-25,NORMAL,ADMINISTRADOR
751,6804,"MUELAS Y ARTICULOS SIMILARES,  SIN BASTIDOR,  PARA MOLER,  DESFIBRAR,  TRITURAR,  AFILAR,  PULIR,  RECTIFICAR,  CORTAR O TROCEAR,  PIEDRAS DE AFILAR O PULIR A MANO,  Y SUS PARTES,  DE PIEDRA NATURAL,  DE ABRASIVOS NATURALES O ARTIF. AGLOMERADOS O DE CERAMICA,  INCLUSO CON PARTES DE OTRAS MATERIA",MERCANCIAS VARIAS,2010-05-25,NORMAL,ADMINISTRADOR
752,6805,"ABRASIVOS NATURALES O ARTIFICIALES EN POLVO O EN GRANULOS CON SOPORTE DE MATERIA TEXTIL,  PAPEL,  CARTON U OTRAS MATERIAS,  INCLUSO RECORTADOS,  COSIDOS O UNIDOS DE OTRA FORMA",MERCANCIAS VARIAS,2010-05-25,NORMAL,ADMINISTRADOR
753,6806,"LANA DE ESCORIA,  DE ROCA Y LANAS MINERALES SIMILARES,  VERMICULITA DILATADA,  ARCILLA DILATADA,  ESPUMA DE ESCORIA Y PRODUCTOS MINERALES SIMILARES DILATADOS,  MEZCLAS Y MANUFACTURAS DE MATERIAS MINERALES PARA AISLAMIENTO TERMICO O ACUSTICO,  O PARA LA ABSORCION DEL SONIDO EXCEPTO DE LAS DE LAS PARTIDAS,  6812 O DEL CAPITULO 69",MERCANCIAS VARIAS,2010-05-25,NORMAL,ADMINISTRADOR
754,6807,"MANUFACTURAS DE ASFALTO O DE PRODUCTOS SIMILARES (POR EJEMPLO PEZ DE PETROLEO,  BREA)",MERCANCIAS VARIAS,2010-05-25,NORMAL,ADMINISTRADOR
755,6808,"PANELES,  PLACAS,  LOSETAS,  BLOQUES Y ARTICULOS SIMILARES,  DE FIBRA VEGETAL,  PAJA O VIRUTA,  DE PLAQUITAS O PARTICULAS,  O DE ASERRIN O DEMAS DESPERDICIOS DE MADERA,  AGLOMERADOS CON CEMENTO,  YESO FRAGUABLE U OTRO AGLUTINANTE MINERAL",MERCANCIAS VARIAS,2010-05-25,NORMAL,ADMINISTRADOR
756,6809,MANUFACTURAS DE YESO FRAGUABLE O DE PREPARACIONES A BASE DE YESO,MERCANCIAS VARIAS,2010-05-25,NORMAL,ADMINISTRADOR
757,6810,"MANUFACTURAS DE CEMENTO,  HORMIGON O DE PIEDRA ARTIFICIAL,  INCLUSO ARMADAS",MERCANCIAS VARIAS,2010-05-25,NORMAL,ADMINISTRADOR
758,6811,"MANUFACTURAS DE AMIANTO-CEMENTO,  CELULOSA-CEMENTO O SIMILARES",MERCANCIAS VARIAS,2010-05-25,NORMAL,ADMINISTRADOR
759,6812,"AMIANTO (ASBESTO) EN FIBRAS TRABAJADO. MEZCLAS A BASE DE AMIANTO O A BASE DE AMIANTO Y CARBONATO DE MAGNESIO. MANUFACTURAS DE ESTAS MEZCLAS O DE AMIANTO (POR EJEMPLO HILADOS,  TEJIDOS,  PRENDAS DE VESTIR,  SOMBREROS,  Y DEMAS TOCADOS,  CALZADO,  JUNTAS),  INCLUSO ARMADAS,  EXCEPTO LAS DE LAS PARTIDAS 6811 O 6813",MERCANCIAS VARIAS,2010-05-25,NORMAL,ADMINISTRADOR
760,6813,"GUARNICIONES DE FRICCION (POR EJEMPLO HOJAS,  ROLLOS,  TIRAS,  SEGMENTOS,  DISCOS,  ARANDELAS,  PLAQUITAS ) SIN MONTAR,  PARA FRENOS,  EMBRAGUES O CUALQUIER ORGANO DE FROTAMIENTO,  A BASE DE AMIANTO ( ASBESTO ),  DE OTRAS SUSTANCIAS MINERALES O DE CELULOSA,  INCLUSO COMBINADAS CON TEXTILES U OTRAS MATERIAS",MERCANCIAS VARIAS,2010-05-25,NORMAL,ADMINISTRADOR
761,6814,"MICA TRABAJADA Y MANUFACTURAS DE MICA,  INCLUIDA LA MICA AGLOMERADA O RECONSTITUIDA,  INCLUSO CON SOPORTE DE PAPEL,  CARTON U OTRAS MATERIAS",MERCANCIAS VARIAS,2010-05-25,NORMAL,ADMINISTRADOR
762,6815,"MANUFACTURAS DE PIEDRA O DEMAS MATERIAS MINERALES (INCLUIDAS LAS FIBRAS DE CARBONO Y SUS MANUFACTURAS Y LAS MANUFACTURAS DE TURBA),  NO EXPRESADAS NI COMPRENDIDAS EN OTRAS PARTIDAS",MERCANCIAS VARIAS,2010-05-25,NORMAL,ADMINISTRADOR
763,6901,"LADRILLOS,  PLACAS,  BALDOSAS Y OTRAS PIEZAS CERAMICAS DE HARINAS SILICEAS FOSILES (POR EJEMPLO KIESELGUHR,  TRIPOLITA O DIATOMITA) O DE TIERRAS SILICEAS ANALOGAS",MERCANCIAS VARIAS,2010-05-25,NORMAL,ADMINISTRADOR
764,6902,"LADRILLOS,  PLACAS,  BALDOSAS Y PIEZAS CERAMICAS ANALOGAS DE CONSTRUCCION,  REFRACTARIOS,  EXCEPTO LOS DE HARINAS SILICEAS FOSILES O DE TIERRAS SILICEAS ANALOGAS",MERCANCIAS VARIAS,2010-05-25,NORMAL,ADMINISTRADOR
765,6903,"LOS DEMAS ARTICULOS CERAMICOS REFRACTARIOS (POR EJEMPLO RETORTAS,  CRISOLES,  MUFLAS,  TOBERAS,  TAPONES,  SOPORTES,  COPELAS,  TUBOS,  FUNDAS O VARILLAS),  EXCEPTO LOS DE HARINAS SILICEAS FOSILES O DE TIERRAS SILICEAS ANALOGAS",MERCANCIAS VARIAS,2010-05-25,NORMAL,ADMINISTRADOR
766,6904,"LADRILLOS DE CONSTRUCCION,  BOVEDILLAS,  CUBREVIGAS Y ARTICULOS SIMILARES,  DE CERAMICA",MERCANCIAS VARIAS,2010-05-25,NORMAL,ADMINISTRADOR
767,6905,"TEJAS,  ELEMENTOS DE CHIMENEA,  CONDUCTOS DE HUMO,  ORNAMENTOS ARQUITECTONICOS Y OTROS ARTICULOS CERAMICOS DE CONSTRUCCION",MERCANCIAS VARIAS,2010-05-25,NORMAL,ADMINISTRADOR
768,6906,"TUBOS,  CANALONES Y ACCESORIOS DE TUBERIA,  DE CERAMICA",MERCANCIAS VARIAS,2010-05-25,NORMAL,ADMINISTRADOR
769,6907,"PLACAS Y BALDOSAS,  DE CERAMICA, SIN BARNIZAR NI ESMALTAR PARA PAVIMENTACION O REVESTIMIENTO,  CUBOS,  DADOS Y ARTICULOS SIMILARES,  DE CERAMICA,  PARA MOSAICOS,  SIN BARNIZAR NI ESMALTAR,  INCLUSO CON SOPORTE",MERCANCIAS VARIAS,2010-05-25,NORMAL,ADMINISTRADOR
770,6908,"PLACAS Y BALDOSAS,  DE CERAMICA BARNIZADAS O ESMALTADAS PARA PAVIMENTACION O REVESTIMENTO,  CUBOS,  DADOS Y ARTICULOS SIMILARES,  DE CERAMICA,  PARA MOSAICOS,  BARNIZADOS O ESMALTADOS,  INCLUSO CON SOPORTE",MERCANCIAS VARIAS,2010-05-25,NORMAL,ADMINISTRADOR
771,6909,"APARATOS Y ARTICULOS,  DE CERAMICA PARA USOS QUIMICOS O DEMAS USOS TECNICOS. ABREVADEROS,  PILAS Y RECIPIENTES SIMILARES,  DE CERAMICA,  PARA USOS RURALES. CANTAROS Y RECIPIENTES SIMILARES DE TRANSPORTE O ENVASADO",MERCANCIAS VARIAS,2010-05-25,NORMAL,ADMINISTRADOR
772,6910,"FREGADEROS,  LAVABOS,  PEDESTALES DE LAVABO,  BA?ERAS,  BIDES,  INODOROS,  CISTERNAS,  URINARIOS Y APARATOS FIJOS SIMILARES,  DE CERAMICA,  PARA USOS SANITARIOS",MERCANCIAS VARIAS,2010-05-25,NORMAL,ADMINISTRADOR
773,6911,"VAJILLAS Y DEMAS ARTICULOS DE USO DOMESTICO,   HIGIENE O  TOCADOR,  DE PORCELANA",MERCANCIAS VARIAS,2010-05-25,NORMAL,ADMINISTRADOR
774,6912,"VAJILLAS Y DEMAS ARTICULOS DE USO DOMESTICO,   HIGIENE O TOCADOR,  DE CERAMICA,  EXCEPTO DE PORCELANA",MERCANCIAS VARIAS,2010-05-25,NORMAL,ADMINISTRADOR
775,6913,"ESTATUILLAS Y DEMAS ARTICULOS PARA ADORNO,  DE CERAMICA",MERCANCIAS VARIAS,2010-05-25,NORMAL,ADMINISTRADOR
776,6914,LAS DEMAS MANUFACTURAS DE CERAMICA,MERCANCIAS VARIAS,2010-05-25,NORMAL,ADMINISTRADOR
777,7001,DESPERDICIOS Y DESECHOS DE VIDRIO. VIDRIO EN MASA,MERCANCIAS VARIAS,2010-05-25,NORMAL,ADMINISTRADOR
778,7002,"VIDRIO EN BOLAS (EXCEPTO LAS MICROESFERAS DE LA PARTIDA 7018),  BARRAS,  VARILLAS O TUBOS,  SIN TRABAJAR",MERCANCIAS VARIAS,2010-05-25,NORMAL,ADMINISTRADOR
779,7003,"VIDRIO COLADO EN PLACAS,  HOJAS O PERFILES,  INCLUSO CON CAPA ABSORBENTE,  REFLECTANTE O ANTIRREFLECTANTE,  PERO SIN TRABAJAR DE OTRO MODO",MERCANCIAS VARIAS,2010-05-25,NORMAL,ADMINISTRADOR
780,7004,"VIDRIO ESTIRADO O SOPLADO,  EN HOJAS,  INCLUSO CON CAPA ABSORBENTE REFLECTANTE O ANTIRREFLECTANTE,  PERO SIN TRABAJAR DE OTRO MODO",MERCANCIAS VARIAS,2010-05-25,NORMAL,ADMINISTRADOR
781,7005,"VIDRIO FLOTADO Y VIDRIO DESBASTADO O PULIDO POR UNA DE LAS DOS CARAS,  EN PLACAS U HOJAS,  INCLUSO CON CAPA ABSORBENTE,  REFLECTANTE O ANTIRREFLECTANTE,  PERO SIN TRABAJAR DE OTRO MODO",MERCANCIAS VARIAS,2010-05-25,NORMAL,ADMINISTRADOR
782,7006,"VIDRIO DE LAS PARTIDAS 7003,  7004 O 7005,  CURVADO,  BISELADO,  GRABADO,  TALADRADO,  ESMALTADO O TRABAJADO DE OTRO MODO,  PERO SIN ENMARCAR NI COMBINAR CON OTRAS MATERIAS",MERCANCIAS VARIAS,2010-05-25,NORMAL,ADMINISTRADOR
783,7007,VIDRIO DE SEGURIDAD CONSTITUIDO POR VIDRIO TEMPLADO O CONTRACHAPADO,MERCANCIAS VARIAS,2010-05-25,NORMAL,ADMINISTRADOR
784,7008,VIDRIERAS AISLANTES DE PAREDES MULTIPLES,MERCANCIAS VARIAS,2010-05-25,NORMAL,ADMINISTRADOR
785,7009,"ESPEJOS DE VIDRIO ENMARCADOS O NO,  INCLUIDOS LOS ESPEJOS RETROVISORES",MERCANCIAS VARIAS,2010-05-25,NORMAL,ADMINISTRADOR
786,7010,"BOMBONAS,  (DAMAJUANAS) BOTELLAS,  FRASCOS,  BOCALES,  TARROS,  ENVASES TUBULARES O AMPOLLAS Y DEMAS RECIPIENTES PARA EL TRANSPORTE O ENVASADO,  DE VIDRIO. BOCALES PARA CONSERVAS,  DE VIDRIO. TAPONES Y TAPAS Y DEMAS DISPOSITIVOS DE CIERRE,  DE VIDRIO",MERCANCIAS VARIAS,2010-05-25,NORMAL,ADMINISTRADOR
787,7011,"AMPOLLAS Y ENVOLTURAS TUBULARES,  ABIERTAS,  Y SUS PARTES,  DE VIDRIO,  SIN GUARNICIONES,  PARA LAMPARAS ELECTRICAS,  TUBOS CATODICOS O SIMILARES",MERCANCIAS VARIAS,2010-05-25,NORMAL,ADMINISTRADOR
788,7012,AMPOLLAS DE VIDRIO PARA TERMOS O DEMAS RECIPIENTES ISOTERMICOS AISLADOS POR VACIO,MERCANCIAS VARIAS,2010-05-25,NORMAL,ADMINISTRADOR
789,7013,"OBJETOS DE VIDRIO PARA EL SERVICIO DE MESA,  DE COCINA,  DE TOCADOR,  DE OFICINA,  PARA ADORNO DE INTERIORES O USOS SIMILARES,  EXCEPTO LOS DE LAS PARTIDAS 7010 O 7018",MERCANCIAS VARIAS,2010-05-25,NORMAL,ADMINISTRADOR
790,7014,"VIDRIO PARA SE?ALIZACION Y ELEMENTOS DE OPTICA DE VIDRIO (EXCEPTO LOS DE LA PARTIDA 7015),  SIN TRABAJAR OPTICAMENTE",MERCANCIAS VARIAS,2010-05-25,NORMAL,ADMINISTRADOR
791,7015,"CRISTALES PARA RELOJES Y CRISTALES ANALOGOS,  CRISTALES PARA GAFAS ( ANTEOJOS ),  INCLUSO CORRECTORES,  ABOMBADOS,  CURVADOS,  AHUECADOS O SIMILARES,  SIN TRABAJAR OPTICAMENTE. ESFERAS HUECAS Y SUS SEGMENTOS (CASQUETES ESFERICOS ),  DE VIDRIO PARA LA FABRICACION DE ESTOS CRISTALES",MERCANCIAS VARIAS,2010-05-25,NORMAL,ADMINISTRADOR
792,7016,"ADOQUINES,  BALDOSAS,  LADRILLOS,  PLACAS,  TEJAS Y DEMAS ARTICULOS,  DE VIDRIO PRENSADO O MOLDEADO,  INCLUSO ARMADOS,  PARA LA CONSTRUCCION. CUBOS,  DADOS Y DEMAS ARTICULOS SIMILARES DE VIDRIO INCLUSO CON SOPORTE,  PARA MOSAICOS O DECORACIONES SIMILARES,  VIDRIERAS ARTISTICAS ( VITRALES),  INCLUSO VIDRIOS INCOLOROS. VIDRIO MULTICELULAR O VIDRIO ESPUMA,  EN BLOQUES,  PANELES,  PLACAS,  BOQUILLAS O FORMAS SIMILARES",MERCANCIAS VARIAS,2010-05-25,NORMAL,ADMINISTRADOR
793,7017,"ARTICULOS DE VIDRIO PARA LABORATORIO,  HIGIENE O FARMACIA,  INCLUSO GRADUADOS O CALIBRADOS",MERCANCIAS VARIAS,2010-05-25,NORMAL,ADMINISTRADOR
794,7018,"CUENTAS DE VIDRIO,  IMITACIONES DE PERLAS DE PIEDRAS PRECIOSAS O SEMIPRECIOSAS Y ARTICULOS SIMILARES DE ABALORIO,  Y SUS MANUFACTURAS (EXCEPTO LA BISUTERIA),  OJOS DE VIDRIO EXCEPTO LOS DE PROTESIS,  ESTATUILLAS Y DEMAS ARTICULOS DE ADORNO,  DE VIDRIO TRABAJADO AL SOPLETE ( VIDRIO AHILADO ),  EXCEPTO LA BISUTERIA,   MICROESFERAS DE VIDIRIO CON UN DIAMETRO INFERIOR O IGUAL A 1 MM",MERCANCIAS VARIAS,2010-05-25,NORMAL,ADMINISTRADOR
795,7019,"FIBRA DE VIDRIO (INCLUIDA LA LANA DE VIDRIO) Y MANUFACTURAS DE ESTA MATERIA (POR EJEMPLO HILADOS,  TEJIDOS)",MERCANCIAS VARIAS,2010-05-25,NORMAL,ADMINISTRADOR
796,7020,LAS DEMAS MANUFACTURAS DE VIDRIO,MERCANCIAS VARIAS,2010-05-25,NORMAL,ADMINISTRADOR
797,7101,"PERLAS FINAS ( NATURALES ) O CULTIVADAS,  INCLUSO TRABAJADAS O CLASIFICADAS,  PERO SIN ENSARTAR,  MONTAR NI ENGARZAR. PERLAS FINAS O ( NATURALES ) CULTIVADAS,  ENFILADAS TEMPORALMENTE PARA FACILITAR EL TRANSPORTE",MERCANCIAS VARIAS,2010-05-25,NORMAL,ADMINISTRADOR
798,7102,"DIAMANTES,  INCLUSO TRABAJADOS,  SIN MONTAR NI ENGARZAR",MERCANCIAS VARIAS,2010-05-25,NORMAL,ADMINISTRADOR
799,7103,"PIEDRAS PRECIOSAS O SEMIPRECIOSAS,  NATURALES,  EXCEPTO LOS DIAMANTES,  INCLUSO TRABAJADAS O CLASIFICADAS,  SIN ENSARTAR, MONTAR NI ENGARZAR. PIEDRAS PRECIOSAS NATURALES,  SEMIPRECIOSAS,  NATURALES,  EXCEPTO LOS DIAMANTES, SIN CLASIFICAR, ENSARTAS TEMPORALMENTE PARA FACILITAR EL TRANSPORTE",MERCANCIAS VARIAS,2010-05-25,NORMAL,ADMINISTRADOR
800,7104,"PIEDRAS PRECIOSAS O SEMIPRECIOSAS,  SINTETICAS O RECONSTITUIDAS,  INCLUSO TRABAJADAS O CLASIFICADAS,  SIN ENSARTAR,  MONTAR NI ENGARZAR. PIEDRAS PRECIOSAS O SEMIPRECIOSAS,  SINTETICAS O RECONSTITUIDAS,  SIN CLASIFICAR,  ENSARTADAS TEMPORALMENTE PARA FACILITAR EL TRANSPORTE",MERCANCIAS VARIAS,2010-05-25,NORMAL,ADMINISTRADOR
801,7105,"POLVO DE PIEDRAS PRECIOSAS O SEMIPRECIOSAS,  NATURALES O SINTETICAS",MERCANCIAS VARIAS,2010-05-25,NORMAL,ADMINISTRADOR
802,7106,"PLATA,  INCLUIDA LA PLATA DORADA Y LA PLATINADA,  EN BRUTO,  SEMILABRADA O EN POLVO",MERCANCIAS VARIAS,2010-05-25,NORMAL,ADMINISTRADOR
803,7107,"CHAPADO ( PLAQUE ) DE PLATA SOBRE METALE COMUN,  EN BRUTO O SEMILABRADOS",MERCANCIAS VARIAS,2010-05-25,NORMAL,ADMINISTRADOR
804,7108,"ORO,  (INCLUIDO EL ORO PLATINADO ),  EN BRUTO,  SEMILABRADO O EN POLVO",MERCANCIAS VARIAS,2010-05-25,NORMAL,ADMINISTRADOR
805,7109,"CHAPADO ( PLAQUE ) DE ORO SOBRE METAL COMUN O SOBRE PLATA,  EN BRUTO O SEMILABRADOS",MERCANCIAS VARIAS,2010-05-25,NORMAL,ADMINISTRADOR
806,7110,"PLATINO EN BRUTO,  SEMILABRADO O EN POLVO",MERCANCIAS VARIAS,2010-05-25,NORMAL,ADMINISTRADOR
807,7111,"CHAPADO ( PLAQUE ) DE PLATINO SOBRE METAL COMUN,  PLATA U ORO,  EN BRUTO O SEMILABRADO",MERCANCIAS VARIAS,2010-05-25,NORMAL,ADMINISTRADOR
808,7112,DESPERDICIOS Y DESHECHOS DE METAL PRECIOSO O DE CHAPADO DE METAL PRECIOSO ( PLAQUE ). DEMAS DESPERDICIOS Y DESECHOS QUE CONTENGAN METAL PRECIOSO O COMPUESTOS DE METAL PRECIOSO DEL TIPO DE LOS UTILIZADOS PRINCIPALMENTE PARA LA RECUPERACION DEL METAL PRECIOSO,MERCANCIAS VARIAS,2010-05-25,NORMAL,ADMINISTRADOR
809,7113,ARTICULOS DE JOYERIA Y SUS PARTES DE METAL PRECIOSO O DE CHAPADOS DE METAL PRECIOSO ( PLAQUE ),MERCANCIAS VARIAS,2010-05-25,NORMAL,ADMINISTRADOR
810,7114,"ARTICULOS DE ORFEBRERIA Y SUS PARTES,  DE METAL PRECIOSO O DE CHAPADOS DE METAL PRECIOSO ( PLAQUE )",MERCANCIAS VARIAS,2010-05-25,NORMAL,ADMINISTRADOR
811,7115,LAS DEMAS MANUFACTURAS DE METAL PRECIOSO O DE CHAPADOS DE METAL PRECIOSO ( PLAQUE ),MERCANCIAS VARIAS,2010-05-25,NORMAL,ADMINISTRADOR
812,7116,"MANUFACTURAS DE PERLAS FINAS ( NATURALES ) O CULTIVADAS,  DE PIEDRAS PRECIOSAS O SEMIPRECIOSAS ( NATURALES,  SINTETICAS O RECONSTITUIDAS",MERCANCIAS VARIAS,2010-05-25,NORMAL,ADMINISTRADOR
813,7117,BISUTERIA,MERCANCIAS VARIAS,2010-05-25,NORMAL,ADMINISTRADOR
814,7118,MONEDAS,MERCANCIAS VARIAS,2010-05-25,NORMAL,ADMINISTRADOR
815,7201,"FUNDICION EN BRUTO Y FUNDICION ESPECULAR,  EN LINGOTES,  BLOQUES U OTRAS FORMAS PRIMARIAS",MERCANCIAS VARIAS,2010-05-25,NORMAL,ADMINISTRADOR
816,7202,FERROALEACIONES,MERCANCIAS VARIAS,2010-05-25,NORMAL,ADMINISTRADOR
817,7203,"PRODUCTOS FERREOS OBTENIDOS POR REDUCCION DIRECTA DE MINERALES DE HIERRO Y DEMAS PRODUCTOS FERREOS ESPONJOSOS,  EN TROZOS,  <PELLETS> O FORMAS SIMILARES. HIERRO CON UNA PUREZA SUPERIOR O IGUAL AL 99, 94 % EN PESO,  EN TROZOS,  <PELLETS> O FORMAS SIMILARES",MERCANCIAS VARIAS,2010-05-25,NORMAL,ADMINISTRADOR
818,7204,"DESPERDICIOS Y DESECHOS ( CHATARRA ),  DE FUNDICION,  HIERRO O ACERO. LINGOTES DE CHATARRA DE HIERRO O  ACERO",MERCANCIAS VARIAS,2010-05-25,NORMAL,ADMINISTRADOR
819,7205,"GRANALLAS Y POLVO,  DE FUNDICION EN BRUTO,  DE FUNDICION ESPECULAR,  DE HIERRO O DE ACERO",MERCANCIAS VARIAS,2010-05-25,NORMAL,ADMINISTRADOR
820,7206,"HIERRO Y ACERO SIN ALEAR,  EN LINGOTES U DEMAS FORMAS PRIMARIAS,  EXCEPTO EL HIERRO DE LA PARTIDA 7203",MERCANCIAS VARIAS,2010-05-25,NORMAL,ADMINISTRADOR
821,7207,PRODUCTOS INTERMEDIOS DE HIERRO O DE ACERO SIN ALEAR,MERCANCIAS VARIAS,2010-05-25,NORMAL,ADMINISTRADOR
822,7208,"PRODUCTOS LAMINADOS PLANOS DE HIERRO O DE ACERO SIN ALEAR,  DE ANCHURA SUPERIOR O IGUAL A 600 MM,  LAMINADOS EN CALIENTE,  SIN CHAPAR NI REVESTIR",MERCANCIAS VARIAS,2010-05-25,NORMAL,ADMINISTRADOR
823,7209,"PRODUCTOS LAMINADOS PLANOS DE HIERRO O DE ACERO SIN ALEAR,  DE ANCHURA SUPERIOR O IGUAL A 600 MM,  LAMINADOS EN FRIO,  SIN CHAPAR NI REVESTIR",MERCANCIAS VARIAS,2010-05-25,NORMAL,ADMINISTRADOR
824,7210,"PRODUCTOS LAMINADOS PLANOS DE HIERRO O DE ACERO SIN ALEAR,  DE ANCHURA SUPERIOR O IGUAL A 600 MM,  CHAPADOS O REVESTIDOS",MERCANCIAS VARIAS,2010-05-25,NORMAL,ADMINISTRADOR
825,7211,"PRODUCTOS LAMINADOS PLANOS DE HIERRO O DE ACERO SIN ALEAR,  DE ANCHURA INFERIOR A 600 MM,  SIN CHAPAR NI REVESTIR",MERCANCIAS VARIAS,2010-05-25,NORMAL,ADMINISTRADOR
826,7212,"PRODUCTOS LAMINADOS PLANOS DE HIERRO O DE ACERO SIN ALEAR,  DE ANCHURA INFERIOR A 600 MM,  CHAPADOS O REVESTIDOS",MERCANCIAS VARIAS,2010-05-25,NORMAL,ADMINISTRADOR
827,7213,ALAMBRON DE HIERRO O DE ACERO SIN ALEAR,MERCANCIAS VARIAS,2010-05-25,NORMAL,ADMINISTRADOR
828,7214,"BARRAS DE HIERRO O DE ACERO SIN ALEAR,  SIMPLEMENTE FORJADAS,  LAMINADAS O EXTRUDIDAS,  EN CALIENTE,  ASI COMO LAS SOMETIDAS A TORSION DESPUES DEL LAMINADO",MERCANCIAS VARIAS,2010-05-25,NORMAL,ADMINISTRADOR
829,7215,LAS DEMAS BARRAS DE HIERRO O DE ACERO SIN ALEAR,MERCANCIAS VARIAS,2010-05-25,NORMAL,ADMINISTRADOR
830,7216,PERFILES DE HIERRO O DE ACERO SIN ALEAR,MERCANCIAS VARIAS,2010-05-25,NORMAL,ADMINISTRADOR
831,7217,ALAMBRE DE HIERRO O DE ACERO SIN ALEAR,MERCANCIAS VARIAS,2010-05-25,NORMAL,ADMINISTRADOR
832,7218,ACERO INOXIDABLE EN LINGOTES O DEMAS  FORMAS PRIMARIAS.PRODUCTOS INTERMEDIOS DE ACERO INOXIDABLE,MERCANCIAS VARIAS,2010-05-25,NORMAL,ADMINISTRADOR
833,7219,"PRODUCTOS LAMINADOS PLANOS DE ACERO INOXIDABLE,  DE ANCHURA SUPERIOR O IGUAL A 600 MM",MERCANCIAS VARIAS,2010-05-25,NORMAL,ADMINISTRADOR
834,7220,"PRODUCTOS LAMINADOS PLANOS DE ACERO INOXIDABLE,  DE ANCHURA INFERIOR A 600 MM",MERCANCIAS VARIAS,2010-05-25,NORMAL,ADMINISTRADOR
835,7221,ALAMBRON DE ACERO INOXIDABLE,MERCANCIAS VARIAS,2010-05-25,NORMAL,ADMINISTRADOR
836,7222,"BARRAS Y PERFILES,  DE ACERO INOXIDABLE",MERCANCIAS VARIAS,2010-05-25,NORMAL,ADMINISTRADOR
837,7223,ALAMBRE DE ACERO INOXIDABLE,MERCANCIAS VARIAS,2010-05-25,NORMAL,ADMINISTRADOR
838,7224,LOS DEMAS ACEROS ALEADOS EN LINGOTES O DEMAS FORMAS PRIMARIAS.PRODUCTOS INTERMEDIOS DE LOS DEMAS ACEROS ALEADOS,MERCANCIAS VARIAS,2010-05-25,NORMAL,ADMINISTRADOR
839,7225,"PRODUCTOS LAMINADOS PLANOS DE LOS DEMAS ACEROS ALEADOS,  DE ANCHURA SUPERIOR O IGUAL A 600 MM",MERCANCIAS VARIAS,2010-05-25,NORMAL,ADMINISTRADOR
840,7226,"PRODUCTOS LAMINADOS PLANOS DE LOS DEMAS ACEROS ALEADOS,  DE ANCHURA INFERIOR A 600 MM",MERCANCIAS VARIAS,2010-05-25,NORMAL,ADMINISTRADOR
841,7227,ALAMBRON DE LOS DEMAS ACEROS,MERCANCIAS VARIAS,2010-05-25,NORMAL,ADMINISTRADOR
842,7228,"BARRAS Y PERFILES,  DE LOS DEMAS ACEROS ALEADOS. BARRAS HUECAS PARA PERFORACION,  DE ACERO ALEADOS O SIN ALEAR",MERCANCIAS VARIAS,2010-05-25,NORMAL,ADMINISTRADOR
843,7229,ALAMBRE DE LOS DEMAS ACEROS ALEADOS,MERCANCIAS VARIAS,2010-05-25,NORMAL,ADMINISTRADOR
844,7301,"TABLESTACAS DE HIERRO O DE ACERO,  INCLUSO PERFORADAS O HECHAS CON ELEMENTOS ENSAMBLADOS. PERFILES DE HIERRO O ACERO OBTENIDOS POR SOLDADURA,",MERCANCIAS VARIAS,2010-05-25,NORMAL,ADMINISTRADOR
845,7302,"ELEMENTOS PARA VIAS FERREAS,  DE FUNDICION,   HIERRO O  ACERO: CARRILES,  (RIELES),  CONTRACARRILES (CONTRARRIELES) Y CREMALLERAS,  AGUJAS,  PUNTAS DE CORAZON,  VARILLAS PARA EL MANDO DE AGUJAS,   Y DEMAS ELEMENTOS PARA CRUCE Y CAMBIO DE VIAS,  TRAVIESAS (DURMIENTES),  BRIDAS,  COJINETES,  CU?AS,  PLACAS DE ASIENTO,  PLACAS DE UNION,  PLACAS Y TIRANTES DE SEPARACION,  Y DEMAS PIEZAS DE PIEZAS DISE?ADAS ESPECIALMENTE PARA LA COLOCACION,   PARA UNION,  FIJACION DE  CARRILES (RIELES)",MERCANCIAS VARIAS,2010-05-25,NORMAL,ADMINISTRADOR
846,7303,"TUBOS Y PERFILES HUECOS,  DE FUNDICION",MERCANCIAS VARIAS,2010-05-25,NORMAL,ADMINISTRADOR
847,7304,"TUBOS Y PERFILES HUECOS,  SIN SOLDADURA, ( SIN COSTURA) DE HIERRO O DE ACERO",MERCANCIAS VARIAS,2010-05-25,NORMAL,ADMINISTRADOR
848,7305,"LOS DEMAS TUBOS (POR EJEMPLO SOLDADOS O REMACHADOS),  DE SECCION CIRCULAR,  CON DIAMETRO EXTERIOR SUPERIOR A 406, 4 MM,  DE HIERRO O DE ACERO",MERCANCIAS VARIAS,2010-05-25,NORMAL,ADMINISTRADOR
849,7306,"LOS DEMAS TUBOS Y PERFILES HUECOS (POR EJEMPLO SOLDADOS,  REMACHADOS,  GRAPADOS O CON LOS BORDES SIMPLEMENTE APROXIMADOS),  DE HIERRO O DE ACERO",MERCANCIAS VARIAS,2010-05-25,NORMAL,ADMINISTRADOR
850,7307,"ACCESORIOS DE TUBERIA (POR EJEMPLO EMPALMES (RACORES),  CODOS O MANGUITOS),  DE FUNDICION,  DE HIERRO O DE ACERO",MERCANCIAS VARIAS,2010-05-25,NORMAL,ADMINISTRADOR
851,7308,"CONSTRUCCIONES Y PARTES DE CONSTRUCCIONES (POR EJEMPLO PUENTES Y SUS PARTES COMPUERTAS DE EXCLUSAS,  TORRES,  CASTILLETES,  PILARES,  COLUMNAS,  ARMAZONES PARA TECHUMBRE, TECHADOS,   PUERTAS,  Y VENTANAS Y SUS MARCOS,  BASTIDORES Y UMBRALES,  CORTINAS DE CIERRE,   BALAUSTRADAS),  DE FUNCICION DE HIERRO O ACERO CON EXCEPCION DE LAS PREFABRICADAS DE 9406,  CHAPAS ,  BARRAS,  PERFILES,  TUBOS Y SIMILARES DE FUNDICION HIERRO O ACERO PREPARADOS PARA LA COSNTRUCCION.",MERCANCIAS VARIAS,2010-05-25,NORMAL,ADMINISTRADOR
852,7309,"DEPOSITOS,  CISTERNAS,  CUBAS Y RECIPIENTES SIMILARES PARA CUALQUIER MATERIA (CON EXCEPCION DE LOS GASES COMPRIMIDOS O LICUADOS),  DE FUNDICION,  DE HIERRO O DE ACERO,  DE CAPACIDAD > QUE 300 L,  SIN DISPOSITIVOS MECANICOS NI TERMICOS INCLUSO CON REVESTIMIENTO INTERIOR O CALORIFUGO.",MERCANCIAS VARIAS,2010-05-25,NORMAL,ADMINISTRADOR
853,7310,"DEPOSITOS,  BARRILES,  TAMBORES,  BIDONES, LATAS O BOTES,  CAJAS Y RECIPIENTES SIMILARES,  PARA CUALQUIER MATERIA( EXCEPTO LOS GASES COMPRIMIDOS O LICUADOS),  DE FUNDICION,  DE HIERRO O ACERO,  DE CAPACIDAD <= A 300 L,  SIN DISPOSITIVO MECANICO O TERMICO,  INCLUSO CON REVESTIMIENTO INTERIOR CALORIFUGO.",MERCANCIAS VARIAS,2010-05-25,NORMAL,ADMINISTRADOR
854,7311,"RECIPIENTES PARA GASES COMPRIMIDOS O LICUADOS,  DE FUNDICION,  DE HIERRO O DE ACERO",MERCANCIAS VARIAS,2010-05-25,NORMAL,ADMINISTRADOR
855,7312,"CABLES,  TRENZAS,  ESLINGAS Y ARTICULOS SIMILARES,  DE HIERRO O DE ACERO,  SIN AISLAR PARA USOS ELECTRICOS PARA ELECTRICIDAD.",MERCANCIAS VARIAS,2010-05-25,NORMAL,ADMINISTRADOR
856,7313,"ALAMBRE DE PUAS DE HIERRO O ACERO. ALAMBRE (SIMPLE O DOBLE) Y FLEJE,   TORCIDOS,  INCLUSO CON PUAS DE HIERRO O ACERO DEL TIPO DE LOS UTILIZADOS PARA CERCAR      -",MERCANCIAS VARIAS,2010-05-25,NORMAL,ADMINISTRADOR
857,7314,"TELAS METALICAS (INCLUIDAS LAS CONTINUAS O SIN FIN)REDES Y REJAS DE ALAMBRE,  DE HIERRO O DE ACERO. CHAPAS Y TIRAS EXTENDIDAS (DESPLEGADAS),  DE HIERRO O DE ACERO",MERCANCIAS VARIAS,2010-05-25,NORMAL,ADMINISTRADOR
858,7315,"CADENAS Y SUS PARTES,  DE FUNDICION,  DE HIERRO O DE ACERO",MERCANCIAS VARIAS,2010-05-25,NORMAL,ADMINISTRADOR
859,7316,"ANCLAS,  REZONES Y SUS PARTES,  DE FUNDICION,  HIERRO O ACERO",MERCANCIAS VARIAS,2010-05-25,NORMAL,ADMINISTRADOR
860,7317,"PUNTAS,  CLAVOS,  CHINCHETAS(CHINCHES),  GRAPAS APUNTADAS,  GRAPAS ONDULADAS O BISELADAS Y ARTICULOS SIMILARES,  DE FUNDICION,  DE HIERRO O DE ACERO,  INCLUSO CON CABEZA DE OTRAS MATERIAS,  CON EXCLUSION DE LOS DE CABEZA DE COBRE",MERCANCIAS VARIAS,2010-05-25,NORMAL,ADMINISTRADOR
861,7318,"TORNILLOS,  PERNOS,  TUERCAS,  TIRAFONDOS,  ESCARPIAS ROSCADAS,  REMACHES,  PASADORES,  CLAVIJAS,  CHAVETAS,  ARANDELAS (INCLUIDAS LAS ARANDELAS DE MUELLE RESORTE) Y ARTICULOS SIMILARES,  DE FUNDICION,  DE HIERRO O DE ACERO",MERCANCIAS VARIAS,2010-05-25,NORMAL,ADMINISTRADOR
862,7319,"AGUJAS DE COSER,  DE TEJER,  PASACINTAS,  AGUJAS DE GANCHILLO (CROCHE),  PUNZONES PARA BORDAR Y ARTICULOS SIMILARES,  DE USO MANUAL,  DE HIERRO O DE ACERO. ALFILERES DE GANCHO (IMPERDIBLES),  Y DEMAS ALFILERES DE HIERRO O DE ACERO,  NO EXPRESADOS NI COMPRENDIDOS EN OTRA PARTE.",MERCANCIAS VARIAS,2010-05-25,NORMAL,ADMINISTRADOR
863,7320,"MUELLES (RESORTES),  BALLESTAS Y SUS HOJAS,  DE HIERRO O DE ACERO",MERCANCIAS VARIAS,2010-05-25,NORMAL,ADMINISTRADOR
864,7321,"ESTUFAS,  CALDERAS CON HOGAR,  COCINAS (INCLUIDAS LAS QUE PUEDAN UTILIZARSE ACCESORIAMENTE PARA CALEFACCION CENTRAL),  BARBACOAS,  (PARRILLAS) BRASEROS,  HORNILLOS DE GAS,  CALIENTAPLATOS Y APARATOS NO ELECTRICOS SIMILARES,  DE USO DOMESTICO Y SUS PARTES,  DE FUNDICION,  DE HIERRO O DE ACERO",MERCANCIAS VARIAS,2010-05-25,NORMAL,ADMINISTRADOR
865,7322,"RADIADORES PARA LA CALEFACCION CENTRAL,  DE CALENTAMIENTO NO ELECTRICO,  Y SUS PARTES,  DE FUNDICION,  DE HIERRO O DE ACERO. GENERADORES Y DISTRIBUIDORES DE AIRE CALIENTE (INCLUIDOS LOS DISTRIBUIDORES QUE PUEDAN FUNCIONAR TAMBIEN COMO DISTRIBUIDORES DE AIRE FRESCO O ACONDICIONADO),  DE CALENTAMIENTO NO ELECTRICO,  QUE LLEVEN UN VENTILADOSR O UN SOLPADOR CON MOTOR,  Y SUS PARTES,  DE FUNCIDICION,  HIERRO O ACERO",MERCANCIAS VARIAS,2010-05-25,NORMAL,ADMINISTRADOR
866,7323,"ARTICULOS DE USO DOMESTICO Y SUS PARTES,  DE FUNDICION,  DE HIERRO O DE ACERO. LANA DE HIERRO O DE ACERO. ESPONJAS,  ESTROPAJOS,  GUANTES Y ARTICULOS SIMILARES PARA FREGAR,  LUSTRAR O USOS ANALOGOS,  DE HIERRO O DE ACERO",MERCANCIAS VARIAS,2010-05-25,NORMAL,ADMINISTRADOR
867,7324,"ARTICULOS DE HIGIENE O DE TOCADOR,  Y SUS PARTES,  DE FUNDICION,  DE HIERRO O DE ACERO",MERCANCIAS VARIAS,2010-05-25,NORMAL,ADMINISTRADOR
868,7325,"LAS DEMAS MANUFACTURAS MOLDEADAS,  DE FUNDICION,  DE HIERRO O DE ACERO",MERCANCIAS VARIAS,2010-05-25,NORMAL,ADMINISTRADOR
869,7326,LAS DEMAS MANUFACTURAS DE HIERRO O DE ACERO,MERCANCIAS VARIAS,2010-05-25,NORMAL,ADMINISTRADOR
870,7401,MATAS DE COBRE. COBRE DE CEMENTACION (COBRE PRECIPITADO),MERCANCIAS VARIAS,2010-05-25,NORMAL,ADMINISTRADOR
871,7402,COBRE SIN REFINAR. ANODOS DE COBRE PARA REFINADO ELECTROLITICO,MERCANCIAS VARIAS,2010-05-25,NORMAL,ADMINISTRADOR
872,7403,"COBRE REFINADO Y ALEACIONES DE COBRE,  EN BRUTO",MERCANCIAS VARIAS,2010-05-25,NORMAL,ADMINISTRADOR
873,7404,"DESPERDICIOS Y DESECHOS,  DE COBRE",MERCANCIAS VARIAS,2010-05-25,NORMAL,ADMINISTRADOR
874,7405,ALEACIONES MADRE DE COBRE,MERCANCIAS VARIAS,2010-05-25,NORMAL,ADMINISTRADOR
875,7406,"POLVO Y ESCAMILLAS,  DE COBRE",MERCANCIAS VARIAS,2010-05-25,NORMAL,ADMINISTRADOR
876,7407,"BARRAS Y PERFILES,  DE COBRE",MERCANCIAS VARIAS,2010-05-25,NORMAL,ADMINISTRADOR
877,7408,ALAMBRE DE COBRE,MERCANCIAS VARIAS,2010-05-25,NORMAL,ADMINISTRADOR
878,7409,"CHAPAS Y TIRAS,  DE COBRE,  DE ESPESOR SUPERIOR A 0, 15 MM",MERCANCIAS VARIAS,2010-05-25,NORMAL,ADMINISTRADOR
879,7410,"HOJAS Y TIRAS DELGADAS,  DE COBRE (INCLUSO IMPRESAS O FIJADAS SOBRE PAPEL,  CARTON,  PLASTICO O SOPORTES SIMILARES),  DE ESPESOR INFERIOR O IGUAL A 0, 15 MM (SIN INCLUIR EL SOPORTE)",MERCANCIAS VARIAS,2010-05-25,NORMAL,ADMINISTRADOR
880,7411,TUBOS DE COBRE,MERCANCIAS VARIAS,2010-05-25,NORMAL,ADMINISTRADOR
881,7412,"ACCESORIOS DE TUBERIA (POR EJEMPLO RACORES (EMPALMES),  CODOS O MANGUITOS),  DE COBRE",MERCANCIAS VARIAS,2010-05-25,NORMAL,ADMINISTRADOR
882,7413,"CABLES,  TRENZAS Y ARTICULOS SIMILARES,  DE COBRE,  SIN AISLAR PARA  ELECTRICIDAD",MERCANCIAS VARIAS,2010-05-25,NORMAL,ADMINISTRADOR
883,7414,"TELAS METALICAS (INCLUIDAS LAS CONTINUAS O SIN FIN)REDES Y REJAS DE ALAMBRE DE COBRE. CHAPAS YTIRAS EXTENDIDAS,  DE COBRE",MERCANCIAS VARIAS,2010-05-25,NORMAL,ADMINISTRADOR
884,7415,"PUNTAS,  CLAVOS,  CHINCHETAS (CHINCHES),  GRAPAS APUNTADAS Y ARTICULOS SIMILARES,  DE COBRE,  O CON LA ESPIGA DE HIERRO O ACERO Y LA CABEZA DE COBRE. TORNILLOS,  PERNOS,  TUERCAS,  ESCARPIAS ROSCADAS,  REMACHES,  PASADORES,  CLAVIJAS,  CHAVETAS Y ARANDELAS (INCLUIDAS LAS ARANDELAS DE MUELLE (RESORTE)) Y ARTICULOS SIMILARES DE COBRE",MERCANCIAS VARIAS,2010-05-25,NORMAL,ADMINISTRADOR
885,7416,MUELLES ( RESORTES) DE COBRE,MERCANCIAS VARIAS,2010-05-25,NORMAL,ADMINISTRADOR
886,7417,"APARATOS NO ELECTRICOS DE COCCION O DE CALEFACCION,  DE LOS TIPOS DOMESTICOS,  Y SUS PARTES,  DE COBRE",MERCANCIAS VARIAS,2010-05-25,NORMAL,ADMINISTRADOR
887,7418,"ARTICULOS DE USO DOMESTICO,  DE HIGIENE O DE TOCADOR,  Y SUS PARTES,  DE COBRE. ESTROPAJOS,  GUANTES Y ARTICULOS SIMILARES PARA FREGAR,  LUSTRAR O USOS ANALOGOS,  DE COBRE",MERCANCIAS VARIAS,2010-05-25,NORMAL,ADMINISTRADOR
888,7419,LAS DEMAS MANUFACTURAS DE COBRE,MERCANCIAS VARIAS,2010-05-25,NORMAL,ADMINISTRADOR
889,7501,"MATAS DE NIQUEL,  <SINTERS> DE OXIDOS DE NIQUEL Y DEMAS PRODUCTOS INTERMEDIOS DE LA METALURGIA DEL NIQUEL",MERCANCIAS VARIAS,2010-05-25,NORMAL,ADMINISTRADOR
890,7502,NIQUEL EN BRUTO,MERCANCIAS VARIAS,2010-05-25,NORMAL,ADMINISTRADOR
891,7503,"DESPERDICIOS Y DESECHOS,  DE NIQUEL",MERCANCIAS VARIAS,2010-05-25,NORMAL,ADMINISTRADOR
892,7504,"POLVO Y ESCAMILLAS,  DE NIQUEL",MERCANCIAS VARIAS,2010-05-25,NORMAL,ADMINISTRADOR
893,7505,"BARRAS,  PERFILES Y ALAMBRE,  DE NIQUEL",MERCANCIAS VARIAS,2010-05-25,NORMAL,ADMINISTRADOR
894,7506,"CHAPAS,  TIRAS Y HOJAS,  DE NIQUEL",MERCANCIAS VARIAS,2010-05-25,NORMAL,ADMINISTRADOR
895,7507,"TUBOS Y ACCESORIOS DE TUBERIA (POR EJEMPLO RACORES (EMPALMES),  CODOS O MANGUITOS),  DE NIQUEL",MERCANCIAS VARIAS,2010-05-25,NORMAL,ADMINISTRADOR
896,7508,LAS DEMAS MANUFACTURAS DE NIQUEL,MERCANCIAS VARIAS,2010-05-25,NORMAL,ADMINISTRADOR
897,7601,ALUMINIO EN BRUTO,MERCANCIAS VARIAS,2010-05-25,NORMAL,ADMINISTRADOR
898,7602,"DESPERDICIOS Y DESECHOS,  DE ALUMINIO",MERCANCIAS VARIAS,2010-05-25,NORMAL,ADMINISTRADOR
899,7603,"POLVO Y ESCAMILLAS,  DE ALUMINIO",MERCANCIAS VARIAS,2010-05-25,NORMAL,ADMINISTRADOR
900,7604,"BARRAS Y PERFILES,  DE ALUMINIO",MERCANCIAS VARIAS,2010-05-25,NORMAL,ADMINISTRADOR
901,7605,ALAMBRE DE ALUMINIO,MERCANCIAS VARIAS,2010-05-25,NORMAL,ADMINISTRADOR
902,7606,"CHAPAS Y TIRAS DE ALUMINIO,  DE ESPESOR SUPERIOR A 0, 2 MM",MERCANCIAS VARIAS,2010-05-25,NORMAL,ADMINISTRADOR
903,7607,"HOJAS Y TIRAS DELGADAS,  DE ALUMINIO (INCLUSO IMPRESAS O FIJADAS SOBRE PAPEL,  CARTON,  PLASTICO O SOPORTES SIMILARES) DE ESPESOR INFERIOR O IGUAL A 0, 2 MM (SIN INCLUIR EL SOPORTE)",MERCANCIAS VARIAS,2010-05-25,NORMAL,ADMINISTRADOR
904,7608,TUBOS DE ALUMINIO,MERCANCIAS VARIAS,2010-05-25,NORMAL,ADMINISTRADOR
905,7609,"ACCESORIOS DE TUBERIAS (POR EJEMPLO RACORES (EMPALMES),  CODOS O MANGUITOS),  DE ALUMINIO",MERCANCIAS VARIAS,2010-05-25,NORMAL,ADMINISTRADOR
906,7610,"CONSTRUCCIONES Y PARTES DE CONSTRUCCIONES (POR EJEMPLO PUENTES Y SUS PARTES,  TORRES,  CASTILLETES,  PILARES,  COLUMNAS,  ARMAZONES PARA TECHUMBRE,  TECHADOS,  PUERTAS,  VENTANAS Y SUS MARCOS,  BASTIDORES Y UMBRALES BALAUSTRADAS),  DE ALUMINIO ( EXCEPTO LAS CONSTRUC. PREFABRICAS DE 9406. CHAPAS,  BARRAS PERFILES, TUBOS Y SIMILARES DE ALUMINIO PREPARADOS PARA LA CONSTRUCCION",MERCANCIAS VARIAS,2010-05-25,NORMAL,ADMINISTRADOR
907,7611,"DEPOSITOS,  CISTERNAS,  CUBAS Y RECIPIENTES SIMILARES PARA CUALQUIER MATERIA (CON EXCEPCION DE LOS GASES COMPRIMIDOS O LICUADOS) DE ALUMINIO,  DE CAPACIDAD SUPERIOR A 300 LITROS,  SIN DISPOSITIVOS MECANICOS NI TERMICOS,  ICLUSO CON REVESTIMIENTO INTERIOR CALORIFUGO",MERCANCIAS VARIAS,2010-05-25,NORMAL,ADMINISTRADOR
908,7612,"DEPOSITOS,  BARRILES,  TAMBORES,  BIDONES,  CAJAS,  BOTES Y RECIPIENTES SIMILARES,  DE ALUMINIO (INCLUIDOS LOS ENVASES TUBULARES RIGIDOS O FLEXIBLES),  PARA CUALQUIER MATERIA ( EXCEPTO LOS DE GASES COMPRIMIDOS O LICUADOS) DE CAPACIDAD INFERIOR A 300 L,  SIN DISPOSITIVOS MACANICOS Y TERMICOS,  INCLUSO CON REVESTIMIENTO INTERIOR O CALORIFUGO.",MERCANCIAS VARIAS,2010-05-25,NORMAL,ADMINISTRADOR
909,7613,"RECIPIENTES PARA GASES COMPRIMIDOS O LICUADOS,  DE ALUMINIO",MERCANCIAS VARIAS,2010-05-25,NORMAL,ADMINISTRADOR
910,7614,"CABLES,  TRENZAS Y SIMILARES,  DE ALUMINIO,  SIN AISLAR PARA ELECTRICIDAD.",MERCANCIAS VARIAS,2010-05-25,NORMAL,ADMINISTRADOR
911,7615,"ARTICULOS DE USO DOMESTICO,  DE HIGIENE O DE TOCADOR,  Y SUS PARTES,  DE ALUMINIO. ESPONJAS,  ESTROPAJOS,  GUANTES Y ARTICULOS SIMILARES PARA FREGAR,  LUSTRAR O USOS ANALOGOS,  DE ALUMINIO",MERCANCIAS VARIAS,2010-05-25,NORMAL,ADMINISTRADOR
912,7616,LAS DEMAS MANUFACTURAS DE ALUMINIO,MERCANCIAS VARIAS,2010-05-25,NORMAL,ADMINISTRADOR
913,7801,PLOMO EN BRUTO,MERCANCIAS VARIAS,2010-05-25,NORMAL,ADMINISTRADOR
914,7802,"DESPERDICIOS Y DESECHOS,  DE PLOMO",MERCANCIAS VARIAS,2010-05-25,NORMAL,ADMINISTRADOR
915,7803,"BARRAS,  PERFILES Y ALAMBRE,  DE PLOMO",MERCANCIAS VARIAS,2010-05-25,NORMAL,ADMINISTRADOR
916,7804,"CHAPAS,  HOJAS,  TIRAS,  DE PLOMO. POLVO Y ESCAMILLAS,  DE PLOMO",MERCANCIAS VARIAS,2010-05-25,NORMAL,ADMINISTRADOR
917,7805,"TUBOS Y ACCESORIOS DE TUBERIA (POR EJEMPLO RACORES (EMPALMES),  CODOS O MANGUITOS),  DE PLOMO",MERCANCIAS VARIAS,2010-05-25,NORMAL,ADMINISTRADOR
918,7806,LAS DEMAS MANUFACTURAS DE PLOMO,MERCANCIAS VARIAS,2010-05-25,NORMAL,ADMINISTRADOR
919,7901,CINC EN BRUTO,MERCANCIAS VARIAS,2010-05-25,NORMAL,ADMINISTRADOR
920,7902,"DESPERDICIOS Y DESECHOS,  DE CINC",MERCANCIAS VARIAS,2010-05-25,NORMAL,ADMINISTRADOR
921,7903,"POLVO Y ESCAMILLAS,  DE CINC",MERCANCIAS VARIAS,2010-05-25,NORMAL,ADMINISTRADOR
922,7904,"BARRAS,  PERFILES Y ALAMBRE,  DE CINC",MERCANCIAS VARIAS,2010-05-25,NORMAL,ADMINISTRADOR
923,7905,"CHAPAS,  HOJAS Y TIRAS,  DE CINC",MERCANCIAS VARIAS,2010-05-25,NORMAL,ADMINISTRADOR
924,7906,"TUBOS Y ACCESORIOS DE TUBERIA (POR EJEMPLO RACORES (EMPALMES),  CODOS O MANGUITOS),  DE CINC",MERCANCIAS VARIAS,2010-05-25,NORMAL,ADMINISTRADOR
925,7907,LAS DEMAS MANUFACTURAS DE CINC,MERCANCIAS VARIAS,2010-05-25,NORMAL,ADMINISTRADOR
926,8001,ESTA?O EN BRUTO,MERCANCIAS VARIAS,2010-05-25,NORMAL,ADMINISTRADOR
927,8002,"DESPERDICIOS Y DESECHOS,  DE ESTA?O",MERCANCIAS VARIAS,2010-05-25,NORMAL,ADMINISTRADOR
928,8003,"BARRAS,  PERFILES Y ALAMBRE,  DE ESTA?O",MERCANCIAS VARIAS,2010-05-25,NORMAL,ADMINISTRADOR
929,8004,"CHAPAS,  HOJAS Y TIRAS,  DE ESTA?O,  DE ESPESOR SUPERIOR A 0, 2 MM",MERCANCIAS VARIAS,2010-05-25,NORMAL,ADMINISTRADOR
930,8005,"HOJAS Y BANDAS DELGADAS,  DE ESTA?O (INCLUSO IMPRESAS O FIJADAS SOBRE PAPEL,  CARTON,  PLASTICO O SOPORTES SIMILARES),  DE ESPESOR INFERIOR O IGUAL A 0, 2 MM (SIN INCLUIR EL SOPORTE). POLVO Y ESCAMILLAS DE ESTA?O",MERCANCIAS VARIAS,2010-05-25,NORMAL,ADMINISTRADOR
931,8006,"TUBOS Y ACCESORIOS DE TUBERIA (POR EJEMPLO RACORES (EMPALMES),  CODOS O MANGUITOS),  DE ESTA?O",MERCANCIAS VARIAS,2010-05-25,NORMAL,ADMINISTRADOR
932,8007,LAS DEMAS MANUFACTURAS DE ESTA?O,MERCANCIAS VARIAS,2010-05-25,NORMAL,ADMINISTRADOR
933,8101,VOLFRAMIO (TUNGSTENO) Y SUS MANUFACTURAS  INCLUIDOS LOS DESPERDICIOS Y DESECHOS,MERCANCIAS VARIAS,2010-05-25,NORMAL,ADMINISTRADOR
934,8102,"MOLIBDENO YSUS MANUFACTURAS ,  INCLUIDOS LOS DEPERDICIOS Y DESECHOS",MERCANCIAS VARIAS,2010-05-25,NORMAL,ADMINISTRADOR
935,8103,"TANTALO Y SUS MANUFACTURAS,  INCLUIDOS LOS DESPERDICIOS Y DESECHOS",MERCANCIAS VARIAS,2010-05-25,NORMAL,ADMINISTRADOR
936,8104,"MAGNESIO Y SUS MANUFACTURAS,  INCLUIDOS LOS DESPERDICIOS Y DESECHOS",MERCANCIAS VARIAS,2010-05-25,NORMAL,ADMINISTRADOR
937,8105,"MATAS DE COBALTO Y DEMAS PRODUCTOS INTERMEDIOS DE LA METALURGIA DEL COBALTO. COBALTO Y MANUFACTURAS DE COBALTO,  INCLUIDOS LOS DEPERDICIOS Y DESECHOS",MERCANCIAS VARIAS,2010-05-25,NORMAL,ADMINISTRADOR
938,8106,"BISMUTO Y SUS MANUFACTURAS ,  INCLUIDOS LOS DESPERDICIOS Y DESHECHOS",MERCANCIAS VARIAS,2010-05-25,NORMAL,ADMINISTRADOR
939,8107,"CADMIO Y SUS MANUFACTURAS,  INCLUIDOS LOS DESPERDICIOS Y DESECHOS",MERCANCIAS VARIAS,2010-05-25,NORMAL,ADMINISTRADOR
940,8108,"TITANIO Y SUS MANUFACTURAS ,  INCLUIDOS LOS DESPERDICIOS Y DESECHOS",MERCANCIAS VARIAS,2010-05-25,NORMAL,ADMINISTRADOR
941,8109,"CIRCONIO Y SUS MANUFACTURAS ,  INCLUIDOS LOS DESPERDICIOS Y DESECHOS",MERCANCIAS VARIAS,2010-05-25,NORMAL,ADMINISTRADOR
942,8110,"ANTIMONIO Y SUS MANUFACTURAS ,  INCLUIDOS LOS DESPERDICIOS Y DESECHOS",MERCANCIAS VARIAS,2010-05-25,NORMAL,ADMINISTRADOR
943,8111,"MANGANESO YSUS MANUFACTURAS,  INCLUIDOS LOS DESPERDICIOS Y DESECHOS",MERCANCIAS VARIAS,2010-05-25,NORMAL,ADMINISTRADOR
944,8112,"BERILIO,  CROMO,  GERMANIO,  VANADIO,  GALIO,  HAFNIO (CELTIO),  INDIO,  NIOBIO (COLOMBIO),  RENIO Y TALIO,  ASI COMO LAS MANUFACTURAS DE ESTOS METALES,  INCLUIDOS LOS DESPERDICIOS Y DESECHOS",MERCANCIAS VARIAS,2010-05-25,NORMAL,ADMINISTRADOR
945,8113,"[CERMETS]Y SUS MANUFACTURAS ,  INCLUIDOS LOS DESPERDICIOS Y DESECHOS",MERCANCIAS VARIAS,2010-05-25,NORMAL,ADMINISTRADOR
946,8201,"LAYAS,  PALAS,  AZADAS,  PICOS,  BINADERAS,  HORCAS DE LABRANZA,  RASTRILLOS Y RAEDERAS. HACHAS,  HOCINOS,  Y HERRAMIENTAS SIMILARES CON FILO. TIJERAS DE PODAR DE CUALQUIER TIPO. HOCES Y GUADA?AS. CUCHILLOS PARA HENO O PARA PAJA,  CIZALLAS PARA SETOS,  CU?AS Y DEMAS HERRAMIENTAS DE MANO,  AGRICOLAS,  HORTICOLAS O FORESTALES",MERCANCIAS VARIAS,2010-05-25,NORMAL,ADMINISTRADOR
947,8202,SIERRAS DE MANO. HOJAS DE SIERRA DE CUALQUIER CLASE (INCLUSO LAS FRESAS-SIERRA Y LAS HOJAS SIN DENTAR),MERCANCIAS VARIAS,2010-05-25,NORMAL,ADMINISTRADOR
948,8203,"LIMAS,  ESCOFINAS,  ALICATES (INCLUSO CORTANTES),  TENAZAS,  PINZAS,  CIZALLAS PARA METALES,  CORTATUBOS,  CORTAPERNOS,  SACABOCADOS Y HERRAMIENTAS SIMILARES,  DE MANO",MERCANCIAS VARIAS,2010-05-25,NORMAL,ADMINISTRADOR
949,8204,"LLAVES DE AJUSTE DE MANO (INCLUIDAS LAS LLAVES DINAMOMETRICAS). CUBOS DE AJUSTE INTERCAMBIABLES,  INCLUSO CON MANGO",MERCANCIAS VARIAS,2010-05-25,NORMAL,ADMINISTRADOR
950,8205,"HERRAMIENTAS DE MANO (INCLUIDOS LOS DIAMANTES DE VIDRIERO) NO EXPRESADAS NI COMPRENDIDAS EN OTRA PARTE. LAMPARAS DE SOLDAR Y SIMILARES. TORNILLOS DE BANCO,  PRENSAS DE CARPINTERO Y SIMILARES,  EXCEPTO LOS QUE SEAN ACCESORIOS O PARTES DE MAQUINAS HERRAMIENTAS,  YUNQUES,  FRAGUAS PROTATILES,  MUELAS DE MANO O A PEDAL,  CON BASTIDOR.",MERCANCIAS VARIAS,2010-05-25,NORMAL,ADMINISTRADOR
951,8206,"HERRAMIENTAS DE DOS O MAS DE LAS PARTIDAS 8202 A 8205,  ACONDICIONADAS EN JUEGOS PARA LA VENTA AL POR MENOR",MERCANCIAS VARIAS,2010-05-25,NORMAL,ADMINISTRADOR
952,8207,"UTILES INTERCAMBIABLES PARA HERRAMIENTAS DE MANO,  INCLUSO MECANICAS,  O PARA MAQUINAS HERRAMIENTA [POR EJEMPLO DE EMBUTIR,  ESTAMPAR, PUNZONAR,  ROSCAR,  (INCLUSO ATORNILLAR),  TALADRAR,  ESCARIAR,  BROCHAR,   FRESAR,  TORNEAR,  ATORNILLAR),  INCLUIDAS LAS HILERAS PARA EXTRUDIR METAL,  ASI COMO  LOS UTILES DE PERFORACION O SONDEO",MERCANCIAS VARIAS,2010-05-25,NORMAL,ADMINISTRADOR
953,8208,"CUCHILLAS Y HOJAS CORTANTES,  PARA MAQUINAS O PARA APARATOS MECANICOS",MERCANCIAS VARIAS,2010-05-25,NORMAL,ADMINISTRADOR
954,8209,"PLAQUITAS,  VARILLAS,  PUNTAS Y ARTICULOS SIMILARES PARA UTILES,  SIN MONTAR,  DE <CERMET>",MERCANCIAS VARIAS,2010-05-25,NORMAL,ADMINISTRADOR
955,8210,"APARATOS MECANICOS,  ACCIONADOS A MANO,   DE PESO INFERIOR O IGUAL A 10 KG UTILIZADOS PARA PREPARAR,  ACONDICIONAR O SERVIR ALIMENTOS O BEBIDAS",MERCANCIAS VARIAS,2010-05-25,NORMAL,ADMINISTRADOR
956,8211,"CUCHILLOS,  CON HOJA CORTANTE O DENTADA,  INCLUIDAS LAS NAVAJAS DE PODAR,  Y SUS HOJAS,  (EXCEPTO LOS ARTICULOS DE LA PARTIDA 8208)",MERCANCIAS VARIAS,2010-05-25,NORMAL,ADMINISTRADOR
957,8212,NAVAJAS Y MAQUINAS DE AFEITAR Y SUS HOJAS (INCLUIDOS LOS ESBOZOS EN FLEJE),MERCANCIAS VARIAS,2010-05-25,NORMAL,ADMINISTRADOR
958,8213,TIJERAS Y SUS HOJAS,MERCANCIAS VARIAS,2010-05-25,NORMAL,ADMINISTRADOR
959,8214,"LOS DEMAS ARTICULOS DE CUCHILLERIA (POR EJEMPLO MAQUINAS DE CORTAR EL PELO O DE ESQUILAR,  CUCHILLAS PARA PICAR CARNE, TAJADERAS DE CARNICERIA O COCINA,  Y CORTAPAPELES). HERRAMIENTAS Y SURTIDOS DE HERRAMIENTAS DE MANICURA O DE PEDICURO (INCLUIDAS LAS LIMAS PARA U?AS).",MERCANCIAS VARIAS,2010-05-25,NORMAL,ADMINISTRADOR
960,8215,"CUCHARAS,  TENEDORES,  CUCHARONES,  ESPUMADERAS,  PALAS PARA TARTA,  CUCHILLOS DE PESCADO O DE MANTEQUILLA, (MANTECA) PINZAS PARA AZUCAR Y ARTICULOS SIMILARES",MERCANCIAS VARIAS,2010-05-25,NORMAL,ADMINISTRADOR
961,8301,"CANDADOS,  CERRADURAS Y CERROJOS (DE LLAVES,  DE COMBINACION O ELECTRICOS),  DE METALES COMUNES. CIERRES Y MONTURAS CIERRE,  CON CERRADURA INCORPORADA DE METAL COMUN. LLAVES DE METAL COMUN PARA ESTOS ARTICULOS",MERCANCIAS VARIAS,2010-05-25,NORMAL,ADMINISTRADOR
962,8302,"GUARNICIONES,  HERRAJES Y ARTICULOS SIMILARES DE METALCOMUN,  PARA MUEBLES,  PUERTAS,  ESCALERAS,  VENTANAS,  PERSIANAS,  CARROCERIAS,  ARTICULOS DE GUARNICIONERIA,  BAULES,  ARCAS,  COFRES DEMAS MANUFACTURAS DE ESTA CLASE,  COLGADORES,  PERCHAS SOPORTES Y ARTICULOS SIMILARES DE METAL COMUN,  RUEDAS CON MONTURA DE METAL COMUN,  CIERRA PUERTAS AUTOMATICOS,  DE METAL COMUN.",MERCANCIAS VARIAS,2010-05-25,NORMAL,ADMINISTRADOR
963,8303,"CAJAS DE CAUDALES,  PUERTAS BLINDADAS Y COMPARTIMIENTOS PARA CAMARAS ACORAZADAS,  COFRES Y CAJAS DE SEGURIDAD Y ARTICULOS SIMILARES,  DE METAL COMUN.",MERCANCIAS VARIAS,2010-05-25,NORMAL,ADMINISTRADOR
964,8304,"CLASIFICADORES,  FICHEROS,  CAJAS DE CLASIFICACION,  BANDEJAS DE CORRESPONDENCIA,  PLUMEROS (VASOS O CAJAS PARA PLUMASDE ESCRIBIR),  PORTASELLOS Y MATERIAL SIMILAR DE OFICINA,  DE METAL COMUN,  EXCEPTO LOS MUEBLES DE OFICINA DE LA PARTIDA 9403",MERCANCIAS VARIAS,2010-05-25,NORMAL,ADMINISTRADOR
965,8305,"MECANISMOS DE ENCUADERNACION DE HOJAS INTERCAMBIABLES O PARA CLASIFICADORES, SUJETADORES,  CANTONERAS,  CLIPS,  INDICES DE SE?AL Y OBJETOS SIMILARES DE OFICINA,  DE METAL COMUN. GRAPAS EN TIRAS (POR EJEMPLO DE OFICINA,  DE TAPICERIA O DE ENVASES),  DE METAL COMUN",MERCANCIAS VARIAS,2010-05-25,NORMAL,ADMINISTRADOR
966,8306,"CAMPANAS,  CAMPANILLAS,  GONGOS Y ARTICULOS SIMILARES,  QUE NO SEAN ELECTRICOS,  DE METAL COMUN. ESTATUILLAS Y DEMAS ARTICULOS DE ADORNO,  DE METAL COMUN. MARCOS PARA FOTOGRAFIAS,  GRABADOS O SIMILARES,  DE METAL COMUN. ESPEJOS DE METAL COMUN.",MERCANCIAS VARIAS,2010-05-25,NORMAL,ADMINISTRADOR
967,8307,"TUBOS FLEXIBLES DE METAL COMUN,  INCLUSO CON SUS ACCESORIOS",MERCANCIAS VARIAS,2010-05-25,NORMAL,ADMINISTRADOR
968,8308,"CIERRES,  MONTURAS CIERRE,  HEBILLAS,  HEBILLAS CIERRE,  CORCHETES,  GANCHOS,  ANILLOS PARA OJETES Y ARTICULOS SIMILARES DE METAL COMUN,  PARA PRENDAS DE VESTIR,  CALZADOS,  TOLDOS,  MARROQUINERIA O DEMAS ARTICULOS CONFECCIONADOS . REMACHES TUBULARES O CON ESPIGA HENDIDA DE METAL COMUN,  CUENTAS Y LENTEJUELAS,  DE METAL COMUN.",MERCANCIAS VARIAS,2010-05-25,NORMAL,ADMINISTRADOR
969,8309,"TAPONES Y TAPAS (INCLUIDOS LOS TAPAS CORONA,  LAS TAPAS ROSCADAS Y LOS TAPONES VERTEDORES),  CAPSULAS PARA BOTELLAS,  TAPONES ROSCADOS,  SOBRETAPAS,  PRECINTOS Y DEMAS ACCESORIOS PARA ENVASES,  DE METAL COMUN",MERCANCIAS VARIAS,2010-05-25,NORMAL,ADMINISTRADOR
970,8310,"PLACAS INDICADORAS,  PLACAS ROTULO,  PLACAS DE DIRECCIONES Y PLACAS SIMILARES,  CIFRAS,  LETRAS Y SIGNOS DIVERSOS,  DE METAL COMUN,  CON EXCLUSION DE LOS DE LA PARTIDA 9405",MERCANCIAS VARIAS,2010-05-25,NORMAL,ADMINISTRADOR
971,8311,"ALAMBRES,  VARILLAS,  TUBOS,  PLACAS,  ELECTRODOS Y ARTICULOS SIMILARES,  DE METAL COMUN O DE CARBURO METALICO,  RECUBIERTOS O RELLENOS DE DECAPANTES O DE FUNDENTES PARA SOLDADURA. O DEOSITO DE METAL O DE CARBURO METALICO,   ALAMBRE Y VARILLAS,  DE POLVO DE METALCOMUN AGLOMERADO,  PARA LA METALIZACION POR PROYECCCION",MERCANCIAS VARIAS,2010-05-25,NORMAL,ADMINISTRADOR
972,8401,REACTORES NUCLEARES. ELEMENTOS COMBUSTIBLES (CARTUCHOS) SIN IRRADIAR PARA REACTORES NUCLEARES. MAQUINAS Y APARATOS PARA LA SEPARACION ISOTOPICA,MERCANCIAS VARIAS,2010-05-25,NORMAL,ADMINISTRADOR
973,8402,"CALDERAS DE VAPOR (GENERADORES DE VAPOR),  EXCEPTO LAS DE CALEFACCION CENTRAL CONCEBIDAS PARA PRODUCIR  AGUA CALIENTE Y VAPOR A BAJA PRESION. CALDERAS DENOMINADAS <DE AGUA SOBRECALENTADA>",MERCANCIAS VARIAS,2010-05-25,NORMAL,ADMINISTRADOR
974,8403,"CALDERAS PARA CALEFACCION CENTRAL,  EXCEPTO LAS DE LA PARTIDA 8402",MERCANCIAS VARIAS,2010-05-25,NORMAL,ADMINISTRADOR
975,8404,"APARATOS AUXILIARES PARA LAS CALDERAS DE LAS PARTIDAS 8402 U 8403 (POR EJEMPLO ECONOMIZADORES,  RECALENTADORES,  DESHOLLINADORES O RECUPERADORES DE GAS). CONDENSADORES PARA MAQUINAS DE VAPOR",MERCANCIAS VARIAS,2010-05-25,NORMAL,ADMINISTRADOR
976,8405,"GENERADORES DE GAS POBRE (DE GAS DE AIRE) O DE GAS DE AGUA,  INCLUSO CON LOS DEPURADORES. GENERADORES DE ACETILENO Y GENERADORES SIMILARES DE GASES,  POR VIA HUMEDA,  INCLUSO CON SUS DEPURADORES",MERCANCIAS VARIAS,2010-05-25,NORMAL,ADMINISTRADOR
977,8406,TURBINAS DE VAPOR,MERCANCIAS VARIAS,2010-05-25,NORMAL,ADMINISTRADOR
978,8407,"MOTORES DE EMBOLO (PISTON) ALTERNATIVO Y MOTORES ROTATIVOS,  DE ENCENDIDO POR CHISPA (MOTORES DE EXPLOSION)",MERCANCIAS VARIAS,2010-05-25,NORMAL,ADMINISTRADOR
979,8408,MOTORES DE EMBOLO (PISTON) DE ENCENDIDO POR COMPRESION (MOTORES DIESEL O SEMIDIESEL),MERCANCIAS VARIAS,2010-05-25,NORMAL,ADMINISTRADOR
980,8409,"PARTES INDENTIFICABLES COMO DESTINADAS,  EXCLUSIVA O PRINCIPALMENTE,  A LOS MOTORES DE LAS PARTIDAS 8407 U 8408",MERCANCIAS VARIAS,2010-05-25,NORMAL,ADMINISTRADOR
981,8410,"TURBINAS HIDRAULICAS,  RUEDAS HIDRAULICAS Y SUS REGULADORES",MERCANCIAS VARIAS,2010-05-25,NORMAL,ADMINISTRADOR
982,8411,"TURBORREACTORES,  TURBOPROPULSORES Y DEMAS TURBINAS DE GAS",MERCANCIAS VARIAS,2010-05-25,NORMAL,ADMINISTRADOR
983,8412,LOS DEMAS MOTORES Y MAQUINAS MOTRICES,MERCANCIAS VARIAS,2010-05-25,NORMAL,ADMINISTRADOR
984,8413,"BOMBAS PARA LIQUIDOS,  INCLUSO CON DISPOSITIVO MEDIDOR INCORPORADO. ELEVADORES DE LIQUIDOS",MERCANCIAS VARIAS,2010-05-25,NORMAL,ADMINISTRADOR
985,8414,"BOMBAS DE AIRE O DE VACIO,  COMPRESORES DE AIRE U OTROS GASES Y VENTILADORES. CAMPANAS ASPIRANTES PARA EXTRACCION O RECICLADO,  CON VENTILADOR INCORPORADO,  INCLUSO CON FILTRO",MERCANCIAS VARIAS,2010-05-25,NORMAL,ADMINISTRADOR
986,8415,"MAQUINAS Y APARATOS PARA ACONDICIONAMIENTO DE AIRE QUE COMPRENDAN UN VENTILADOR CON MOTOR Y LOS DISPOSITIVOS ADECUADOS PARA MODIFICAR LA TEMPERATURA Y LA HUMEDAD,  AUNQUE NO REGULEN SEPARADAMENTE EL GRADO HIGROMETRICO",MERCANCIAS VARIAS,2010-05-25,NORMAL,ADMINISTRADOR
987,8416,"QUEMADORES PARA LA ALIMENTACION DE HOGARES,  DE COMBUSTIBLES LIQUIDOS,  SOLIDOS PULVERIZADOS O GASES. HOGARES AUTOMATICOS,  INCLUIDOS SUS ANTEHOGARES,  SUS PARRILLAS MECANICAS,  SUS DISPOSITIVOS MECANICOS PARA LA EVACUACION DE CENIZAS Y DISPOSITIVOS SIMILARES",MERCANCIAS VARIAS,2010-05-25,NORMAL,ADMINISTRADOR
988,8417,"HORNOS INDUSTRIALES O DE LABORATORIO,  INCLUIDOS LOS INCINERADORES,  QUE NO SEAN ELECTRICOS,",MERCANCIAS VARIAS,2010-05-25,NORMAL,ADMINISTRADOR
989,8418,"REFRIGERADORES,  CONGELADORES Y DEMAS MATERIAL,  MAQUINAS Y APARATOS PARA LA PRODUCCION DE FRIO,  AUNQUE NO SEAN ELECTRICOS. BOMBAS DE CALOR,  EXCEPTO LAS MAQUINAS Y APARATOS PARA ACONDICIONAMIENTO DE AIRE DE LA PARTIDA 8415",MERCANCIAS VARIAS,2010-05-25,NORMAL,ADMINISTRADOR
990,8419,"APARATOS Y DISPOSITIVOS,  AUNQUE SE CALIENTEN ELECTRICAMENTE,  PARA EL TRATAMIENTO DE MATERIAS MEDIANTE OPERACIONES QUE IMPLIQUEN UN CAMBIO DE TEMPERATURA,  TALES COMO CALENTADO,  COCCION,  TORREFACCION, DESTILACION, RECTIFICACION,  ESTERILIZACION,  PASTERIZACION,  BA?O DE VAPOR DE AGUA,  SECADO,  EVAPORACION,  VAPORIZACION,  CONDENSACION O ENFRIAMIENTO,  EXCEPTO LOS APARATOS DOMESTICOS. CALENTADORES DE AGUA DE CALENTAMIENTO INSTANTANEO O DE ACUMULACION,  EXCEPTO LOS ELECTRICOS.",MERCANCIAS VARIAS,2010-05-25,NORMAL,ADMINISTRADOR
991,8420,"CALANDRIAS Y LAMINADORES,  EXCEPTO PARA METAL O VIDRIO,  Y CILINDROS PARA ESTAS MAQUINAS.",MERCANCIAS VARIAS,2010-05-25,NORMAL,ADMINISTRADOR
992,8421,CENTRIFUGADORAS INCLUIDAS LAS SECADORAS CENTRIFUGAS. APARATOS PARA FILTRAR O DEPURAR LIQUIDOS O GASES.,MERCANCIAS VARIAS,2010-05-25,NORMAL,ADMINISTRADOR
993,8422,"MAQUINAS PARA LAVAR VAJILLA. MAQUINAS Y APARATOS PARA LIMPIAR O SECAR BOTELLAS O DEMAS RECIPIENTES. MAQUINAS Y APARATOS PARA LLENAR,  CERRAR,  TAPAR,  TAPONAR O ETIQUETAR BOTELLAS,  LATAS O BOTES,  CAJAS,  SACOS (BOLSAS) O  CONTINENTES ANALOGOS. LAS DEMAS MAQUINAS Y APARATOS PARA EMPAQUETAR O ENVOLVER MERCANCIAS (INCLUIDAS LAS DE ENVOLVER CON PELICULA TERMORRETRACTIL). MAQUINAS Y APARATOS PARA GASEAR BEBIDAS.",MERCANCIAS VARIAS,2010-05-25,NORMAL,ADMINISTRADOR
994,8423,"APARATOS E INSTRUMENTOS PARA PESAR,  INCLUIDAS LAS BASCULAS Y BALANZAS PARA LA COMPROBAR O CORTAR PIEZAS FABRICADAS,  CON EXCLUSION DE LAS BALANZAS SENSIBLES A UN PESO INFERIOR O IGUAL A 5 CG. PESAS PARA TODA CLASE DE PESAS O BALANZAS",MERCANCIAS VARIAS,2010-05-25,NORMAL,ADMINISTRADOR
995,8424,"APARATOS MECANICOS (INCLUSO MANUALES) PARA PROYECTAR,  DISPERSAR O PULVERIZAR MATERIAS LIQUIDAS O EN POLVO. EXTINTORES,  INCLUSO CARGADOS. PISTOLAS AEROGRAFICAS Y APARATOS SIMILARES. MAQUINAS Y APARATOS DE CHORRO DE ARENA,  DE VAPOR Y APARATOS DE CHORRO SIMILARES",MERCANCIAS VARIAS,2010-05-25,NORMAL,ADMINISTRADOR
996,8425,POLIPASTOS. TORNOS Y CABRESTANTES. GATOS,MERCANCIAS VARIAS,2010-05-25,NORMAL,ADMINISTRADOR
997,8426,"GRUAS Y APARATOS DE ELEVACION SOBRE CABLE AEREO. PUENTES RODANTES,  PORTICOS DE DESCARGA O DE MANIPULACION,  PUENTES GRUA,  CARRETILLAS PUENTE Y CARRETILLAS GRUA",MERCANCIAS VARIAS,2010-05-25,NORMAL,ADMINISTRADOR
998,8427,CARRETILLAS APILADORAS. LAS DEMAS CARRETILLAS DE MANIPULACION CON UN DISPOSITIVO DE ELEVACION INCORPORADO,MERCANCIAS VARIAS,2010-05-25,NORMAL,ADMINISTRADOR
999,8428,"LAS DEMAS MAQUINAS Y APARATOS DE ELEVACION,  CARGA,  DESCARGA O MANIPULACION (POR EJEMPLO ASCENSORES,  ESCALERAS MECANICAS,  TRANSPORTADORES,  TELEFERICOS)",MERCANCIAS VARIAS,2010-05-25,NORMAL,ADMINISTRADOR
1000,8429,"TOPADORAS FRONTALES (<BULLDOZERS> ),  TOPADORAS ANGULARES ( <ANGLEDOZERS> ),  NIVELADORAS,  TRAILLAS ( <SCRAPERS> ),  PALAS MECANICAS,  EXCAVADORAS,  CARGADORAS,  PALAS CARGADORAS,  COMPACTADORAS Y APISONADORAS ( APLANADORAS ),  AUTOPROPULSADAS",MERCANCIAS VARIAS,2010-05-25,NORMAL,ADMINISTRADOR
1001,8430,"LAS DEMAS MAQUINAS Y APARATOS PARA EXPLANAR,  NIVELAR,  TRAILLAR ( <SCRAPING> ),  EXCAVAR,  COMPACTAR,  APISONAR ( APLANAR ),  EXTRAER O PERFORAR TIERRA O MINERALES. MARTINETES Y MAQUINAS PARA ARRANCAR PILOTES. ESTACAS O SIMILARES,  QUITANIEVES",MERCANCIAS VARIAS,2010-05-25,NORMAL,ADMINISTRADOR
1002,8431,"PARTES IDENTIFICABLES COMO DESTINADAS,  EXCLUSIVA O PRINCIPALMENTE,  A LAS MAQUINAS O APARATOS DE LAS PARTIDAS 8425 A 8430",MERCANCIAS VARIAS,2010-05-25,NORMAL,ADMINISTRADOR
1003,8432,"MAQUINAS,  APARATOS Y ARTEFACTOS AGRICOLAS,  HORTICOLAS O SILVICOLAS,  PARA LA PREPARACION O EL TRABAJO DEL SUELO O PARA EL CULTIVO. RODILLOS PARA CESPED O TERRENOS DE DEPORTE",MERCANCIAS VARIAS,2010-05-25,NORMAL,ADMINISTRADOR
1004,8433,"MAQUINAS,  APARATOS Y ARTEFACTOS PARA COSECHAR O TRILLAR,  INCLUIDAS LAS PRENSAS PARA PAJA O FORRAJE. CORTADORAS DE CESPED Y GUADA?ADORAS. MAQUINAS PARA LA LIMPIEZA O LA CLASIFICACION DE HUEVOS,  FRUTAS U OTROS PRODUCTOS AGRICOLAS,  EXCEPTO LAS DE LA PARTIDA 8437",MERCANCIAS VARIAS,2010-05-25,NORMAL,ADMINISTRADOR
1005,8434,MAQUINAS PARA ORDE?AR Y MAQUINAS Y APARATOS PARA LA INDUSTRIA LECHERA,MERCANCIAS VARIAS,2010-05-25,NORMAL,ADMINISTRADOR
1006,8435,"PRENSAS,  ESTRUJADORAS Y MAQUINAS Y APARATOS ANALOGOS PARA LA PRODUCCION DE VINO,  SIDRA,  JUGOS DE FRUTAS O BEBIDAS SIMILARES",MERCANCIAS VARIAS,2010-05-25,NORMAL,ADMINISTRADOR
1007,8436,"LAS DEMAS MAQUINAS Y APARATOS,  PARA LA AGRICULTURA,  HORTICULTURA,  SILVICULTURA,  AVICULTURA O APICULTURA,  INCLUIDOS LOS GERMINADORES CON DISPOSITIVOS MECANICOS O TERMICOS Y LAS INCUBADORAS Y CRIADORAS AVICOLAS",MERCANCIAS VARIAS,2010-05-25,NORMAL,ADMINISTRADOR
1008,8437,"MAQUINAS PARA LA LIMPIEZA,  CLASIFICACION O CRIBADO DE SEMILLAS,  GRANOS U HORTALIZAS DE VAINA SECAS. MAQUINAS Y APARATOS PARA LA MOLIENDA O EL TRATAMIENTO DE CEREALES U HORTALIZAS DE VAINA SECAS,  EXCEPTO LAS DE TIPO RURAL",MERCANCIAS VARIAS,2010-05-25,NORMAL,ADMINISTRADOR
1009,8438,"MAQUINAS Y APARATOS,  NO EXPRESADOS NI COMPRENDIDOS EN OTRAS PARTES DE ESTE CAPITULO PARA LA PREPARACION O FABRICACION INDUSTRIAL DE ALIMENTOS O DE BEBIDAS,  EXCEPTO LAS MAQUINAS Y APARATOS PARA LA EXTRACCION O LA PREPARACION DE ACEITES O GRASAS,  ANIMALES O VEGETALES FIJOS",MERCANCIAS VARIAS,2010-05-25,NORMAL,ADMINISTRADOR
1010,8439,MAQUINAS Y APARATOS PARA LA FABRICACION DE PASTA DE MATERIAS FIBROSAS CELULOSICAS O PARA LA FABRICACION Y EL ACABADO DE PAPEL O CARTON,MERCANCIAS VARIAS,2010-05-25,NORMAL,ADMINISTRADOR
1011,8440,"MAQUINAS Y APARATOS PARA ENCUADERNACION,  INCLUIDAS LAS MAQUINAS PARA COSER PLIEGOS",MERCANCIAS VARIAS,2010-05-25,NORMAL,ADMINISTRADOR
1012,8441,"LAS DEMAS MAQUINAS Y APARATOS PARA EL TRABAJO DE LA PASTA DE PAPEL,  DEL PAPEL O DEL CARTON,  INCLUIDAS LAS CORTADORAS DE CUALQUIER TIPO",MERCANCIAS VARIAS,2010-05-25,NORMAL,ADMINISTRADOR
1013,8442,"MAQUINAS,  APARATOS Y MATERIAL (EXCEPTO LAS MAQUINAS HERRAMIENTA DE LAS PARTIDAS 8456 A 8465) PARA FUNDIR O COMPONER CARACTERES O PARA PREPARAR O FABRICAR CLISES,  PLANCHAS,  CILINDROS O DEMAS ELEMENTOS IMPRESORES. CARACTERES DE IMPRENTA,  CLISES,  PLANCHAS,  CILINDROS Y DEMAS ELEMENTOS IMPRESORES. PIEDRAS LITOGRAFICAS,  PLANCHAS,  PLACAS Y CILINDROS PREPARADOS PARA LA IMPRESION ( POR EJEMPLO: APLANADOS,  GRANEADOS,  PULIDOS )",MERCANCIAS VARIAS,2010-05-25,NORMAL,ADMINISTRADOR
1014,8443,"MAQUINAS Y APARATOS PARA IMPRIMIR,  INCLUIDAS LAS MAQUINAS PARA IMPRIMIR POR CHORRO DE TINTA,  EXCEPTO LOS DE LA PARTIDA 8471. MAQUINAS AUXILIARES PARA LA IMPRESION",MERCANCIAS VARIAS,2010-05-25,NORMAL,ADMINISTRADOR
1015,8444,"MAQUINAS PARA EL EXTRUDIR,  ESTIRAR,  TEXTURAR O CORTAR MATERIAL TEXTIL,  SINTETICA O ARTIFICIAL",MERCANCIAS VARIAS,2010-05-25,NORMAL,ADMINISTRADOR
1016,8445,"MAQUINAS PARA LA PREPARACION DE MATERIA TEXTIL. MAQUINAS PARA HILAR,  DOBLAR O RETORCER MATERIA TEXTIL,  Y DEMAS MAQUINAS Y APARATOS PARA LA FABRICACION DE HILADOS TEXTILES. MAQUINAS PARA BOBINAR ( INCLUIDAS LAS CANILLERAS ) O DEVANAR MATERIA TEXTIL Y MAQUINAS PARA LA PREPARACION DE HILADOS TEXTILES PARA SU UTILIZACION EN LAS MAQUINAS DE LAS PARTIDAS 8446 O 8447",MERCANCIAS VARIAS,2010-05-25,NORMAL,ADMINISTRADOR
1017,8446,TELARES,MERCANCIAS VARIAS,2010-05-25,NORMAL,ADMINISTRADOR
1018,8447,"MAQUINAS DE TRICOTAR,  DE COSER POR CADENETA,  DE ENTORCHAR,  DE FABRICAR TUL,  ENCAJE,  BORDADOS,   PASAMANERIA,  TRENZAS,  REDES O DE INSERTAR MECHONES",MERCANCIAS VARIAS,2010-05-25,NORMAL,ADMINISTRADOR
1019,8448,"MAQUINAS Y APARATOS AUXILIARES PARA LAS MAQUINAS DE LAS PARTIDAS 8444,  8445,  8446 U 8447 (POR EJEMPLO MAQUINITAS,  PARA LIZOS,  MECANISMOS JACQUARD,  PARA URDIMBRES Y PARATRAMAS,  MECANISMOS DE CAMBIO DE LANZADERA ). PARTES Y ACCESORIOS IDENTIFICABLES COMO DESTINADOS EXCLUSIVA O PRINCIPALMENTE A LAS MAQUINAS DE ESTA PARTIDA O DE LAS PARTIDAS 8444,  8445,  8446 U 8447 ( POR EJEMPLO : HUSOS,  ALETAS,  GUARNICIONES DE CARDAS,  PEINES,  BARRETAS,  HILERAS,  LANZADERAS,  LIZOS U CUADROS DE LIZOS,  AGUJAS,  PLATINAS,  GANCHOS )",MERCANCIAS VARIAS,2010-05-25,NORMAL,ADMINISTRADOR
1020,8449,"MAQUINAS Y APARATOS PARA LA FABRICACION O EL ACABADO DEL FIELTRO O TELAS SIN TEJER,  EN PIEZA O CON FORMA,  INCLUIDAS LAS MAQUINAS Y APARATOS PARA LA FABRICACION DE SOMBREROS DE FIELTRO. HORMAS DE SOMBRERERIA",MERCANCIAS VARIAS,2010-05-25,NORMAL,ADMINISTRADOR
1021,8450,"MAQUINAS PARA LAVAR ROPA,  INCLUSO CON DISPOSITIVO DE SECADO",MERCANCIAS VARIAS,2010-05-25,NORMAL,ADMINISTRADOR
1022,8451,"MAQUINAS Y APARATOS (EXCEPTO LAS MAQUINAS DE LA PARTIDA 8450) PARA LAVAR,  LIMPIAR,  ESCURRIR,  SECAR,  PLANCHAR,  PRENSAR (INCLUIDAS LAS PRENSAS PARA FIJAR),  BLANQUEAR YTE?IR,  APRESAR,  ACABAR,  RECUBRIR O IMPRENAR HOILADOS.TELAS O MANUFACTURAS TEXTILES Y MAQUINAS PARA PARA EL REVESTIMIENTO DE TELAS O OTROS SOPORTES UTILIZADOS EN LA FABRICACION DE CUBRESUELOS TALES COMO LINOLEO. MAQUINAS PARA ENRROLAR,  DESARROLLAR,  PLEGAR CORTARO DENTAR TELAS.",MERCANCIAS VARIAS,2010-05-25,NORMAL,ADMINISTRADOR
1023,8452,"MAQUINAS DE COSER,  EXCEPTO LAS DE COSER PLIEGOS DE LA PARTIDA 8440. MUEBLES,  BASAMENTOS Y TAPAS O CUBIERTAS ESPECIALMENTE CONCEBIDOS PARA MAQUINAS DE COSER. AGUJAS PARA MAQUINAS DE COSER.",MERCANCIAS VARIAS,2010-05-25,NORMAL,ADMINISTRADOR
1024,8453,"MAQUINAS Y APARATOS PARA LA PREPARACION,  EL CURTIDO L TRABAJO DE CUERO O PIELES O PARA LA FABRICACION O REPARACION DE CALZADO O DE OTRAS MANUFACTURAS DE CUERO O DE PIEL,  EXCEPTO LAS MAQUINAS DE COSER",MERCANCIAS VARIAS,2010-05-25,NORMAL,ADMINISTRADOR
1025,8454,"CONVERTIDORES,  CUCHARAS DE COLADA,  LINGOTERAS Y MAQUINAS DE COLAR (MOLDEAR),  PARA METALURGIA,  ACERIAS O FUNDICIONES",MERCANCIAS VARIAS,2010-05-25,NORMAL,ADMINISTRADOR
1026,8455,LAMINADORES PARA METAL Y SUS CILINDROS,MERCANCIAS VARIAS,2010-05-25,NORMAL,ADMINISTRADOR
1027,8456,"MAQUINAS HERRAMIENTA QUE TRABAJEN POR ARRANQUE DE CUALQUIER MATERIA MEDIANTE LASER U OTROS HACES DE LUZ O DE FOTONES,  POR ULTRASONIDO,  ELECTROEROSION,  PROCESOS ELECTROQUIMICOS,  HACES DE ELECTRONES,  HACES IONICOS O POR CHORRO DE PLASMA",MERCANCIAS VARIAS,2010-05-25,NORMAL,ADMINISTRADOR
1028,8457,"CENTROS DE MECANIZADO,  MAQUINAS DE PUESTO FIJO Y MAQUINAS DE PUESTOS MULTIPLES,  PARA TRABAJAR METALES",MERCANCIAS VARIAS,2010-05-25,NORMAL,ADMINISTRADOR
1029,8458,TORNOS (INCLUIDOS LOS CENTROS DE TORNEADO) QUE TRABAJEN POR ARRANQUE DE METAL,MERCANCIAS VARIAS,2010-05-25,NORMAL,ADMINISTRADOR
1030,8459,"MAQUINAS (INCLUIDAS LAS UNIDADES DE MECANIZADO DE CORREDERAS) DE TALADRAR,  ESCARIAR ,  FRESAR O ROSCAR (INCLUSO TERRAJAR) METAL,  POR ARRANQUE DE MATERIA,  EXCEPTO LOS TORNOS (INCLUIDOS LOS CENTROS DE TORNEADO) DE LA PARTIDA 8458",MERCANCIAS VARIAS,2010-05-25,NORMAL,ADMINISTRADOR
1031,8460,"MAQUINAS DE DESBARBAR,  AFILAR,  AMOLAR,  RECTIFICAR,  LAPEAR( BRU?IR),   PULIR O HACER OTRAS OPERACIONES DE ACABADO,  PARA METALES,  O <CERMETS>,  MEDIANTE MUELAS,  ABRASIVOS O PRODUCTOS PARA PULIR,  EXCEPTO LAS MAQUINAS PARA TALLAR O ACABAR ENGRANAJES DE LA PARTIDA 8461",MERCANCIAS VARIAS,2010-05-25,NORMAL,ADMINISTRADOR
1032,8461,"MAQUINAS DE CEPILLAR,  LIMAR,  MORTAJAR,  BROCHAR, TALLAR O ACABAR LOS ENGRANAJES,  ASERRAR,  TRONCEAR  Y DEMAS MAQUINAS HERRAMIENTA QUE TRABAJEN POR ARRANQUE DE METAL,  <CERMETS>,  NO EXPRESADAS NI COMPRENDIDAS EN OTRA PARTIDA",MERCANCIAS VARIAS,2010-05-25,NORMAL,ADMINISTRADOR
1033,8462,"MAQUINAS (INCLUIDAS LAS PRENSAS) PARA FORJAR O ESTAMPAR,  MARTILLOS PILON Y OTRAS MAQUINAS DE MARTILLAR,  PARA TRABAJAR METALES. MAQUINAS PARA (INCLUIDAS LAS PLESAS) DE ENROLLAR,  PLEGAR,  ENDEREZAR, APLANAR METAL O CARBUROS METALICOS NO EXPRESADOS ANTERIORMENTE..",MERCANCIAS VARIAS,2010-05-25,NORMAL,ADMINISTRADOR
1034,8463,"LAS DEMAS MAQUINAS HERRAMIENTA PARA TRABAJAR METALES,  <CERMETS>,  QUE NO TRABAJEN POR ARRANQUE DE MATERIA",MERCANCIAS VARIAS,2010-05-25,NORMAL,ADMINISTRADOR
1035,8464,"MAQUINAS HERRAMIENTA PARA TRABAJAR LA PIEDRA,  CERAMICA,  HORMIGON,  AMIANTOCEMENTO O MATERIAS MINERALES SIMILARES,  O PARA TRABAJAR EL VIDRIO EN FRIO",MERCANCIAS VARIAS,2010-05-25,NORMAL,ADMINISTRADOR
1036,8465,"MAQUINAS HERRAMIENTA (INCLUIDAS LAS DE CLAVAR,  GRAPAR,  ENCOLAR O ENSAMBLAR DE OTRO MODO) PARA TRABAJAR MADERA,  CORCHO,  HUESO,  CAUCHO ENDURECIDO,  PLASTICO O MATERIAS DURAS SIMILARES",MERCANCIAS VARIAS,2010-05-25,NORMAL,ADMINISTRADOR
1037,8466,"PARTES Y ACCESORIOS IDENTIFICABLES COMO DESTINADOS,  EXCLUSIVA O PRINCIPALMENTE,  A LAS MAQUINAS DE LAS PARTIDAS 8456 A 8465.PORTAPIEZAS Y PORTAUTILES,  DISPOSITIVOS  DE ROSCAR DE APERTURA AUTOMATICA,  DIVISORES Y DEMAS DISPOSITIVOS ESPECIALES PARA MONTAR EN MAQUINAS HERRAMIENTAS. PORTAUTILES PARA HERRAMIENTAS  DE MANO DE CUALQUIER TIPO",MERCANCIAS VARIAS,2010-05-25,NORMAL,ADMINISTRADOR
1038,8467,"HERRAMIENTAS NEUMATICAS,  HIDRAULICAS O CON MOTOR INCORPORADO QUE NO SEA ELECTRICO,  DE USO MANUAL",MERCANCIAS VARIAS,2010-05-25,NORMAL,ADMINISTRADOR
1039,8468,"MAQUINAS Y APARATOS PARA SOLDAR,  AUNQUE PUEDAN CORTAR,  EXCEPTO LOS DE LA PARTIDA 8515. MAQUINAS Y APARATOS DE GAS PARA EL TEMPLE SUPERFICIAL",MERCANCIAS VARIAS,2010-05-25,NORMAL,ADMINISTRADOR
1040,8469,"MAQUINAS DE ESCRIBIR,  EXCEPTO LAS IMPRESORAS DE LA PARTIDA 8471. MAQUINAS PARA TRATAMIENTO DE TEXTOS.",MERCANCIAS VARIAS,2010-05-25,NORMAL,ADMINISTRADOR
1041,8470,"MAQUINAS DE CALCULADOR Y MAQUINAS DE BOLSILLO REGISTRADORAS,  REPRODUCTORAS Y VISUALIZADORAS DE DATOS,  CON FUNCION DE CALCULO. MAQUINAS DE CONTABILIDAD,  MAQUINAS DE FRANQUEAR,  DE EXPEDIR BOLETOS (TIQUES) Y MAQUINAS SIMILARES. CON DISPOSITIVO DE CALCULO INCORPORADO. CAJAS REGISTRADORAS",MERCANCIAS VARIAS,2010-05-25,NORMAL,ADMINISTRADOR
1042,8471,"MAQUINAS AUTOMATICAS PARA TRATAMIENTO DE INFORMACION Y SUS UNIDADES. LECTORES MAGNETICOS Y OPTICOS,  MAQUINAS PARA PROCESO DE ESTA INFORMACION CODIFICADA,  NO EXPRESADAS NI COMPRENDIDAS EN OTRAS PARTIDAS",MERCANCIAS VARIAS,2010-05-25,NORMAL,ADMINISTRADOR
1043,8472,"LAS DEMAS MAQUINAS Y APARATOS DE OFICINA (POR EJEMPLO COPIADORAS HECTOGRAFICAS O DE CLISES,  MAQUINAS DE IMPRIMIR,  DISTRIBUIDORES AUTOMATICOS DE BILLETES DE BANCO,  MAQUINAS DE CLASIFICAR,  CONTAR MONEDA,  SACAPUNTAS,  PERFORADORAS O GRAPADORAS)",MERCANCIAS VARIAS,2010-05-25,NORMAL,ADMINISTRADOR
1044,8473,"PARTES Y ACCESORIOS (EXCEPTO LOS ESTUCHES,  FUNDAS Y SIMILARES) IDENTIFICABLES COMO DESTINADOS,  EXCLUSIVA O PRINCIPALMENTE,  A LAS MAQUINAS O APARATOS DE LAS PARTIDAS 8469 A 8472",MERCANCIAS VARIAS,2010-05-25,NORMAL,ADMINISTRADOR
1045,8474,"MAQUINAS Y APARATOS PARA CLASIFICAR,  CRIBAR,  SEPARAR,  LAVAR,  QUEBRANTAR,  ... PIEDRAS U OTRAS MATERIAS MINERALES SOLIDAS. MAQUINAS PARA AGLOMERAR,  CONFORMAR CEMENTO, YESO Y OTROS MINERALES EN POLVO O EN PASTA",MERCANCIAS VARIAS,2010-05-25,NORMAL,ADMINISTRADOR
1046,8475,"MAQUINAS PARA MONTAR LAMPARAS,  TUBOS O VALVULAS ELECTRICOS O ELECTRONICOS O LAMPARAS DE DESTELLO,  QUE TENGAN LA ENVOLVENTE DE VIDRIO. MAQUINAS PARA FABRICAR O TRABAJAR EN CALIENTE EL VIDRIO O LAS MANUFACTURAS DE VIDRIO",MERCANCIAS VARIAS,2010-05-25,NORMAL,ADMINISTRADOR
1047,8476,"MAQUINAS AUTOMATICAS PARA LA VENTA DE PRODUCTOS (POR EJEMPLO SELLOS,  CIGARRILLOS,  ALIMENTOS O BEBIDAS),  INCLUIDAS LAS MAQUINAS PARA CAMBIAR MONEDA",MERCANCIAS VARIAS,2010-05-25,NORMAL,ADMINISTRADOR
1048,8477,"MAQUINAS Y APARATOS PARA TRABAJAR CAUCHO O PLASTICOS O PARA FABRICAR PRODUCTOS DE ESTAS MATERIAS,  NO EXPRESADOS NI COMPRENDIDOS EN OTRA PARTE DE ESTE CAPITULO",MERCANCIAS VARIAS,2010-05-25,NORMAL,ADMINISTRADOR
1049,8478,"MAQUINAS Y APARATOS PARA PREPARAR O ELABORAR TABACO,  NO EXPRESADOS NI COMPRENDIDOS EN OTRA PARTE DE ESTE CAPITULO",MERCANCIAS VARIAS,2010-05-25,NORMAL,ADMINISTRADOR
1050,8479,"MAQUINAS Y APARATOS MECANICOS CON UNA FUNCION PROPIA,  NO EXPRESADOS NI COMPRENDIDOS EN OTRA PARTE DE ESTE CAPITULO",MERCANCIAS VARIAS,2010-05-25,NORMAL,ADMINISTRADOR
1051,8480,"CAJAS DE FUNDICION. PLACAS DE FONDO PARA MOLDES. MODELOS PARA MOLDES. MOLDES PARA METALES (EXCEPTO LAS LINGOTERAS),  CARBUROS METALICOS,  VIDRIO,  MATERIAS MINERALES,  CAUCHO O PLASTICO",MERCANCIAS VARIAS,2010-05-25,NORMAL,ADMINISTRADOR
1052,8481,"ARTICULOS DE GRIFERIA Y ORGANOS SIMILARES PARA TUBERIAS,  CALDERAS,  DEPOSITOS,  CUBAS O CONTINENTES SIMILARES,  INCLUIDAS LAS VALVULAS REDUCTORAS DE PRESION Y LAS VALVULAS TERMOSTATICAS",MERCANCIAS VARIAS,2010-05-25,NORMAL,ADMINISTRADOR
1053,8482,"RODAMIENTOS DE BOLAS,  DE RODILLOS O DE AGUJAS",MERCANCIAS VARIAS,2010-05-25,NORMAL,ADMINISTRADOR
1054,8483,"ARBOLES DE TRANSMISION. CAJAS DE COJINETES Y COJINETES. ENGRANAJES Y RUEDAS DE FRICCION. REDUCTORES Y VARIADORES DE VELOCIDAD. VOLANTES Y POLEAS. EMBRAGES Y ORGANOS DE ACOPLAMIENTO,  INCLUIDAS LAS JUNTAS DE ARTICULACION",MERCANCIAS VARIAS,2010-05-25,NORMAL,ADMINISTRADOR
1055,8484,"JUNTAS METALOPLASTICAS. JUEGOS O SURTIDOS DE JUNTAS DE DISTINTA COMPOSICION PRESENTADOS EN BOLSITAS,  SOBRES O ENVASES ANALOGOS. JUNTAS MECANICAS DE ESTANQUEIDAD",MERCANCIAS VARIAS,2010-05-25,NORMAL,ADMINISTRADOR
1056,8485,"PARTES DE MAQUINAS O DE APARATOS,  NO EXPRESADAS NI COMPRENDIDAS EN OTRA PARTE DE ESTE CAPITULO,  SIN CONEXIONES ELECTRICAS,  PARTES AISLADAS ELECTRICAMENTE,  BOBINADOS,  CONTACTOS NI OTRAS CARACTERISTICAS ELECTRICAS",MERCANCIAS VARIAS,2010-05-25,NORMAL,ADMINISTRADOR
1057,8501,"MOTORES Y GENERADORES,  ELECTRICOS,  CON EXCLUSION DE LOS GRUPOS ELECTROGENOS",MERCANCIAS VARIAS,2010-05-25,NORMAL,ADMINISTRADOR
1058,8502,GRUPOS ELECTROGENOS Y CONVERTIDORES ROTATIVOS ELECTRICOS,MERCANCIAS VARIAS,2010-05-25,NORMAL,ADMINISTRADOR
1059,8503,"PARTES IDENTIFICABLES COMO DESTINADAS,  EXCLUSIVA O PRINCIPALMENTE,  A LAS MAQUINAS DE LAS PARTIDAS 8501 U 8502",MERCANCIAS VARIAS,2010-05-25,NORMAL,ADMINISTRADOR
1060,8504,"TRANSFORMADORES ELECTRICOS,  CONVERTIDORES ELECTRICOS ESTATICOS (POR EJEMPLO RECTIFICADORES),  BOBINAS DE REACTANCIA Y DE AUTOINDUCCION",MERCANCIAS VARIAS,2010-05-25,NORMAL,ADMINISTRADOR
1061,8505,"ELECTROIMANES. IMANES PERMANENTES Y SIMILARES . PLATOS Y DISPOSITIVOS MAGNETICOS O ELECTROMAGNETICOS SIMILARES,  DE SUJECION. ACOPLAMIENTOS,  EMBRAGUES,  VARIADORES DE VELOCIDAD Y FRENOS,  ELECTROMAGNETICOS. CABEZAS ELEVADORAS ELECTROMAGNETICAS",MERCANCIAS VARIAS,2010-05-25,NORMAL,ADMINISTRADOR
1062,8506,"PILAS Y BATERIAS DE PILAS,  ELECTRICAS",MERCANCIAS VARIAS,2010-05-25,NORMAL,ADMINISTRADOR
1063,8507,"ACUMULADORES ELECTRICOS,  INCLUIDOS LOS SEPARADORES,  AUNQUE SEAN CUADRADOS O RECTANGULARES",MERCANCIAS VARIAS,2010-05-25,NORMAL,ADMINISTRADOR
1064,8508,"HERRAMIENTAS ELECTROMECANICAS CON MOTOR ELECTRICO INCORPORADO,  DE USO MANUAL",MERCANCIAS VARIAS,2010-05-25,NORMAL,ADMINISTRADOR
1065,8509,"APARATOS ELECTROMECANICOS CON MOTOR ELECTRICO INCORPORADO,  DE USO DOMESTICO",MERCANCIAS VARIAS,2010-05-25,NORMAL,ADMINISTRADOR
1066,8510,"AFEITADORAS,  MAQUINAS CORTADORAS DE PELO O DE ESQUILAR Y APARATOS DE DEPILAR,  CON MOTOR ELECTRICO INCORPORADO",MERCANCIAS VARIAS,2010-05-25,NORMAL,ADMINISTRADOR
1067,8511,"APARATOS Y DISPOSITIVOS ELECTRICOS DE ENCENDIDO O DE ARRANQUE,  PARA MOTORES DE ENCENDIDO POR CHISPA O POR COMPRESION. GENERADORES Y REGULADORES-DISYUNTORES UTILIZADOS CON ESTOS MOTORES",MERCANCIAS VARIAS,2010-05-25,NORMAL,ADMINISTRADOR
1068,8512,"APARATOS ELECTRICOS DE ALUMBRADO O DE SE?ALIZACION (CON EXCLUSION DE LOS ARTICULOS DE LA PARTIDA 8539),  LIMPIAPARABRISAS,  ELIMINADORES DE ESCARCHA Y DE VAHO,  ELECTRICOS,  DEL TIPO DE LOS UTILIZADOS EN CICLOS O AUTOMOVILES",MERCANCIAS VARIAS,2010-05-25,NORMAL,ADMINISTRADOR
1069,8513,"LAMPARAS ELECTRICAS PORTATILES QUE FUNCIONEN CON SU PROPIA FUENTE DE ENERGIA (POR EJEMPLO DE PILAS,  DE ACUMULADORES O ELECTROMAGNETICAS),  EXCEPTO LOS APARATOS DE ALUMBRADO DE LA PARTIDA 8512",MERCANCIAS VARIAS,2010-05-25,NORMAL,ADMINISTRADOR
1070,8514,"HORNOS ELECTRICOS INDUSTRIALES O DE LABORATORIO,  INCLUIDOS LOS DE INDUCCION O PERDIDAS DIELECTRICAS. LOS DEMAS APARATOS INDUSTRIALES O DE LABORATORIO PARA EL TRATAMIENTO TERMICO DE MATERIAS POR INDUCCION O POR PERDIDAS DIELECTRICAS",MERCANCIAS VARIAS,2010-05-25,NORMAL,ADMINISTRADOR
1071,8515,"MAQUINAS Y APARATOS PARA SOLDAR (AUNQUE PUEDAN CORTAR),  ELECTRICOS,  DE LASER,  DE ULTRASONIDO,  DE HACES DE ELECTRONES. MAQUINAS O APARATOS ELECTRICOS PARA PROYECTAR EN CALIENTE METALES O CERMET",MERCANCIAS VARIAS,2010-05-25,NORMAL,ADMINISTRADOR
1072,8516,"CALENTADORES ELECTRICOS DE AGUA Y CALENTADORES ELECTRICOS DE INMERSION. APARATOS ELECTRICOS PARA LA CALEFACCION DE LOCALES. APARATOS ELECTROTERMICOS PARA EL CUIDADO DEL CABELLO,  O PARA SECAR LAS MANOS. OTROS APARATOS ELECTROTERMICOS DE USO DOMESTICO",MERCANCIAS VARIAS,2010-05-25,NORMAL,ADMINISTRADOR
1073,8517,"APARATOS ELECTRICOS DE TELEFONIA O TELEGRAFIA CON HILOS,  INCLUIDOS LOS TELEFONOS DE ABONADO DE AURICULAR (COMBINADO CON MICROFONO) INALAMBRICO Y LOS APARATOS PARA TELECOMUNICACION POR CORRIENTE PORTADORA O TELECOMUNICACION NUMERICA (DIGITAL) VIDEOFON",MERCANCIAS VARIAS,2010-05-25,NORMAL,ADMINISTRADOR
1074,8518,"MICROFONOS Y SUS SOPORTES. ALTAVOCES,  INCLUSO MONTADOS EN SUS CAJAS. AURICULARES,  INCLUSO COMBINADOS CON UN MICROFONO. AMPLIFICADORES ELECTRICOS DE AUDIOFRECUENCIA. APARATOS ELECTRICOS PARA AMPLIFICACION DEL SONIDO",MERCANCIAS VARIAS,2010-05-25,NORMAL,ADMINISTRADOR
1075,8519,"GIRADISCOS,  TOCADISCOS,  REPRODUCTORES DE CASETES Y DEMAS REPRODUCTORES DE SONIDO,  SIN DISPOSITIVO DE GRABACION",MERCANCIAS VARIAS,2010-05-25,NORMAL,ADMINISTRADOR
1076,8520,"MAGNETOFONOS Y DEMAS APARATOS DE GRABACION DE SONIDO,  INCLUSO CON DISPOSITIVO DE REPRODUCCION",MERCANCIAS VARIAS,2010-05-25,NORMAL,ADMINISTRADOR
1077,8521,"APARATOS DE GRABACION O DE REPRODUCCION DE IMAGEN Y SONIDO (VIDEOS),  INCLUSO CON RECEPTOR INCORPORADO DE SE?ALES DE IMAGEN Y SONIDO",MERCANCIAS VARIAS,2010-05-25,NORMAL,ADMINISTRADOR
1078,8522,"PARTES Y ACCESORIOS IDENTIFICABLES COMO DESTINADOS,  EXCLUSIVA O PRINCIPALMENTE,  A LOS APARATOS DE LAS PARTIDAS 8519 A 8521",MERCANCIAS VARIAS,2010-05-25,NORMAL,ADMINISTRADOR
1079,8523,"SOPORTES PREPARADOS PARA GRABAR SONIDO O PARA GRABACIONES ANALOGAS,  SIN GRABAR,  EXCEPTO LOS PRODUCTOS DEL CAPITULO 37",MERCANCIAS VARIAS,2010-05-25,NORMAL,ADMINISTRADOR
1080,8524,"DISCOS,  CINTAS Y DEMAS SOPORTES PARA GRABAR SONIDO O PARA GRABACIONES ANALOGAS,  GRABADOS,  INCLUSO LAS MATRICES Y MOLDES GALVANICOS PARA LA FABRICACION DE DISCOS CON EXCLUSION DE LOS PRODUCTOS DEL CAPITULO 37",MERCANCIAS VARIAS,2010-05-25,NORMAL,ADMINISTRADOR
1081,8525,"APARATOS EMISORES DE RADIOTELEFONIA,  RADIOTELEGRAFIA,  RADIODIFUSION O TELEVISION,  INCLUSO CON UN APARATO RECEPTOR O UN APARATO DE GRABACION O REPRODUCCION DE SONIDO,  INCORPORADOS. CAMARAS DE TELEVISION. VIDEOCAMARAS,  INCLUIDAS LAS DE IMAGEN FIJA",MERCANCIAS VARIAS,2010-05-25,NORMAL,ADMINISTRADOR
1082,8526,"APARATOS DE RADIODETECCION Y RADIOSONDEO (RADAR),  DE RADIONAVEGACION Y DE RADIOTELEMANDO",MERCANCIAS VARIAS,2010-05-25,NORMAL,ADMINISTRADOR
1083,8527,"APARATOS RECEPTORES DE RADIOTELEFONIA,  RADIOTELEGRAFIA O RADIODIFUSION,  INCLUSO COMBINADOS EN UNA MISMA ENVUELTA CON GRABADORES O REPRODUCTORES DE SONIDO O CON UN APARATO DE RELOJERIA",MERCANCIAS VARIAS,2010-05-25,NORMAL,ADMINISTRADOR
1084,8527,"APARATOS RECEPTORES DE TELEVISION,  INCLUSO CON UN APARATO RECEPTOR DE RADIODIFUSION O UN APARATO DE GRABACION O REPRODUCCION DE SONIDO O DE IMAGEN INCORPORADOS. VIDEOMONITORES Y VIDEOPROYECTORES",MERCANCIAS VARIAS,2010-05-25,NORMAL,ADMINISTRADOR
1085,8529,"PARTES IDENTIFICABLES COMO DESTINADAS,  EXCLUSIVA O PRINCIPALMENTE,  A LOS APARATOS DE LAS PARTIDAS 8525 A 8528",MERCANCIAS VARIAS,2010-05-25,NORMAL,ADMINISTRADOR
1086,8530,"APARATOS ELECTRICOS DE SE?ALIZACION (EXCEPTO LOS DE TRANSMISION DE MENSAJES),  DE SEGURIDAD,  PARA VIAS FERREAS O SIMILARES,  CARRETERAS,  VIAS FLUVIALES,  AREAS DE SERVICIO,  ESTACIONAMIENTOS,  INSTALACIONES PORTUARIAS O AEROPUERTOS (EXCEPTO LOS DE 8608)",MERCANCIAS VARIAS,2010-05-25,NORMAL,ADMINISTRADOR
1087,8531,"APARATOS ELECTRICOS DE SE?ALIZACION ACUSTICA O VISUAL (POR EJEMPLO SONERIAS,  SIRENAS,  TABLEROS ANUNCIADORES,  AVISADORES DE PROTECCION CONTRA ROBOS O INCENDIOS),  EXCEPTO LOS DE LAS PARTIDAS 8512 U 8530",MERCANCIAS VARIAS,2010-05-25,NORMAL,ADMINISTRADOR
1088,8532,"CONDENSADORES ELECTRICOS FIJOS,  VARIABLES O AJUSTABLES",MERCANCIAS VARIAS,2010-05-25,NORMAL,ADMINISTRADOR
1089,8533,"RESISTENCIAS ELECTRICAS,  EXCEPTO LAS DE CALENTAMIENTO (INCLUIDOS LOS REOSTATOS Y POTENCIOMETROS)",MERCANCIAS VARIAS,2010-05-25,NORMAL,ADMINISTRADOR
1090,8534,CIRCUITOS IMPRESOS,MERCANCIAS VARIAS,2010-05-25,NORMAL,ADMINISTRADOR
1091,8535,"APARATOS PARA EL CORTE,  SECCIONAMIENTO,  PROTECCION,  DERIVACION,  EMPALME O CONEXION DE CIRCUITOS ELECTRICOS ( INTERRUPTORES,  COMUTADORES,  CORTOCIRCUITOS, .. ) PARA UNA TENSION INFERIOS O IGUAL A 1000 VOLTIOS",MERCANCIAS VARIAS,2010-05-25,NORMAL,ADMINISTRADOR
1092,8536,"APARATOS PARA EL CORTE,  SECCIONAMIENTO,  PROTECCION,  DERIVACION,  EMPALME O CONEXION DE",MERCANCIAS VARIAS,2010-05-25,NORMAL,ADMINISTRADOR
1093,8537,"CUADROS,  PANELES,  ARMARIOS Y DEMAS SOPORTES EQUIPADOS CON VARIOS APARATOS DE LAS PARTIDAS 8535 U 8536,  PARA EL CONTROL O DISTIBUCION DE LA ELECTRICIDAD",MERCANCIAS VARIAS,2010-05-25,NORMAL,ADMINISTRADOR
1094,8538,"PARTES IDENTIFICABLES COMO DESTINADAS,  EXCLUSIVA O PRINCIPALMENTE,  A LOS APARATOS DE LAS PARTIDAS 8535,  8536 U 8537",MERCANCIAS VARIAS,2010-05-25,NORMAL,ADMINISTRADOR
1095,8539,"LAMPARAS Y TUBOS ELECTRICOS DE INCANDESCENCIA O DE DESCARGA,  INCLUIDOS LOS FAROS O UNIDADES SELLADOS Y LAS LAMPARAS Y TUBOS DE RAYOS ULTRAVIOLETAS O INFRARROJOS. LAMPARAS DE ARCO",MERCANCIAS VARIAS,2010-05-25,NORMAL,ADMINISTRADOR
1096,8540,"LAMPARAS,  TUBOS Y VALVULAS ELECTRONICOS DE CATODO CALIENTE,  DE CATODO FRIO O DE FOTOCATODO( PRO EJEMPLO LAMPARAS,  TUBOS Y VALVULAS,  DE VACIO, ... ) EXCEPTO LOS DE LA PARTIDA 8539",MERCANCIAS VARIAS,2010-05-25,NORMAL,ADMINISTRADOR
1097,8541,"DIODOS,  TRANSISTORES Y DISPOSITIVOS SEMICONDUCTORES SIMILARES. DISPOSITIVOS SEMICONDUCTORES FOTOSENSIBLES,  INCLUIDAS LAS CELULAS FOTOVOLTAICAS,  AUNQUE ESTEN ENSAMBLADAS EN MODULOS O PANELES. DIODOS EMISORES DE LUZ. CRISTALES PIEZOELECTRICOS MONTADOS",MERCANCIAS VARIAS,2010-05-25,NORMAL,ADMINISTRADOR
1098,8542,CIRCUITOS INTEGRADOS Y MICROESTRUCTURAS ELECTRONICAS,MERCANCIAS VARIAS,2010-05-25,NORMAL,ADMINISTRADOR
1099,8543,"MAQUINAS Y APARATOS ELECTRICOS CON UNA FUNCION PROPIA,  NO EXPRESADOS NI COMPRENDIDOS EN OTRA PARTE DE ESTE CAPITULO",MERCANCIAS VARIAS,2010-05-25,NORMAL,ADMINISTRADOR
1100,8544,"HILOS,  CABLES (INCLUIDOS LOS COAXIALES) Y DEMAS CONDUCTORES AISLADOS PARA ELECTRICIDAD,  AUNQUE ESTEN ANODIZADOS. CABLES DE FIBRAS OPTICAS CONSTITUIDOS POR FIBRAS ENFUNDADAS INDIVIDUALMENTE,  INCLUSO CON CONDUCTORES ELECTRICOS O PIEZAS DE CONEXION",MERCANCIAS VARIAS,2010-05-25,NORMAL,ADMINISTRADOR
1101,8545,"ELECTRODOS Y ESCOBILLAS DE CARBON,  CARBON PARA LAMPARAS O PARA PILAS Y DEMAS ARTICULOS DE GRAFITO O DE OTROS CARBONOS,  INCLUSO CON METAL,  PARA USOS ELECTRICOS",MERCANCIAS VARIAS,2010-05-25,NORMAL,ADMINISTRADOR
1102,8546,AISLADORES ELECTRICOS DE CUALQUIER MATERIA,MERCANCIAS VARIAS,2010-05-25,NORMAL,ADMINISTRADOR
1103,8547,"PIEZAS AISLANTES TOTALMENTE DE MATERIA AISLANTE O CON SIMPLES PIEZAS METALICAS DE ENSAMBLADO ( EJEMPLO CASQUILLOS),  PARA MAQUINAS O INSTALACIONES ELECTRICAS,  EXCEPTO LOS AISLADORES DE 8546. TUBOS Y SUS PIEZAS DE UNION AISLADOS INTERIORMENTE",MERCANCIAS VARIAS,2010-05-25,NORMAL,ADMINISTRADOR
1104,8548,"DESPERDICIOS Y DESECHOS DE PILAS,  BATERIAS DE PILAS O ACUMULADORES ELECTRICOS. PILAS,  BATERIAS DE PILAS Y ACUMULADORES,  ELECTRICOS,  INSERVIBLES. PARTES ELECTRICAS DE MAQUINAS O APARATOS,  NO EXPRESADAS NI COMPRENDIDAS EN OTRA PARTE DE ESTE CAPITULO",MERCANCIAS VARIAS,2010-05-25,NORMAL,ADMINISTRADOR
1105,8601,"LOCOMOTORAS Y LOCOTRACTORES,  ELECTRICOS (DE ENERGIA EXTERIOR O DE ACUMULADORES)",MERCANCIAS VARIAS,2010-05-25,NORMAL,ADMINISTRADOR
1106,8602,LAS DEMAS LOCOMOTORAS Y LOCOTRACTORES. TENDERES,MERCANCIAS VARIAS,2010-05-25,NORMAL,ADMINISTRADOR
1107,8603,"AUTOMOTORES Y TRANVIAS CON MOTOR,  EXCEPTO LOS DE LA PARTIDA 8604",MERCANCIAS VARIAS,2010-05-25,NORMAL,ADMINISTRADOR
1108,8604,"VEHICULOS PARA EL MANTENIMIENTO O SERVICIO DE LAS VIAS FERREAS O SIMILARES,  INCLUSO AUTOPROPULSADOS (POR EJEMPLO VAGONES TALLER,  VAGONES GRUA,  VAGONES EQUIPADOS PARA APISONAR EL BALASTO,  PARA ALINEAR LAS VIAS,  COCHES PARA ENSAYOS Y VAGONETAS)",MERCANCIAS VARIAS,2010-05-25,NORMAL,ADMINISTRADOR
1109,8605,"COCHES DE VIAJEROS,  FURGONES DE EQUIPAJES,  COCHES CORREO Y DEMAS COCHES ESPECIALES,  PARA VIAS FERREAS O SIMILARES (CON EXCLUSION DE LOS COCHES DE LA PARTIDA 8604)",MERCANCIAS VARIAS,2010-05-25,NORMAL,ADMINISTRADOR
1110,8606,VAGONES PARA EL TRANSPORTE DE MERCANCIAS SOBRE CARRILES,MERCANCIAS VARIAS,2010-05-25,NORMAL,ADMINISTRADOR
1111,8607,PARTES DE VEHICULOS PARA VIAS FERREAS O SIMILARES,MERCANCIAS VARIAS,2010-05-25,NORMAL,ADMINISTRADOR
1112,8608,"MATERIAL FIJO DE VIAS FERREAS O SIMILARES. APARATOS MECANICOS (INCLUSO ELECTROMECANICOS) DE SE?ALIZACION,  DE SEGURIDAD,  PARA VIAS FERREAS,  CARRETERAS O VIAS FLUVIALES,  AREAS DE SERVICIO,  INSTALACIONES PORTUARIAS O AEROPUERTOS. PARTES",MERCANCIAS VARIAS,2010-05-25,NORMAL,ADMINISTRADOR
1113,8609,CONTENEDORES (INCLUIDOS LOS CONTENEDORES CISTERNA Y LOS CONTENEDORES DEPOSITO) ESPECIALMENTE PROYECTADOS Y EQUIPADOS PARA UNO O VARIOS MEDIOS DE TRANSPORTE,MERCANCIAS VARIAS,2010-05-25,NORMAL,ADMINISTRADOR
1114,8701,TRACTORES (EXCEPTO LAS CARRETILLAS TRACTOR DE LA PARTIDA 8709),MERCANCIAS VARIAS,2010-05-25,NORMAL,ADMINISTRADOR
1115,8702,"VEHICULOS AUTOMOVILES PARA EL TRANSPORTE DE DIEZ PERSONAS O MAS,  CONDUCTOR INCLUIDO",MERCANCIAS VARIAS,2010-05-25,NORMAL,ADMINISTRADOR
1116,8703,"COCHES DE TURISMO Y DEMAS VEHICULOS AUTOMOVILES PROYECTADOS PRINCIPALMENTE PARA EL TRANSPORTE DE PERSONAS (EXCEPTO LOS DE LA PARTIDA 8702),  INCLUIDOS LOS VEHICULOS DEL TIPO FAMILIAR Y LOS DE CARRERAS",MERCANCIAS VARIAS,2010-05-25,NORMAL,ADMINISTRADOR
1117,8704,VEHICULOS AUTOMOVILES PARA EL TRANSPORTE DE MERCANCIAS,MERCANCIAS VARIAS,2010-05-25,NORMAL,ADMINISTRADOR
1118,8705,"VEHICULOS AUTOMOVILES PARA USOS ESPECIALES,  EXCEPTO LOS PROYECTADOS PRINCIPALMENTE PARA EL PERSONAS O MERCANCIAS ( POR EJEMPLO CAMIONES GRUA,  CAMIONES DE BOMBEROS,  CAMIONES HORMIGONERA,  COCHES TALLER,  COCHES RADIOLOGICOS)",MERCANCIAS VARIAS,2010-05-25,NORMAL,ADMINISTRADOR
1119,8706,"CHASIS DE VEHICULOS AUTOMOVILES DE LAS PARTIDAS 8701 A 8705,  CON EL MOTOR",MERCANCIAS VARIAS,2010-05-25,NORMAL,ADMINISTRADOR
1120,8707,"CARROCERIAS DE VEHICULOS DE LAS PARTIDAS 8701 A 8705,  INCLUSO LAS CABINAS",MERCANCIAS VARIAS,2010-05-25,NORMAL,ADMINISTRADOR
1121,8708,PARTES Y ACCESORIOS DE VEHICULOS AUTOMOVILES DE LAS PARTIDAS 8701 A 8705,MERCANCIAS VARIAS,2010-05-25,NORMAL,ADMINISTRADOR
1122,8709,"CARRETILLAS AUTOMOVIL SIN DISPOSITIVO DE ELEVACION DEL TIPO DE LAS UTILIZADAS EN FABRICAS,  ALMACENES,  PUERTOS O AEROPUERTOS,  PARA EL TRANSPORTE DE MERCANCIAS A CORTA DISTANCIA. CARRETILLAS TRACTOR DEL TIPO DE LAS UTILIZADAS EN LAS ESTACIONES. PARTES",MERCANCIAS VARIAS,2010-05-25,NORMAL,ADMINISTRADOR
1123,8710,"CARROS Y AUTOMOVILES BLINDADOS DE COMBATE,  INCLUSO ARMADOS. PARTES",MERCANCIAS VARIAS,2010-05-25,NORMAL,ADMINISTRADOR
1124,8711,"MOTOCICLETAS (INCLUSO CON PEDALES) Y CICLOS CON MOTOR AUXILIAR,  CON SIDECAR O SIN EL. SIDECARES",MERCANCIAS VARIAS,2010-05-25,NORMAL,ADMINISTRADOR
1125,8712,"BICICLETAS Y DEMAS CICLOS (INCLUIDOS LOS TRICICLOS DE REPARTO),  SIN MOTOR",MERCANCIAS VARIAS,2010-05-25,NORMAL,ADMINISTRADOR
1126,8713,"SILLONES DE RUEDAS Y DEMAS VEHICULOS PARA INVALIDOS,  INCLUSO CON MOTOR U OTRO MECANISMO DE PROPULSION",MERCANCIAS VARIAS,2010-05-25,NORMAL,ADMINISTRADOR
1127,8714,PARTES Y ACCESORIOS DE LOS VEHICULOS DE LAS PARTIDAS 8711 A 8713,MERCANCIAS VARIAS,2010-05-25,NORMAL,ADMINISTRADOR
1128,8715,"COCHES,  SILLAS Y VEHICULOS SIMILARES PARA EL TRANSPORTE DE NI?OS,  Y SUS PARTES",MERCANCIAS VARIAS,2010-05-25,NORMAL,ADMINISTRADOR
1129,8716,REMOLQUES Y SEMIRREMOLQUES PARA CUALQUIER VEHICULO. LOS DEMAS VEHICULOS NO AUTOMOVILES. PARTES,MERCANCIAS VARIAS,2010-05-25,NORMAL,ADMINISTRADOR
1130,8801,"GLOBOS Y DIRIGIBLES. PLANEADORES,  ALAS VOLANTES Y DEMAS AERONAVES NO CONCEBIDAS PARA LA PROPULSION CON MOTOR",MERCANCIAS VARIAS,2010-05-25,NORMAL,ADMINISTRADOR
1131,8802,LAS DEMAS AERONAVES (POR EJEMPLO HELICOPTEROS O AVIONES). VEHICULOS ESPACIALES (INCLUIDOS LOS SATELITES) Y SUS VEHICULOS DE LANZAMIENTO Y VEHICULOS SUBORBITALES,MERCANCIAS VARIAS,2010-05-25,NORMAL,ADMINISTRADOR
1132,8803,PARTES DE LOS APARATOS DE LAS PARTIDAS 8801 A 8802,MERCANCIAS VARIAS,2010-05-25,NORMAL,ADMINISTRADOR
1133,8804,"PARACAIDAS (INCLUIDOS LOS PARACAIDAS DIRIGIBLES,  PLANEADORES O GIRATORIOS). SUS PARTES Y ACCESORIOS",MERCANCIAS VARIAS,2010-05-25,NORMAL,ADMINISTRADOR
1134,8805,APARATOS Y DISPOSITIVOS PARA LANZAMIENTO DE AERONAVES. APARATOS Y DISPOSITIVOS PARA EL ATERRIZAJE EN PORTAVIONES Y APARATOS Y DISPOSITIVOS SIMILARES. SIMULADORES DE VUELO. PARTES,MERCANCIAS VARIAS,2010-05-25,NORMAL,ADMINISTRADOR
1135,8901,"TRANSATLANTICOS,  BARCOS PARA EXCURSIONES,  TRANSBORDADORES,  CARGUEROS,  GABARRAS Y BARCOS SIMILARES PARA EL TRANSPORTE DE PERSONAS O DE MERCANCIAS",MERCANCIAS VARIAS,2010-05-25,NORMAL,ADMINISTRADOR
1136,8902,BARCOS DE PESCA. BARCOS FACTORIA Y DEMAS BARCOS PARA EL TRATAMIENTO O LA PREPARACION DE CONSERVAS DE PRODUCTOS DE LA PESCA,MERCANCIAS VARIAS,2010-05-25,NORMAL,ADMINISTRADOR
1137,8903,YATES Y DEMAS BARCOS Y EMBARCACIONES DE RECREO O DE DEPORTE. BARCAS DE REMO Y CANOAS,MERCANCIAS VARIAS,2010-05-25,NORMAL,ADMINISTRADOR
1138,8904,REMOLCADORES Y BARCOS EMPUJADORES,MERCANCIAS VARIAS,2010-05-25,NORMAL,ADMINISTRADOR
1139,8905,"BARCOS FARO,  BARCOS BOMBA,  DRAGAS,  PONTONES GRUA Y DEMAS BARCOS EN LOS QUE LA NAVEGACION SEA ACCESORIA EN RELACION CON LA FUNCION PRINCIPAL. DIQUES FLOTANTES. PLATAFORMAS DE PERFORACION O DE EXPLOTACION,  FLOTANTES O SUMERGIBLES",MERCANCIAS VARIAS,2010-05-25,NORMAL,ADMINISTRADOR
1140,8906,"LOS DEMAS BARCOS,  INCLUIDOS LOS NAVIOS DE GUERRA Y LOS BARCOS DE SALVAMENTO QUE NO SEAN DE REMOS",MERCANCIAS VARIAS,2010-05-25,NORMAL,ADMINISTRADOR
1141,8907,"ARTEFACTOS FLOTANTES (POR EJEMPLO BALSAS,  DEPOSITOS,  CAJONES,  INCLUSO DE AMARRE,  BOYAS Y BALIZAS)",MERCANCIAS VARIAS,2010-05-25,NORMAL,ADMINISTRADOR
1142,8908,BARCOS Y DEMAS ARTEFACTOS FLOTANTES PARA DESGUACE(1),MERCANCIAS VARIAS,2010-05-25,NORMAL,ADMINISTRADOR
1143,9001,"FIBRAS OPTICAS Y HACES DE FIBRAS OPTICAS. CABLES DE FIBRAS OPTICAS,  EXCEPTO LOS DE 8544. MATERIAS POLARIZANTES EN HOJAS O PLACAS,  LENTES (INCLUSO LAS DE CONTACTO ),  PRISMAS ESPEJOS,  Y CUALQUIER ELEMENTO DE OTICA SIN MONTAR",MERCANCIAS VARIAS,2010-05-25,NORMAL,ADMINISTRADOR
1144,9002,"LENTES,  PRISMAS,  ESPEJOS Y DEMAS ELEMENTOS DE OPTICA DE CUALQUIER MATERIA,  MONTADOS,  PARA INSTRUMENTOS O APARATOS,  EXCEPTO LOS DE VIDRIO SIN TRABAJAR OPTICAMENTE",MERCANCIAS VARIAS,2010-05-25,NORMAL,ADMINISTRADOR
1145,9003,MONTURAS DE GAFAS O DE ARTICULOS SIMILARES Y SUS PARTES,MERCANCIAS VARIAS,2010-05-25,NORMAL,ADMINISTRADOR
1146,9004,"GAFAS CORRECTORAS,  PROTECTORAS U OTRAS,  Y ARTICULOS SIMILARES",MERCANCIAS VARIAS,2010-05-25,NORMAL,ADMINISTRADOR
1147,9005,"GEMELOS Y PRISMATICOS,  ANTEOJOS DE LARGA VISTA (INCLUIDOS LOS ASTRONOMICOS),  TELESCOPIOS OPTICOS Y SUS ARMADURAS. LOS DEMAS INSTRUMENTOS DE ASTRONOMIA Y SUS ARMADURAS,  CON EXCLUSION DE LOS APARATOS DE RADIOASTRONOMIA",MERCANCIAS VARIAS,2010-05-25,NORMAL,ADMINISTRADOR
1148,9006,"APARATOS FOTOGRAFICOS. APARATOS Y DISPOSITIVOS,  INCLUIDOS LAS LAMPARAS Y TUBOS,  PARA LA PRODUCCION DE DESTELLOS EN FOTOGRAFIA,  CON EXCLUSION DE LAS LAMPARAS Y TUBOS DE DESCARGA DE LA PARTIDA 8539",MERCANCIAS VARIAS,2010-05-25,NORMAL,ADMINISTRADOR
1149,9007,"CAMARAS Y PROYECTORES CINEMATOGRAFICOS,  INCLUSO CON GRABADORES O REPRODUCTORES DE SONIDO",MERCANCIAS VARIAS,2010-05-25,NORMAL,ADMINISTRADOR
1150,9008,"PROYECTORES DE IMAGEN FIJA. AMPLIADORAS O REDUCTORAS,  FOTOGRAFICAS",MERCANCIAS VARIAS,2010-05-25,NORMAL,ADMINISTRADOR
1151,9009,FOTOCOPIADORAS OPTICAS O POR CONTACTO Y TERMOCOPIADORAS,MERCANCIAS VARIAS,2010-05-25,NORMAL,ADMINISTRADOR
1152,9010,"APARATOS Y MATERIAL PARA LABORATORIOS FOTOGRAFICOS O CINEMATOGRAFICOS (INCLUIDOS LOS APARATOS PARA PROYECTAR),  NO EXPRESADO EN OTRA PARTE DE ESTE CAPITULO. NEGATOSCOPIOS. PANTALLAS DE PROYECCION",MERCANCIAS VARIAS,2010-05-25,NORMAL,ADMINISTRADOR
1153,9011,"MICROSCOPIOS OPTICOS,  INCLUIDOS LOS DE FOTOMICROGRAFIA O CINEFOTOMICROGRAFIA O MICROPROYECCION",MERCANCIAS VARIAS,2010-05-25,NORMAL,ADMINISTRADOR
1154,9012,"MICROSCOPIOS,  EXCEPTO LOS OPTICOS,  Y DIFRACTOGRAFOS",MERCANCIAS VARIAS,2010-05-25,NORMAL,ADMINISTRADOR
1155,9013,"DISPOSITIVOS DE CRISTALES LIQUIDOS QUE NO CONSTITUYAN ARTICULOS COMPRENDIDOS MAS ESPECIFICAMENTE EN OTRAS PARTIDAS. LASERES,  EXCEPTO LOS DIODOS LASER. LOS DEMAS APARATOS E INSTRUMENTOS DE OPTICA,  NO EXPRESADOS EN OTRA PARTE DE ESTE CAPITULO",MERCANCIAS VARIAS,2010-05-25,NORMAL,ADMINISTRADOR
1156,9014,"BRUJULAS,  INCLUIDOS LOS COMPASES DE NAVEGACION. LOS DEMAS INSTRUMENTOS Y APARATOS DE NAVEGACION",MERCANCIAS VARIAS,2010-05-25,NORMAL,ADMINISTRADOR
1157,9015,"INSTRUMENTOS Y APARATOS DE GEODESIA,  TOPOGRAFIA,  AGRIMENSURA,  NIVELACION,  FOTOGRAMETRIA,  HIDROGRAFIA,  OCEANOGRAFIA,  HIDROLOGIA,  METEOROLOGIA O GEOFISICA,  CON EXCLUSION DE LAS BRUJULAS. TELEMETROS",MERCANCIAS VARIAS,2010-05-25,NORMAL,ADMINISTRADOR
1158,9016,"BALANZAS SENSIBLES A UN PESO INFERIOR O IGUAL A 5 CG,  INCLUSO CON PESAS",MERCANCIAS VARIAS,2010-05-25,NORMAL,ADMINISTRADOR
1159,9017,"INSTRUMENTOS DE DIBUJO,  TRAZADO O CALCULO (POR EJEMPLO MAQUINAS DE DIBUJAR,  PANTOGRAFOS). INSTRUMENTOS MANUALES DE MEDIDAD DE LONGUITUDES ( METROS,  CALIBRADORES ),  NO EXPRESADOS EN OTRA PARTE DE ESTE CAPITULO",MERCANCIAS VARIAS,2010-05-25,NORMAL,ADMINISTRADOR
1160,9018,"INSTRUMENTOS Y APARATOS DE MEDICINA,  CIRUGIA,  ODONTOLOGIA O VETERINARIA,  INCLUIDOS LOS DE ESCINTIGRAFIA Y DEMAS APARATOS ELECTROMEDICOS,  ASI COMO LOS APARATOS PARA PRUEBAS VISUALES",MERCANCIAS VARIAS,2010-05-25,NORMAL,ADMINISTRADOR
1161,9019,"APARATOS DE MECANOTERAPIA. APARATOS PARA MASAJES. APARATOS DE SICOTECNIA. APARATOS DE OZONOTERAPIA,  OXIGENOTERAPIA Y DE AEROSOLTERAPIA,  APARATOS RESPIRATORIOS DE REANIMACION Y DEMAS APARATOS DE TERAPIA RESPIRATORIA",MERCANCIAS VARIAS,2010-05-25,NORMAL,ADMINISTRADOR
1162,9020,"LOS DEMAS APARATOS RESPIRATORIOS Y MASCARAS ANTIGAS,  CON EXCLUSION DE LAS MASCARAS DE PROTECCION SIN MECANISMO NI ELEMENTO FILTRANTE AMOVIBLE",MERCANCIAS VARIAS,2010-05-25,NORMAL,ADMINISTRADOR
1163,9021,"ARTICULOS Y APARATOS DE ORTOPEDIA,  INCLUIDAS LAS FAJAS Y BANDAS MEDICOQUIRURGICAS Y LAS MULETAS. ARTICULOS PARA FRACTURAS. ARTICULOS Y APARATOS DE PROTESIS. AUDIFINOS Y SIMILARES",MERCANCIAS VARIAS,2010-05-25,NORMAL,ADMINISTRADOR
1164,9022,"APARATOS DE RAYOS X Y APARATOS QUE UTILICEN LAS RADIACIONES ALFA,  BETA O GAMMA,  INCLUSO PARA USO MEDICO,  QUIRURGICO,  ODONTOLOGICO,  INCLUIDOS LOS APARATOS DE RADIOLOGIA O RADIO TERAPIA. SILLONES Y SOPORTES SIMILARES PARA EXAMEN O TRATAMIENTO",MERCANCIAS VARIAS,2010-05-25,NORMAL,ADMINISTRADOR
1165,9023,"INSTRUMENTOS,  APARATOS Y MODELOS,  PROYECTADOS PARA DEMOSTRACIONES (POR EJEMPLO EN LA ENSE?ANZA O EXPOSICIONES),  QUE NO SEAN SUSCEPTIBLES DE OTROS USOS",MERCANCIAS VARIAS,2010-05-25,NORMAL,ADMINISTRADOR
1166,9024,"MAQUINAS Y APARATOS PARA ENSAYOS DE DUREZA,  TRACCION,  COMPRESION,  ELASTICIDAD U OTRAS PROPIEDADES MECANICAS DE LOS MATERIALES (POR EJEMPLO METALES,  MADERA,  TEXTILES,  PAPEL O PLASTICO)",MERCANCIAS VARIAS,2010-05-25,NORMAL,ADMINISTRADOR
1167,9025,"DENSIMETROS,  AREOMETROS,  PESALIQUIDOS E INSTRUMENTOS FLOTANTES SIMILARES,  TERMOMETROS,  PIROMETROS,  BAROMETROS,  HIGROMETROS Y SICROMETROS,  AUNQUE SEAN REGISTRADORES,  INCLUSO COMBINADOS ENTRE SI",MERCANCIAS VARIAS,2010-05-25,NORMAL,ADMINISTRADOR
1168,9026,"INSTRUMENTOS Y APARATOS PARA LA MEDIDA O CONTROL DEL CAUDAL,  NIVEL,  PRESION U OTRAS CARACTERISTICAS DE LOS LIQUIDOS Y LOS GASES,  CON EXCLUSION DE LOS APARATOSDE LAS PARTIDAS 9014,  9015,  9028 Y 9032",MERCANCIAS VARIAS,2010-05-25,NORMAL,ADMINISTRADOR
1169,9027,"INSTRUMENTOS Y APARATOS PARA ANALISIS FISICOS O QUIMICOS (POLARIMETROS,  REFRACTOMETROS,  ...),  INSTRUMENTOS PARA ENSAYOS DE VISCOSIDAD,  POROSIDAD,  DILATACION,  O SIMILARES PARA MEDIDAS CALORIMETRICAS,  ACUSTICAS O FOTOMETRICAS",MERCANCIAS VARIAS,2010-05-25,NORMAL,ADMINISTRADOR
1170,9028,"CONTADORES DE GASES,  DE LIQUIDOS O DE ELECTRICIDAD,  INCLUIDOS LOS DE CALIBRACION",MERCANCIAS VARIAS,2010-05-25,NORMAL,ADMINISTRADOR
1171,9029,"LOS DEMAS CONTADORES (POR EJEMPLO CUENTARREVOLUCIONES,  CONTADORES DE PRODUCCION,  TAXIMETROS,  CUENTAKILOMETROS O PODOMETROS). VELOCIMETROS Y TACOMETROS,  EXCEPTO LOS DE LAS PARTIDAS 9014 O 9015. ESTROBOSCOPIOS",MERCANCIAS VARIAS,2010-05-25,NORMAL,ADMINISTRADOR
1172,9030,"OSCILOSCOPIOS,  ANALIZADORES DE ESPECTRO Y DEMAS INSTRUMENTOS Y APARATOS PARA LA MEDIDA O CONTROL DE MAGNITUDES ELECTRICAS. INSTRUMENTOS Y APARATOS PARA LA MEDIDA O DETECCION DE RADIACIONES ALFA,  BETA,  GAMMA,  X,  COSMICAS U OTRAS RADIACIONES IONIZANTES",MERCANCIAS VARIAS,2010-05-25,NORMAL,ADMINISTRADOR
1173,9031,"INSTRUMENTOS,  APARATOS Y MAQUINAS DE MEDIDA O CONTROL,  NO EXPRESADOS NI COMPRENDIDOS EN OTRA PARTE DE ESTE CAPITULO. PROYECTORES DE PERFILES",MERCANCIAS VARIAS,2010-05-25,NORMAL,ADMINISTRADOR
1174,9032,INSTRUMENTOS Y APARATOS AUTOMATICOS PARA LA REGULACION Y EL CONTROL,MERCANCIAS VARIAS,2010-05-25,NORMAL,ADMINISTRADOR
1175,9033,"PARTES Y ACCESORIOS,  NO EXPRESADOS NI COMPRENDIDOS EN OTRA PARTE DE ESTE CAPITULO,  PARA MAQUINAS,  APARATOS,  INSTRUMENTOS O ARTICULOS DEL CAPITULO 90",MERCANCIAS VARIAS,2010-05-25,NORMAL,ADMINISTRADOR
1176,9101,"RELOJES DE PULSERA,  DE BOLSILLO Y RELOJES SIMILARES (INCLUIDOS LOS CONTADORES DE TIEMPO DE LOS MISMOS TIPOS),  CON CAJA DE METALES PRECIOSOS O DE CHAPADOS DE METALES PRECIOSOS",MERCANCIAS VARIAS,2010-05-25,NORMAL,ADMINISTRADOR
1177,9102,"RELOJES DE PULSERA,  DE BOLSILLO Y RELOJES SIMILARES (INCLUIDOS LOS CONTADORES DE TIEMPO DE LOS MISMOS TIPOS),  EXCEPTO LOS DE LA PARTIDA 9101",MERCANCIAS VARIAS,2010-05-25,NORMAL,ADMINISTRADOR
1178,9103,DESPERTADORES Y DEMAS RELOJES CON PEQUE?O MECANISMO DE RELOJERIA,MERCANCIAS VARIAS,2010-05-25,NORMAL,ADMINISTRADOR
1179,9104,"RELOJES DE TABLERO DE INSTRUMENTOS Y RELOJES SIMILARES PARA AUTOMOVILES,  AERONAVES,  BARCOS U OTROS VEHICULOS",MERCANCIAS VARIAS,2010-05-25,NORMAL,ADMINISTRADOR
1180,9105,"LOS DEMAS RELOJES,  EXCEPTO LOS QUE LLEVEN PEQUE?O MECANISMO",MERCANCIAS VARIAS,2010-05-25,NORMAL,ADMINISTRADOR
1181,9106,"APARATOS DE CONTROL DE TIEMPO Y CONTADORES DE TIEMPO,  CON MECANISMO DE RELOJERIA O CON MOTOR SINCRONICO (POR EJEMPLO REGISTRADORES DE ASISTENCIA,  FECHADORES,  CONTADORES)",MERCANCIAS VARIAS,2010-05-25,NORMAL,ADMINISTRADOR
1182,9107,"INTERRUPTORES HORARIOS Y DEMAS APARATOS QUE PERMITAN ACCIONAR UN DISPOSITIVO EN UN MOMENTO DADO,  CON MECANISMO DE RELOJERIA O CON MOTOR SINCRONICO",MERCANCIAS VARIAS,2010-05-25,NORMAL,ADMINISTRADOR
1183,9108,PEQUE?OS MECANISMOS DE RELOJERIA COMPLETOS Y MONTADOS,MERCANCIAS VARIAS,2010-05-25,NORMAL,ADMINISTRADOR
1184,9109,"MECANISMOS DE RELOJERIA COMPLETOS Y MONTADOS,  EXCEPTO LOS PEQUE?OS MECANISMOS",MERCANCIAS VARIAS,2010-05-25,NORMAL,ADMINISTRADOR
1185,9110,"MECANISMOS DE RELOJERIA COMPLETOS,  SIN MONTAR O PARCIALMENTE MONTADOS (<CHABLONS>). MECANISMOS DE RELOJERIA INCOMPLETOS,  MONTADOS. MECANISMOS DE RELOJERIA <EN BLANCO> (<EBAUCHES>)",MERCANCIAS VARIAS,2010-05-25,NORMAL,ADMINISTRADOR
1186,9111,CAJAS DE LOS RELOJES DE LAS PARTIDAS 9101 O 9102 Y SUS PARTES,MERCANCIAS VARIAS,2010-05-25,NORMAL,ADMINISTRADOR
1187,9112,CAJAS Y SIMILARES PARA APARATOS DE RELOJERIA Y SUS PARTES,MERCANCIAS VARIAS,2010-05-25,NORMAL,ADMINISTRADOR
1188,9113,PULSERAS PARA RELOJES Y SUS PARTES,MERCANCIAS VARIAS,2010-05-25,NORMAL,ADMINISTRADOR
1189,9114,LAS DEMAS PARTES DE RELOJERIA,MERCANCIAS VARIAS,2010-05-25,NORMAL,ADMINISTRADOR
1190,9201,"PIANOS,  INCLUSO AUTOMATICOS. CLAVICORDIOS Y DEMAS INSTRUMENTOS DE CUERDA CON TECLADO",MERCANCIAS VARIAS,2010-05-25,NORMAL,ADMINISTRADOR
1191,9202,"LOS DEMAS INSTRUMENTOS MUSICALES DE CUERDA (POR EJEMPLO GUITARRAS,  VIOLINES O ARPAS)",MERCANCIAS VARIAS,2010-05-25,NORMAL,ADMINISTRADOR
1192,9203,ORGANOS DE TUBOS Y TECLADO. ARMONIOS E INSTRUMENTOS SIMILARES DE TECLADO Y LENGUETAS METALICAS LIBRES,MERCANCIAS VARIAS,2010-05-25,NORMAL,ADMINISTRADOR
1193,9204,ACORDEONES E INSTRUMENTOS SIMILARES. ARMONICAS,MERCANCIAS VARIAS,2010-05-25,NORMAL,ADMINISTRADOR
1194,9205,"LOS DEMAS INSTRUMENTOS MUSICALES DE VIENTO (POR EJEMPLO CLARINETES,  TROMPETAS,  GAITAS)",MERCANCIAS VARIAS,2010-05-25,NORMAL,ADMINISTRADOR
1195,9206,"INSTRUMENTOS MUSICALES DE PERCUSION (POR EJEMPLO TAMBORES,  CAJAS,  XILOFONOS,  PLATILLOS,  CASTA?UELAS,  MARACAS)",MERCANCIAS VARIAS,2010-05-25,NORMAL,ADMINISTRADOR
1196,9207,"INSTRUMENTOS MUSICALES EN LOS QUE EL SONIDO SE PRODUZCA O TENGA QUE AMPLIFICARSE ELECTRICAMENTE (POR EJEMPLO ORGANOS,  GUITARRAS,  ACORDEONES)",MERCANCIAS VARIAS,2010-05-25,NORMAL,ADMINISTRADOR
1197,9208,"CAJAS DE MUSICA,  ORQUESTRIONES,  ORGANILLOS,  PAJAROS CANTORES Y DEMAS INSTRUMENTOS MUSICALES NO COMPRENDIDOS EN OTRAS PARTIDAS DE ESTE CAPITULO. RECLAMOS DE CUALQUIER CLASE. SILBATOS,  CUERNOS Y DEMAS INSTRUMENTOS DE BOCA,  DE LLAMADA O DE SE?ALIZACION",MERCANCIAS VARIAS,2010-05-25,NORMAL,ADMINISTRADOR
1198,9209,"PARTES (POR EJEMPLO MECANISMOS DE CAJAS DE MUSICA) Y ACCESORIOS DE INSTRUMENTOS MUSICALES (POR EJEMPLO TARJETAS,  DISCOS Y ROLLOS PARA APARATOS MECANICOS). METRONOMOS Y DIAPASONES DE CUALQUIER TIPO",MERCANCIAS VARIAS,2010-05-25,NORMAL,ADMINISTRADOR
1199,9301,"ARMAS DE GUERRA,  EXCEPTO LOS REVOLVERES,  PISTOLAS Y ARMAS BLANCAS",MERCANCIAS VARIAS,2010-05-25,NORMAL,ADMINISTRADOR
1200,9302,"REVOLVERES Y PISTOLAS,  EXCEPTO LOS DE LAS PARTIDAS 9303 O 9304",MERCANCIAS VARIAS,2010-05-25,NORMAL,ADMINISTRADOR
1201,9303,"LAS DEMAS ARMAS DE FUEGO Y ARTEFACTOS SIMILARES QUE UTILICEN LA DEFLAGRACION DE POLVORA (POR EJEMPLO ARMAS DE CAZA,  ARMAS DE AVANCARGA,  PISTOLAS LANZA COHETES Y DEMAS ARTEFACTOS CONCEBIDOS,  UNICAMENTE PARA LANZAR COHETES DE SE?AL,  PISTOLAS Y REVOLVERES DE FOGUEO,  PISTOLAS DE MATARIFE,  CA?ONES DE LANZACABOS)",MERCANCIAS VARIAS,2010-05-25,NORMAL,ADMINISTRADOR
1202,9304,"LAS DEMAS ARMAS (POR EJEMPLO ARMAS LARGAS Y PISTOLAS DE MUELLE,  (RESORTES),  AIRE COMPRIMIDO O GAS,  PORRAS),  EXCEPTO LAS DE LA PARTIDA 9307",MERCANCIAS VARIAS,2010-05-25,NORMAL,ADMINISTRADOR
1203,9305,PARTES Y ACCESORIOS DE LOS ARTICULOS DE LAS PARTIDAS 9301 A 9304,MERCANCIAS VARIAS,2010-05-25,NORMAL,ADMINISTRADOR
1204,9306,"BOMBAS,  GRANADAS,  TORPEDOS,  MINAS,  MISILES,  CARTUCHOS Y DEMAS MUNICIONES Y PROYECTILES,  Y SUS PARTES,  INCLUIDAS LAS POSTAS,  PERDIGONES Y TACOS PARA CARTUCHOS",MERCANCIAS VARIAS,2010-05-25,NORMAL,ADMINISTRADOR
1205,9307,"SABLES,  ESPADAS,  BAYONETAS,  LANZAS Y DEMAS ARMAS BLANCAS,  SUS PARTES Y FUNDAS",MERCANCIAS VARIAS,2010-05-25,NORMAL,ADMINISTRADOR
1206,9401,"ASIENTOS (CON EXCLUSION DE LOS DE LA PARTIDA 9402),  INCLUSO LOS TRANSFORMABLES EN CAMA,  Y SUS PARTES",MERCANCIAS VARIAS,2010-05-25,NORMAL,ADMINISTRADOR
1207,9402,"MOBILIARIO PARA LA MEDICINA,  CIRUGIA,  ODONTOLOGIA O VETERINARIA (POR EJEMPLO MESAS DE OPERACIONES,  MESAS DE RECONOCIMEINTO,  CAMAS CON MECANISMO PARA USO CLINICO,  SILLONES DE DENTISTA). SILLONES DE PELUQUERIA Y SIMILARES,  CON DISPOSITIVO DE ORIENTACION Y ELEVACION. PARTES DE ESTOS ARTICULOS",MERCANCIAS VARIAS,2010-05-25,NORMAL,ADMINISTRADOR
1208,9403,LOS DEMAS MUEBLES Y SUS PARTES,MERCANCIAS VARIAS,2010-05-25,NORMAL,ADMINISTRADOR
1209,9404,"SOMIERES. ARTICULOS DE CAMA Y ARTICULOS SIMILARES (POR EJEMPLO COLCHONES,  CUBREPIES,  EDREDONES,  COJINES, PUFES O ALMOHADAS),  BIEN CON MUELLES,  O BIEN RELLENOS O GUARNECIDOS INTERIORMENTE,  INCLUIDOS CON CAUCHO O PLASTICO CELULARES,  RECUBIERTOS O NO",MERCANCIAS VARIAS,2010-05-25,NORMAL,ADMINISTRADOR
1210,9405,"APARATOS DE ALUMBRADO (INCLUIDOS LOS PROYECTORES) Y SUS PARTES,  NO EXPRESADOS NI COMPRENDIDOS EN OTRA PARTE. ANUNCIOS,  LETREROS Y PLACAS,  INDICADORAS,  LUMINOSOS,  Y ARTICULOS SIMILARES,  CON FUENTE DE LUZ INSEPARABLE,  Y SUS PARTES NO EXPRESADOS NI COMPRENDIDOS EN OTRA PARTE.",MERCANCIAS VARIAS,2010-05-25,NORMAL,ADMINISTRADOR
1211,9406,CONSTRUCCIONES PREFABRICADAS,MERCANCIAS VARIAS,2010-05-25,NORMAL,ADMINISTRADOR
1212,9501,"JUGUETES DE RUEDAS CONCEBIDOS PARA QUE SE MONTEN LOS NI?OS (POR EJEMPLO TRICICLOS,  PATINETES,  COCHES DE PEDALES). COCHES Y SILLAS DE RUEDAS PARA MU?ECAS",MERCANCIAS VARIAS,2010-05-25,NORMAL,ADMINISTRADOR
1213,9502,MU?ECAS Y MUN?ECOS QUE REPRESENTEN SOLAMENTE SERES HUMANOS,MERCANCIAS VARIAS,2010-05-25,NORMAL,ADMINISTRADOR
1214,9503,"LOS DEMAS JUGUETES. MODELOS REDUCIDOS A ESCALA Y MODELOS SIMILARES PARA ENTRETENIMIENTO,  INCLUSO ANIMADOS. ROMPECABEZAS DE CUALQUIER CLASE",MERCANCIAS VARIAS,2010-05-25,NORMAL,ADMINISTRADOR
1215,9504,"ARTICULOS PARA JUEGOS DE SOCIEDAD,  INCLUIDOS LOS JUEGOS CON MOTOR O MECANISMO,  BILLARES,  MESAS ESPECIALES PARA JUEGOS DE CASINO Y JUEGOS DE BOLOS AUTOMATICOS",MERCANCIAS VARIAS,2010-05-25,NORMAL,ADMINISTRADOR
1216,9505,"ARTICULOS PARA FIESTAS,  CARNAVAL U OTRAS DIVERSIONES,  INCLUIDOS LOS DE MAGIA Y LOS ARTICULOS SORPRESA",MERCANCIAS VARIAS,2010-05-25,NORMAL,ADMINISTRADOR
1217,9506,"ARTICULOS Y MATERIAL PARA CULTURA FISICA,  GIMNASIA,  ATLETISMO Y DEMAS DEPORTES (INCLUIDO EL TENIS DE MESA) O PARA JUEGOS AL AIRE LIBRE,  NO EXPRESADOS NI COMPRENDIDOS EN OTRA PARTE DE ESTE CAPITULO. PISCINAS,  INCLUSO INFANTILES",MERCANCIAS VARIAS,2010-05-25,NORMAL,ADMINISTRADOR
1218,9507,"CA?AS DE PESCAR,  ANZUELOS Y DEMAS ARTICULOS PARA LA PESCA CON CA?A SALABARDOS. CAZAMARIPOSAS Y REDES SIMILARES. SE?UELOS (EXCEPTO LOS DE LAS PARTIDAS 9208 O 9705) Y ARTICULOS DE CAZA SIMILARES",MERCANCIAS VARIAS,2010-05-25,NORMAL,ADMINISTRADOR
1219,9508,"TIOVIVOS,  COLUMPIOS,  CASETAS DE TIRO Y DEMAS ATRACCIONES DE FERIA. CIRCOS,  ZOOLOGICOS Y TEATROS AMBULANTES",MERCANCIAS VARIAS,2010-05-25,NORMAL,ADMINISTRADOR
1220,9601,"MARFIL,  HUESO,  CONCHA (CAPARAZON) DE TORTUGA,  CUERNO,  ASTA,  CORAL,  NACAR Y DEMAS MATERIAS ANIMALES PARA TALLAR,  TRABAJADAS,  Y MANUFACTURAS DE ESTAS MATERIAS (INCLUSO LAS OBTENIDAS POR MOLDEO)",MERCANCIAS VARIAS,2010-05-25,NORMAL,ADMINISTRADOR
1221,9602,"MATERIAS VEGETALES O MINERALES PARA TALLAR,  TRABAJADAS,  Y MANUFACTURAS DE ESTAS MATERIAS. MANUFACTURAS MOLDEADAS O TALLADAS DE CERA,  PARAFINA,  ESTEARINA,  GOMAS O RESINAS NATURALES O PASA PARA MOLDEAR Y DEMAS MANUCFATURAS MOLDEADAS O TALLADAS NO EXPRESADAS NI COMPRENDIDAS EN OTRA PARTE. GELATINA SIN ENDUCECER TRABAJADA ENCEPTO LA DE PARTE 3503 Y MANUFACTURAS DE GELATINA SIN ENDURECER.",MERCANCIAS VARIAS,2010-05-25,NORMAL,ADMINISTRADOR
1222,9603,"ESCOBAS,  CEPILLOS Y BROCHAS,  AUNQUE SEAN PARTES DE MAQUINAS,  DE APARATOS O DE VEHICULOS ESCOBAS MECANICAS DE USO MANUAL,  EXCEPTO LAS DE MOTOR,  PINCELES Y PLUMEROS. CABEZAS PREPARADAS PARA ARTICULOS DE CEPILLERIA. MU?EQUILLAS Y RODILLOS PARA PINTAR. RASQUETAS DE CAUCHO O DE MATERIAS FLEXIBLES ANALOGAS",MERCANCIAS VARIAS,2010-05-25,NORMAL,ADMINISTRADOR
1223,9604,"TAMICES,  CEDAZOS Y CRIBAS,  DE MANO",MERCANCIAS VARIAS,2010-05-25,NORMAL,ADMINISTRADOR
1224,9605,"JUEGOS O SURTIDOS DE VIAJE PARA EL ASEO PERSONAL,  LA COSTURA,  O LA LIMPIEZA DEL CALZADO O DE LAS PRENDAS  DE VESTIR",MERCANCIAS VARIAS,2010-05-25,NORMAL,ADMINISTRADOR
1225,9606,BOTONES Y BOTONES DE PRESION. FORMAS PARA BOTONES Y DEMAS PARTES DE BOTONES O DE BOTONES DE PRESION. ESBOZOS DE BOTONES,MERCANCIAS VARIAS,2010-05-25,NORMAL,ADMINISTRADOR
1226,9607,CIERRES DE CREMALLERA (CIERRES DE RELAMPAGO)  Y SUS PARTES.,MERCANCIAS VARIAS,2010-05-25,NORMAL,ADMINISTRADOR
1227,9608,"BOLIGRAFOS. ROTULADORES Y MARCADORES CON PUNTA DE FIELTRO U OTRA PUNTA POROSA. ESTILOGRAFICAS Y DEMAS PLUMAS. ESTILETES O PUNZONES PARA CLISES DE MIMEOGRAFO (STENCILS. PORTAMINAS. PORTAPLUMAS,  PORTALAPICES Y ARTICULOS SIMILARES. PARTES DE ESTOS ARTICULOS (INCLUIDOS LOS CAPUCHONES Y SUJETADORES),  EXCEPTO LAS DE LA PARTIDA 9609",MERCANCIAS VARIAS,2010-05-25,NORMAL,ADMINISTRADOR
1228,9609,"LAPICES,  MINAS,  PASTELES,  CARBONCILLOS,  TIZAS PARA ESCRIBIR O DIBUJAR Y JABONCILLO (TIZAS) DE SASTRE",MERCANCIAS VARIAS,2010-05-25,NORMAL,ADMINISTRADOR
1229,9610,"PIZARRAS Y TABLEROS PARA ESCRIBIR O DIBUJAR,  INCLUSO CON ENMARCADOS",MERCANCIAS VARIAS,2010-05-25,NORMAL,ADMINISTRADOR
1230,9611,"FECHADORES,  SELLOS,  NUMERADORES,  TIMBRADORES Y ARTICULOS SIMILARES (INCLUIDOS LOS APARATOS PARA IMPRIMIR ETIQUETAS),  DE MANO. COMPONEDORES E IMPRENTILLAS,  DE MANO.",MERCANCIAS VARIAS,2010-05-25,NORMAL,ADMINISTRADOR
1231,9612,"CINTAS PARA MAQUINAS DE ESCRIBIR Y CINTAS SIMILARES,  ENTINTADAS O PREPARADAS DE OTRO MODO,  PARA IMPRIMIR,  INCLUSO EN CARRETES O CARTUCHOS. TAMPONES,  INCLUSO IMPREGNADOS O CON CAJA",MERCANCIAS VARIAS,2010-05-25,NORMAL,ADMINISTRADOR
1232,9613,"ENCENDEDORES Y MECHEROS,  INCLUSO MECANICOS O ELECTRICOS Y SUS PARTES,  EXCEPTO LAS PIEDRAS Y  MECHAS",MERCANCIAS VARIAS,2010-05-25,NORMAL,ADMINISTRADOR
1233,9614,"PIPAS (INCLUIDAS LAS CAZOLETAS),  BOQUILLAS PARA CIGARROS (PUROS) O CIGARRILLOS  Y SUS PARTES",MERCANCIAS VARIAS,2010-05-25,NORMAL,ADMINISTRADOR
1234,9615,"PEINES,  PEINETAS,  PASADORES Y ARTICULOS SIMILARES. HORQUILLAS. RIZADORES,  BIGUDIES Y ARTICULOS SIMILARES PARA EL PEINADO,  EXCEPTO LOS DE LA PARTIDA 8516,  Y SUS PARTES",MERCANCIAS VARIAS,2010-05-25,NORMAL,ADMINISTRADOR
1235,9616,"PULVERIZADORES DE TOCADOR,  SUS MONTURAS Y CABEZAS DE MONTURAS. BORLAS Y SIMILARES PARA LA APLICACION DE POLVOS O DE COSMETICOS O PRODUCTOS DE TOCADOR",MERCANCIAS VARIAS,2010-05-25,NORMAL,ADMINISTRADOR
1236,9617,"TERMOS Y DEMAS RECIPIENTES ISOTERMICOS,  MONTADOS Y AISLADOS POR VACIO,  ASI COMO SUS PARTES (EXCEPTO LAS AMPOLLAS DE VIDRIO)",MERCANCIAS VARIAS,2010-05-25,NORMAL,ADMINISTRADOR
1237,9618,MANIQUIES Y ARTICULOS SIMILARES. AUTOMATAS Y ESCENAS ANIMADAS PARA ESCAPARATES,MERCANCIAS VARIAS,2010-05-25,NORMAL,ADMINISTRADOR
1238,9701,"CUADROS,  PINTURAS Y DIBUJOS,  HECHOS TOTALMENTE A MANO,  CON EXCLUSION DE LOS DIBUJOS DE LA PARTIDA 4906 Y DE LOS ARTICULOS MANUFACTURADOS DECORADOS A MANO. COLLAGES Y CUADROS SIMILARES",MERCANCIAS VARIAS,2010-05-25,NORMAL,ADMINISTRADOR
1239,9702,"GRABADOS,  ESTAMPAS Y LITOGRAFIAS ORIGINALES",MERCANCIAS VARIAS,2010-05-25,NORMAL,ADMINISTRADOR
1240,9703,"OBRAS ORIGINALES DE ESTATUARIA O DE ESCULTURA,  DE CUALQUIER MATERIA",MERCANCIAS VARIAS,2010-05-25,NORMAL,ADMINISTRADOR
1241,9704,"SELLOS (ESTAMPILLAS) DE CORREOS,  TIMBRES FISCALES,  MARCAS POSTALES,  SOBRES PRIMER DIA,  ARTICULOS FRANQUEADOS Y ANALOGOS,  BIEN OBLITERADOS,  O BIEN SIN OBLITERAR QUE NO TENGAN NI HAYAN DE TENER CURSO LEGAL EN EL PAIS DE DESTINO",MERCANCIAS VARIAS,2010-05-25,NORMAL,ADMINISTRADOR
1242,9705,"COLECCIONES Y ESPECIMENES PARA COLECCIONES DE ZOOLOGIA,  BOTANICA,  MINERALOGIA O ANATOMIA,  O QUE TENGAN INTERES HISTORICO,  ARQUEOLOGICO,  PALEONTOLOGICO,  ETNOGRAFICO O NUMISMATICO",MERCANCIAS VARIAS,2010-05-25,NORMAL,ADMINISTRADOR
1243,9706,ANTIGUEDADES DE MAS DE CIEN A?OS,MERCANCIAS VARIAS,2010-05-25,NORMAL,ADMINISTRADOR
1244,9800,CONJUNTOS INDUSTRIALES EXPORTADOS DE CONFORMIDAD CON EL REGLAMNETO (CEE) N? 518/79 DE LA COMISION,MERCANCIAS VARIAS,2010-05-25,NORMAL,ADMINISTRADOR
1245,9880,MISCELANEOS CONTENIDOS EN PAQUETES ( PAQUETEO ),MERCANCIAS VARIAS,2010-05-25,NORMAL,ADMINISTRADOR
1246,9890,MUNDANZAS,MERCANCIAS VARIAS,2010-05-25,NORMAL,ADMINISTRADOR
1247,9980,PRODUCTOS VARIOS,MERCANCIAS VARIAS,2010-05-25,NORMAL,ADMINISTRADOR
1248,9990,CONTENEDOR VACIO,MERCANCIAS VARIAS,2010-05-25,NORMAL,ADMINISTRADOR
1249,4,"PICRATO AMSNICO SECO O HUMIDIFICADO CON MENOS DEL 10%, EN MASA, DE AGUA.",MERCANCIAS VARIAS,2010-05-25,PELIGROSA,ADMINISTRADOR
1250,5,"CARTUCHOS PARA ARMAS, CON CARGA EXPLOSIVA.",MERCANCIAS VARIAS,2010-05-25,PELIGROSA,ADMINISTRADOR
1251,6,"CARTUCHOS PARA ARMAS, CON CARGA EXPLOSIVA.",MERCANCIAS VARIAS,2010-05-25,PELIGROSA,ADMINISTRADOR
1252,7,"CARTUCHOS PARA ARMAS, CON CARGA EXPLOSIVA.",MERCANCIAS VARIAS,2010-05-25,PELIGROSA,ADMINISTRADOR
1253,9,"MUNICIONES INCENDIARIAS CON O SIN CARGA DISPERSORA, CARGA EXPULSORA O CARGA PROPULSORA.",MERCANCIAS VARIAS,2010-05-25,PELIGROSA,ADMINISTRADOR
1254,10,"MUNICIONES INCENDIARIAS CON O SIN CARGA DISPERSORA, CARGA EXPULSORA O CARGA PROPULSORA.",MERCANCIAS VARIAS,2010-05-25,PELIGROSA,ADMINISTRADOR
1255,12,"CARTUCHOS PARA ARMAS, CON PROYECTIL INERTE, O CARTUCHOS PARA ARMAS DE PEQUEQO CALIBRE.",MERCANCIAS VARIAS,2010-05-25,PELIGROSA,ADMINISTRADOR
1256,14,"CARTUCHOS PARA ARMAS, SIN BALA, O CARTUCHOS PARA ARMAS DE PEQUEQO CALIBRE, SIN BALA.",MERCANCIAS VARIAS,2010-05-25,PELIGROSA,ADMINISTRADOR
1257,15,"MUNICIONES FUMMGENAS CON O SIN CARGA DISPERSORA, CARGA EXPULSORA O CARGA PROPULSORA.",MERCANCIAS VARIAS,2010-05-25,PELIGROSA,ADMINISTRADOR
1258,16,"MUNICIONES FUMMGENAS CON O SIN CARGA DISPERSORA, CARGA EXPULSORA O CARGA PROPULSORA.",MERCANCIAS VARIAS,2010-05-25,PELIGROSA,ADMINISTRADOR
1259,18,"MUNICIONES LACRIMSGENAS CON CARGA DISPERSORA, CARGA EXPULSORA O CARGA PROPULSORA .",MERCANCIAS VARIAS,2010-05-25,PELIGROSA,ADMINISTRADOR
1260,19,"MUNICIONES LACRIMSGENAS CON CARGA DISPERSORA, CARGA EXPULSORA O CARGA PROPULSORA.",MERCANCIAS VARIAS,2010-05-25,PELIGROSA,ADMINISTRADOR
1261,20,"MUNICIONES TSXICAS CON CARGA DISPERSORA, CARGA EXPULSORA O CARGA PROPULSORA.",MERCANCIAS VARIAS,2010-05-25,PELIGROSA,ADMINISTRADOR
1262,21,"MUNICIONES TSXICAS CON CARGA DISPERSORA, CARGA EXPULSORA O CARGA PROPULSORA.",MERCANCIAS VARIAS,2010-05-25,PELIGROSA,ADMINISTRADOR
1263,27,PSLVORA NEGRA (PSLVORA DE CAQSN) EN FORMA DE GRANOS O POLVO.,MERCANCIAS VARIAS,2010-05-25,PELIGROSA,ADMINISTRADOR
1264,28,PSLVORA NEGRA (PSLVORA DE CAQSN) COMPRIMIDA O PSLVORA NEGRA (PSLVORA DE CAQSN) EN COMPRIMIDOS.,MERCANCIAS VARIAS,2010-05-25,PELIGROSA,ADMINISTRADOR
1265,29,DETONADORES NO ELICTRICOS PARA VOLADURAS.,MERCANCIAS VARIAS,2010-05-25,PELIGROSA,ADMINISTRADOR
1266,30,DETONADORES ELICTRICOS PARA VOLADURAS.,MERCANCIAS VARIAS,2010-05-25,PELIGROSA,ADMINISTRADOR
1267,33,BOMBAS CON CARGA EXPLOSIVA.,MERCANCIAS VARIAS,2010-05-25,PELIGROSA,ADMINISTRADOR
1268,34,BOMBAS CON CARGA EXPLOSIVA.,MERCANCIAS VARIAS,2010-05-25,PELIGROSA,ADMINISTRADOR
1269,35,BOMBAS CON CARGA EXPLOSIVA.,MERCANCIAS VARIAS,2010-05-25,PELIGROSA,ADMINISTRADOR
1270,37,BOMBAS DE ILUMINACISN PARA FOTOGRAFMA.,MERCANCIAS VARIAS,2010-05-25,PELIGROSA,ADMINISTRADOR
1271,38,BOMBAS DE ILUMINACISN PARA FOTOGRAFMA.,MERCANCIAS VARIAS,2010-05-25,PELIGROSA,ADMINISTRADOR
1272,39,BOMBAS DE ILUMINACISN PARA FOTOGRAFMA.,MERCANCIAS VARIAS,2010-05-25,PELIGROSA,ADMINISTRADOR
1273,42,PETARDOS MULTIPLICADORES (CARTUCHOS MULTIPLICADORES) SIN DETONADOR.,MERCANCIAS VARIAS,2010-05-25,PELIGROSA,ADMINISTRADOR
1274,43,CARGAS DISPERSORAS.,MERCANCIAS VARIAS,2010-05-25,PELIGROSA,ADMINISTRADOR
1275,44,CEBOS DEL TIPO DE CAPSULA.,MERCANCIAS VARIAS,2010-05-25,PELIGROSA,ADMINISTRADOR
1276,48,CARGAS DE DEMOLICISN.,MERCANCIAS VARIAS,2010-05-25,PELIGROSA,ADMINISTRADOR
1277,49,CARTUCHOS FULGURANTES.,MERCANCIAS VARIAS,2010-05-25,PELIGROSA,ADMINISTRADOR
1278,50,CARTUCHOS FULGURANTES.,MERCANCIAS VARIAS,2010-05-25,PELIGROSA,ADMINISTRADOR
1279,54,CARTUCHOS DE SEQALES.,MERCANCIAS VARIAS,2010-05-25,PELIGROSA,ADMINISTRADOR
1280,55,CARTUCHOS VACMOS CON FULMINANTE.,MERCANCIAS VARIAS,2010-05-25,PELIGROSA,ADMINISTRADOR
1281,56,CARGAS DE PROFUNDIDAD.,MERCANCIAS VARIAS,2010-05-25,PELIGROSA,ADMINISTRADOR
1282,59,CARGAS HUECAS SIN DETONADOR.,MERCANCIAS VARIAS,2010-05-25,PELIGROSA,ADMINISTRADOR
1283,60,CARGAS EXPLOSIVAS PARA PETARDOS MULTIPLICADORES.,MERCANCIAS VARIAS,2010-05-25,PELIGROSA,ADMINISTRADOR
1284,65,MECHA DETONANTE FLEXIBLE.,MERCANCIAS VARIAS,2010-05-25,PELIGROSA,ADMINISTRADOR
1285,66,MECHA DE COMBUSTISN RAPIDA.,MERCANCIAS VARIAS,2010-05-25,PELIGROSA,ADMINISTRADOR
1286,70,CIZALLAS CORTACABLES CON CARGA EXPLOSIVA.,MERCANCIAS VARIAS,2010-05-25,PELIGROSA,ADMINISTRADOR
1287,72,"CICLOTRIMETILENTRINI-TRAMINA (CICLONITA. RDX. HEXSGENO) HUMIDIFICADA CON UN MMNIMO DEL 15%, EN MASA, DE AGUA.",MERCANCIAS VARIAS,2010-05-25,PELIGROSA,ADMINISTRADOR
1288,73,DETONADORES PARA MUNICIONES.,MERCANCIAS VARIAS,2010-05-25,PELIGROSA,ADMINISTRADOR
1289,74,"DIAZODINITROFENOL HUMIDIFICADO CON UN MMNIMO DEL 40%, EN MASA, DE AGUA O DE UNA MEZCLA DE ALCOHOL Y AGUA.",MERCANCIAS VARIAS,2010-05-25,PELIGROSA,ADMINISTRADOR
1290,75,"DINITRATO DE DIETILENGLICOL DESENSIBILIZADO CON UN MMNIMO DEL 25%, EN MASA, DE FLEMADOR NO VOLATIL INSOLUBLE EN AGUA.",MERCANCIAS VARIAS,2010-05-25,PELIGROSA,ADMINISTRADOR
1291,76,"DINITROFENOL SECO O HUMIDIFICADO CON MENOS DEL 15%, EN MASA, DE AGUA.",MERCANCIAS VARIAS,2010-05-25,PELIGROSA,ADMINISTRADOR
1292,77,"DINITROFENOLATOS DE METALES ALCALINOS, SECOS O HUMIDIFICADOS CON MENOS DEL 15%, EN MASA, DE AGUA.",MERCANCIAS VARIAS,2010-05-25,PELIGROSA,ADMINISTRADOR
1293,78,"DINITRORRESORCINOL SECO O HUMIDIFICADO CON MENOS DEL 15%, EN MASA, DE AGUA.",MERCANCIAS VARIAS,2010-05-25,PELIGROSA,ADMINISTRADOR
1294,79,HEXANITRODIFENILAMINA (DIPICRILAMINA. HEXILO).,MERCANCIAS VARIAS,2010-05-25,PELIGROSA,ADMINISTRADOR
1295,81,"EXPLOSIVOS PARA VOLADURAS, TIPO A.",MERCANCIAS VARIAS,2010-05-25,PELIGROSA,ADMINISTRADOR
1296,82,"EXPLOSIVOS PARA VOLADURAS, TIPO B.",MERCANCIAS VARIAS,2010-05-25,PELIGROSA,ADMINISTRADOR
1297,83,"EXPLOSIVOS PARA VOLADURAS, TIPO C.",MERCANCIAS VARIAS,2010-05-25,PELIGROSA,ADMINISTRADOR
1298,84,"EXPLOSIVOS PARA VOLADURAS, TIPO D.",MERCANCIAS VARIAS,2010-05-25,PELIGROSA,ADMINISTRADOR
1299,92,BENGALAS DE SUPERFICIE.,MERCANCIAS VARIAS,2010-05-25,PELIGROSA,ADMINISTRADOR
1300,93,BENGALAS AIREAS.,MERCANCIAS VARIAS,2010-05-25,PELIGROSA,ADMINISTRADOR
1301,94,PSLVORA DE DESTELLOS.,MERCANCIAS VARIAS,2010-05-25,PELIGROSA,ADMINISTRADOR
1302,99,"CARTUCHOS DE AGRIETAMIENTO EXPLOSIVOS SIN DETONADOR, PARA POZOS DE PETRSLEO",MERCANCIAS VARIAS,2010-05-25,PELIGROSA,ADMINISTRADOR
1303,101,MECHA NO DETONANTE.,MERCANCIAS VARIAS,2010-05-25,PELIGROSA,ADMINISTRADOR
1304,102,MECHA DETONANTE CON ENVOLTURA METALICA.,MERCANCIAS VARIAS,2010-05-25,PELIGROSA,ADMINISTRADOR
1305,103,"MECHA DE INFLAMACISN, TUBULAR, CON ENVOLTURA METALICA.",MERCANCIAS VARIAS,2010-05-25,PELIGROSA,ADMINISTRADOR
1306,104,"MECHA DETONANTE DE EFECTO REDUCIDO, CON ENVOLTURA METALICA.",MERCANCIAS VARIAS,2010-05-25,PELIGROSA,ADMINISTRADOR
1307,105,MECHA DE SEGURIDAD (MECHA LENTA O MECHA BICKFORD).,MERCANCIAS VARIAS,2010-05-25,PELIGROSA,ADMINISTRADOR
1308,106,ESPOLETAS DETONANTES.,MERCANCIAS VARIAS,2010-05-25,PELIGROSA,ADMINISTRADOR
1309,107,ESPOLETAS DETONANTES.,MERCANCIAS VARIAS,2010-05-25,PELIGROSA,ADMINISTRADOR
1310,110,"GRANADAS DE EJERCICIOS, DE MANO O DE FUSIL.",MERCANCIAS VARIAS,2010-05-25,PELIGROSA,ADMINISTRADOR
1311,113,"GUANILNITROSAMINO-GUANILIDENHIDRACINA HUMIDIFICADA CON UN MMNIMO DEL 30%, EN MASA, DE AGUA.",MERCANCIAS VARIAS,2010-05-25,PELIGROSA,ADMINISTRADOR
1312,114,"GUANILNITROSAMINO-GUANILTETRACENO (TETRACENO) HUMIDIFICADO CON UN MMNIMO DEL 30%, EN MASA, DE AGUA O DE UNA MEZCLA DE ALCOHOL Y AGUA.",MERCANCIAS VARIAS,2010-05-25,PELIGROSA,ADMINISTRADOR
1313,118,"HEXOLITA (HEXOTOL) SECA O HUMIDIFICADA CON MENOS DEL 15%, EN MASA, DE AGUA.",MERCANCIAS VARIAS,2010-05-25,PELIGROSA,ADMINISTRADOR
1314,121,INFLAMADORES.,MERCANCIAS VARIAS,2010-05-25,PELIGROSA,ADMINISTRADOR
1315,124,"DISPOSITIVOS PORTADORES DE CARGAS HUECAS, CARGADOS, PARA PERFORACISN DE POZOS DE PETRSLEO, SIN DETONADOR.",MERCANCIAS VARIAS,2010-05-25,PELIGROSA,ADMINISTRADOR
1316,129,"AZIDA DE PLOMO HUMIDIFICADA CON UN MMNIMO DEL 20%, EN MASA, DE AGUA O DE UNA MEZCLA DE ALCOHOL Y AGUA.",MERCANCIAS VARIAS,2010-05-25,PELIGROSA,ADMINISTRADOR
1317,130,"ESTIFNATO DE PLOMO (TRINITRORRESORCINATO DE PLOMO) HUMIDIFICADO CON UN MMNIMO DEL 20%, EN MASA, DE AGUA O DE UNA MEZCLA DE ALCOHOL Y AGUA.",MERCANCIAS VARIAS,2010-05-25,PELIGROSA,ADMINISTRADOR
1318,131,ENCENDEDORES PARA MECHAS DE SEGURIDAD.,MERCANCIAS VARIAS,2010-05-25,PELIGROSA,ADMINISTRADOR
1319,132,"SALES METALICAS DEFLAGRANTES DE DERIVADOS NITRADOS AROMATICOS, N.E.P..",MERCANCIAS VARIAS,2010-05-25,PELIGROSA,ADMINISTRADOR
1320,133,"HEXANITRATO DE MANITOL (NITROMANITA) HUMIDIFICADO CON UN MMNIMO DEL 40%, EN MASA, DE AGUA O DE UNA MEZCLA DE ALCOHOL Y AGUA.",MERCANCIAS VARIAS,2010-05-25,PELIGROSA,ADMINISTRADOR
1321,135,"FULMINATO DE MERCURIO HUMIDIFICADO CON UN MMNIMO DEL 20%, EN MASA, DE AGUA O DE UNA MEZCLA DE ALCOHOL Y AGUA.",MERCANCIAS VARIAS,2010-05-25,PELIGROSA,ADMINISTRADOR
1322,136,MINAS CON CARGA EXPLOSIVA.,MERCANCIAS VARIAS,2010-05-25,PELIGROSA,ADMINISTRADOR
1323,137,MINAS CON CARGA EXPLOSIVA.,MERCANCIAS VARIAS,2010-05-25,PELIGROSA,ADMINISTRADOR
1324,138,MINAS CON CARGA EXPLOSIVA.,MERCANCIAS VARIAS,2010-05-25,PELIGROSA,ADMINISTRADOR
1325,143,"NITROGLICERINA DESENSIBILIZADA CON UN MMNIMO DEL 40%, EN MASA, DE FLEMADOR NO VOLATIL INSOLUBLE EN AGUA.",MERCANCIAS VARIAS,2010-05-25,PELIGROSA,ADMINISTRADOR
1326,144,NITROGLICERINA EN SOLUCISN ALCOHSLICA CON MAS DEL 1% PERO NO MAS DEL 10% DE NITROGLICERINA.,MERCANCIAS VARIAS,2010-05-25,PELIGROSA,ADMINISTRADOR
1327,146,"NITROALMIDSN SECO O HUMIDIFICADO CON MENOS DEL 20%, EN MASA, DE AGUA.",MERCANCIAS VARIAS,2010-05-25,PELIGROSA,ADMINISTRADOR
1328,147,NITROUREA.,MERCANCIAS VARIAS,2010-05-25,PELIGROSA,ADMINISTRADOR
1329,150,"TETRANITRATO DE PENTAERITRITA (TETRANITRATO DE PENTAERITRITOL. PENTRITA. TNPE) HUMIDIFICADO CON UN MMNIMO DEL 25%, EN MASA, DE AGUA, O TETRANITRATO DE PENTAERITRITA (TETRANITRATO DE PENTAERITRITOL. PENTRITA. TNPE) DESENSIBILIZADO CON UN MMNIMO DEL 15%, EN MASA, DE FLEMADOR.",MERCANCIAS VARIAS,2010-05-25,PELIGROSA,ADMINISTRADOR
1330,151,"PENTOLITA SECA O HUMIDIFICADA CON MENOS DEL 15%, EN MASA, DE AGUA.",MERCANCIAS VARIAS,2010-05-25,PELIGROSA,ADMINISTRADOR
1331,153,TRINITROANILINA (PICRAMIDA).,MERCANCIAS VARIAS,2010-05-25,PELIGROSA,ADMINISTRADOR
1332,154,"TRINITROFENOL (ACIDO PMCRICO) SECO O HUMIDIFICADO CON MENOS DEL 30%, EN MASA, DE AGUA.",MERCANCIAS VARIAS,2010-05-25,PELIGROSA,ADMINISTRADOR
1333,155,TRINITROCLOROBENCENO (CLORURO DE PICRILO).,MERCANCIAS VARIAS,2010-05-25,PELIGROSA,ADMINISTRADOR
1334,159,"GALLETA DE PSLVORA HUMIDIFICADA CON UN MMNIMO DEL 25%, EN MASA, DE AGUA.",MERCANCIAS VARIAS,2010-05-25,PELIGROSA,ADMINISTRADOR
1335,160,PSLVORA SIN HUMO.,MERCANCIAS VARIAS,2010-05-25,PELIGROSA,ADMINISTRADOR
1336,161,PSLVORA SIN HUMO.,MERCANCIAS VARIAS,2010-05-25,PELIGROSA,ADMINISTRADOR
1337,167,PROYECTILES CON CARGA EXPLOSIVA.,MERCANCIAS VARIAS,2010-05-25,PELIGROSA,ADMINISTRADOR
1338,168,PROYECTILES CON CARGA EXPLOSIVA.,MERCANCIAS VARIAS,2010-05-25,PELIGROSA,ADMINISTRADOR
1339,169,PROYECTILES CON CARGA EXPLOSIVA.,MERCANCIAS VARIAS,2010-05-25,PELIGROSA,ADMINISTRADOR
1340,171,"MUNICIONES ILUMINANTES CON O SIN CARGA DISPERSORA, CARGA EXPULSORA O CARGA PROPULSORA.",MERCANCIAS VARIAS,2010-05-25,PELIGROSA,ADMINISTRADOR
1341,173,CARGAS EXPLOSIVAS DE SEPARACISN.,MERCANCIAS VARIAS,2010-05-25,PELIGROSA,ADMINISTRADOR
1342,174,REMACHES EXPLOSIVOS,MERCANCIAS VARIAS,2010-05-25,PELIGROSA,ADMINISTRADOR
1343,180,COHETES CON CARGA EXPLOSIVA.,MERCANCIAS VARIAS,2010-05-25,PELIGROSA,ADMINISTRADOR
1344,181,COHETES CON CARGA EXPLOSIVA.,MERCANCIAS VARIAS,2010-05-25,PELIGROSA,ADMINISTRADOR
1345,182,COHETES CON CARGA EXPLOSIVA.,MERCANCIAS VARIAS,2010-05-25,PELIGROSA,ADMINISTRADOR
1346,183,COHETES CON CABEZA INERTE.,MERCANCIAS VARIAS,2010-05-25,PELIGROSA,ADMINISTRADOR
1347,186,MOTORES DE COHETE.,MERCANCIAS VARIAS,2010-05-25,PELIGROSA,ADMINISTRADOR
1348,190,"MUESTRAS DE EXPLOSIVOS, EXCEPTO LOS EXPLOSIVOS INICIADORES.",MERCANCIAS VARIAS,2010-05-25,PELIGROSA,ADMINISTRADOR
1349,191,ARTIFICIOS MANUALES DE PIROTECNIA PARA SEQALES.,MERCANCIAS VARIAS,2010-05-25,PELIGROSA,ADMINISTRADOR
1350,192,"PETARDOS DE SEQALES PARA FERROCARRILES, EXPLOSIVOS.",MERCANCIAS VARIAS,2010-05-25,PELIGROSA,ADMINISTRADOR
1351,193,"PETARDOS DE SEQALES PARA FERROCARRILES, EXPLOSIVOS.",MERCANCIAS VARIAS,2010-05-25,PELIGROSA,ADMINISTRADOR
1352,194,SEQALES DE SOCORRO PARA BARCOS.,MERCANCIAS VARIAS,2010-05-25,PELIGROSA,ADMINISTRADOR
1353,195,SEQALES DE SOCORRO PARA BARCOS.,MERCANCIAS VARIAS,2010-05-25,PELIGROSA,ADMINISTRADOR
1354,196,SEQALES FUMMGENAS.,MERCANCIAS VARIAS,2010-05-25,PELIGROSA,ADMINISTRADOR
1355,197,SEQALES FUMMGENAS.,MERCANCIAS VARIAS,2010-05-25,PELIGROSA,ADMINISTRADOR
1356,204,CARGAS EXPLOSIVAS PARA SONDEOS.,MERCANCIAS VARIAS,2010-05-25,PELIGROSA,ADMINISTRADOR
1357,207,TETRANITROANILINA.,MERCANCIAS VARIAS,2010-05-25,PELIGROSA,ADMINISTRADOR
1358,208,TRINITROFENILMETIL-NITRAMINA (TETRILO).,MERCANCIAS VARIAS,2010-05-25,PELIGROSA,ADMINISTRADOR
1359,209,"TRINITROTOLUENO (TNT) SECO O HUMIDIFICADO CON MENOS DEL 30%, EN MASA, DE AGUA.",MERCANCIAS VARIAS,2010-05-25,PELIGROSA,ADMINISTRADOR
1360,212,TRAZADORES PARA MUNICIONES.,MERCANCIAS VARIAS,2010-05-25,PELIGROSA,ADMINISTRADOR
1361,213,TRINITROANISOL.,MERCANCIAS VARIAS,2010-05-25,PELIGROSA,ADMINISTRADOR
1362,214,"TRINITROBENCENO SECO O HUMIDIFICADO CON MENOS DEL 30%, EN MASA, DE AGUA.",MERCANCIAS VARIAS,2010-05-25,PELIGROSA,ADMINISTRADOR
1363,215,"ACIDO TRINITROBENZOICO SECO O HUMIDIFICADO CON MENOS DEL 30%, EN MASA, DE AGUA.",MERCANCIAS VARIAS,2010-05-25,PELIGROSA,ADMINISTRADOR
1364,216,TRINITRO-M-CRESOL.,MERCANCIAS VARIAS,2010-05-25,PELIGROSA,ADMINISTRADOR
1365,217,TRINITRONAFTALENO.,MERCANCIAS VARIAS,2010-05-25,PELIGROSA,ADMINISTRADOR
1366,218,TRINITROFENETOL.,MERCANCIAS VARIAS,2010-05-25,PELIGROSA,ADMINISTRADOR
1367,219,"TRINITRORRESORCINOL (TRINITRORRESORCINA. ACIDO ESTMFNICO) SECO O HUMIDIFICADO CON MENOS DEL 20%, EN MASA, DE AGUA O DE UNA MEZCLA DE ALCOHOL Y AGUA.",MERCANCIAS VARIAS,2010-05-25,PELIGROSA,ADMINISTRADOR
1368,220,"NITRATO DE UREA SECO O HUMIDIFICADO CON MENOS DEL 20%, EN MASA, DE AGUA.",MERCANCIAS VARIAS,2010-05-25,PELIGROSA,ADMINISTRADOR
1369,221,"CABEZAS DE COMBATE PARA TORPEDOS, CON CARGA EXPLOSIVA.",MERCANCIAS VARIAS,2010-05-25,PELIGROSA,ADMINISTRADOR
1370,222,"NITRATO AMSNICO CON MAS DEL 0,2% DE MATERIAS COMBUSTIBLES, INCLUYENDO CUALQUIER SUSTANCIA ORGANICA EXPRESADA EN EQUIVALENTE DE CARBONO, CON EXCLUSISN DE CUALQUIER OTRA SUSTANCIA AQADIDA.",MERCANCIAS VARIAS,2010-05-25,PELIGROSA,ADMINISTRADOR
1371,224,"AZIDA DE BARIO SECA O HUMIDIFICADA CON MENOS DEL 50%, EN MASA, DE AGUA.",MERCANCIAS VARIAS,2010-05-25,PELIGROSA,ADMINISTRADOR
1372,225,PETARDOS MULTIPLICADORES (CARTUCHOS MULTIPLICADORES) CON DETONADOR.,MERCANCIAS VARIAS,2010-05-25,PELIGROSA,ADMINISTRADOR
1373,226,"CICLOTETRAMETILEN-TETRANITRAMINA (OCTSGENO. HMX) HUMIDIFICADA CON UN MMNIMO DEL 15%, EN MASA, DE AGUA.",MERCANCIAS VARIAS,2010-05-25,PELIGROSA,ADMINISTRADOR
1374,234,"DINITRO-O-CRESOLATO SSDICO SECO O HUMIDIFICADO CON MENOS DEL 15%, EN MASA, DE AGUA.",MERCANCIAS VARIAS,2010-05-25,PELIGROSA,ADMINISTRADOR
1375,235,"PICRAMATO SSDICO SECO O HUMIDIFICADO CON MENOS DEL 20%, EN MASA, DE AGUA.",MERCANCIAS VARIAS,2010-05-25,PELIGROSA,ADMINISTRADOR
1376,236,"PICRAMATO DE CIRCONIO SECO O HUMIDIFICADO CON MENOS DEL 20%, EN MASA, DE AGUA.",MERCANCIAS VARIAS,2010-05-25,PELIGROSA,ADMINISTRADOR
1377,237,MECHA DETONANTE PERFILADA FLEXIBLE.,MERCANCIAS VARIAS,2010-05-25,PELIGROSA,ADMINISTRADOR
1378,238,COHETES LANZACABOS.,MERCANCIAS VARIAS,2010-05-25,PELIGROSA,ADMINISTRADOR
1379,240,COHETES LANZACABOS.,MERCANCIAS VARIAS,2010-05-25,PELIGROSA,ADMINISTRADOR
1380,241,"EXPLOSIVOS PARA VOLADURAS, TIPO E.",MERCANCIAS VARIAS,2010-05-25,PELIGROSA,ADMINISTRADOR
1381,242,CARGAS PROPULSORAS DE ARTILLERMA.,MERCANCIAS VARIAS,2010-05-25,PELIGROSA,ADMINISTRADOR
1382,243,"MUNICIONES INCENDIARIAS DE FSSFORO BLANCO, CON CARGA DISPERSORA, CARGA EXPULSORA O CARGA PROPULSORA.",MERCANCIAS VARIAS,2010-05-25,PELIGROSA,ADMINISTRADOR
1383,244,"MUNICIONES INCENDIARIAS DE FSSFORO BLANCO, CON CARGA DISPERSORA, CARGA EXPULSORA O CARGA PROPULSORA.",MERCANCIAS VARIAS,2010-05-25,PELIGROSA,ADMINISTRADOR
1384,245,"MUNICIONES FUMMGENAS DE FSSFORO BLANCO, CON CARGA DISPERSORA, CARGA EXPULSORA O CARGA PROPULSORA.",MERCANCIAS VARIAS,2010-05-25,PELIGROSA,ADMINISTRADOR
1385,246,"MUNICIONES FUMMGENAS DE FSSFORO BLANCO, CON CARGA DISPERSORA, CARGA EXPULSORA O CARGA PROPULSORA.",MERCANCIAS VARIAS,2010-05-25,PELIGROSA,ADMINISTRADOR
1386,247,"MUNICIONES INCENDIARIAS EN FORMA DE LMQUIDO O DE GEL, CON CARGA DISPERSORA, CARGA EXPULSORA O CARGA PROPULSORA.",MERCANCIAS VARIAS,2010-05-25,PELIGROSA,ADMINISTRADOR
1387,248,"DISPOSITIVOS ACTIVADOS POR EL AGUA, CON CARGA DISPERSORA, CARGA EXPULSORA O CARGA PROPULSORA.",MERCANCIAS VARIAS,2010-05-25,PELIGROSA,ADMINISTRADOR
1388,249,"DISPOSITIVOS ACTIVADOS POR EL AGUA, CON CARGA DISPERSORA, CARGA EXPULSORA O CARGA PROPULSORA.",MERCANCIAS VARIAS,2010-05-25,PELIGROSA,ADMINISTRADOR
1389,250,"MOTORES DE COHETE CON LMQUIDOS HIPERGSLICOS, CON O SIN CARGA EXPULSORA.",MERCANCIAS VARIAS,2010-05-25,PELIGROSA,ADMINISTRADOR
1390,254,"MUNICIONES ILUMINANTES CON O SIN CARGA DISPERSORA, CARGA EXPULSORA O CARGA PROPULSORA.",MERCANCIAS VARIAS,2010-05-25,PELIGROSA,ADMINISTRADOR
1391,255,DETONADORES ELICTRICOS PARA VOLADURAS.,MERCANCIAS VARIAS,2010-05-25,PELIGROSA,ADMINISTRADOR
1392,257,ESPOLETAS DETONANTES.,MERCANCIAS VARIAS,2010-05-25,PELIGROSA,ADMINISTRADOR
1393,266,"OCTOLITA (OCTOL) SECA O HUMIDIFICADA CON MENOS DEL 15%, EN MASA, DE AGUA.",MERCANCIAS VARIAS,2010-05-25,PELIGROSA,ADMINISTRADOR
1394,267,DETONADORES NO ELICTRICOS PARA VOLADURAS.,MERCANCIAS VARIAS,2010-05-25,PELIGROSA,ADMINISTRADOR
1395,268,PETARDOS MULTIPLICADORES (CARTUCHOS MULTIPLICADORES) CON DETONADOR.,MERCANCIAS VARIAS,2010-05-25,PELIGROSA,ADMINISTRADOR
1396,271,CARGAS PROPULSORAS.,MERCANCIAS VARIAS,2010-05-25,PELIGROSA,ADMINISTRADOR
1397,272,CARGAS PROPULSORAS.,MERCANCIAS VARIAS,2010-05-25,PELIGROSA,ADMINISTRADOR
1398,275,CARTUCHOS DE ACCIONAMIENTO.,MERCANCIAS VARIAS,2010-05-25,PELIGROSA,ADMINISTRADOR
1399,276,CARTUCHOS DE ACCIONAMIENTO.,MERCANCIAS VARIAS,2010-05-25,PELIGROSA,ADMINISTRADOR
1400,277,CARTUCHOS DE PERFORACISN DE POZOS PETROLMFEROS.,MERCANCIAS VARIAS,2010-05-25,PELIGROSA,ADMINISTRADOR
1401,278,CARTUCHOS DE PERFORACISN DE POZOS PETROLMFEROS.,MERCANCIAS VARIAS,2010-05-25,PELIGROSA,ADMINISTRADOR
1402,279,CARGAS PROPULSORAS DE ARTILLERMA.,MERCANCIAS VARIAS,2010-05-25,PELIGROSA,ADMINISTRADOR
1403,280,MOTORES DE COHETE.,MERCANCIAS VARIAS,2010-05-25,PELIGROSA,ADMINISTRADOR
1404,281,MOTORES DE COHETE.,MERCANCIAS VARIAS,2010-05-25,PELIGROSA,ADMINISTRADOR
1405,282,"NITROGUANIDINA (PICRITA) SECA O HUMIDIFICADA CON MENOS DEL 20%, EN MASA, DE AGUA.",MERCANCIAS VARIAS,2010-05-25,PELIGROSA,ADMINISTRADOR
1406,283,PETARDOS MULTIPLICADORES (CARTUCHOS MULTIPLICADORES) SIN DETONADOR.,MERCANCIAS VARIAS,2010-05-25,PELIGROSA,ADMINISTRADOR
1407,284,"GRANADAS DE MANO O DE FUSIL, CON CARGA EXPLOSIVA.",MERCANCIAS VARIAS,2010-05-25,PELIGROSA,ADMINISTRADOR
1408,285,"GRANADAS DE MANO O DE FUSIL, CON CARGA EXPLOSIVA.",MERCANCIAS VARIAS,2010-05-25,PELIGROSA,ADMINISTRADOR
1409,286,"CABEZAS DE COMBATE PARA COHETES, CON CARGA EXPLOSIVA.",MERCANCIAS VARIAS,2010-05-25,PELIGROSA,ADMINISTRADOR
1410,287,"CABEZAS DE COMBATE PARA COHETES, CON CARGA EXPLOSIVA.",MERCANCIAS VARIAS,2010-05-25,PELIGROSA,ADMINISTRADOR
1411,288,MECHA DETONANTE PERFILADA FLEXIBLE.,MERCANCIAS VARIAS,2010-05-25,PELIGROSA,ADMINISTRADOR
1412,289,MECHA DETONANTE FLEXIBLE.,MERCANCIAS VARIAS,2010-05-25,PELIGROSA,ADMINISTRADOR
1413,290,MECHA DETONANTE CON ENVOLTURA METALICA.,MERCANCIAS VARIAS,2010-05-25,PELIGROSA,ADMINISTRADOR
1414,291,BOMBAS CON CARGA EXPLOSIVA.,MERCANCIAS VARIAS,2010-05-25,PELIGROSA,ADMINISTRADOR
1415,292,"GRANADAS DE MANO O DE FUSIL, CON CARGA EXPLOSIVA.",MERCANCIAS VARIAS,2010-05-25,PELIGROSA,ADMINISTRADOR
1416,293,"GRANADAS DE MANO O DE FUSIL, CON CARGA EXPLOSIVA.",MERCANCIAS VARIAS,2010-05-25,PELIGROSA,ADMINISTRADOR
1417,294,MINAS CON CARGA EXPLOSIVA.,MERCANCIAS VARIAS,2010-05-25,PELIGROSA,ADMINISTRADOR
1418,295,COHETES CON CARGA EXPLOSIVA.,MERCANCIAS VARIAS,2010-05-25,PELIGROSA,ADMINISTRADOR
1419,296,CARGAS EXPLOSIVAS PARA SONDEOS.,MERCANCIAS VARIAS,2010-05-25,PELIGROSA,ADMINISTRADOR
1420,297,"MUNICIONES ILUMINANTES CON O SIN CARGA DISPERSORA, CARGA EXPULSORA O CARGA PROPULSORA.",MERCANCIAS VARIAS,2010-05-25,PELIGROSA,ADMINISTRADOR
1421,299,BOMBAS DE ILUMINACISN PARA FOTOGRAFMA.,MERCANCIAS VARIAS,2010-05-25,PELIGROSA,ADMINISTRADOR
1422,300,"MUNICIONES INCENDIARIAS CON O SIN CARGA DISPERSORA, CARGA EXPULSORA O CARGA PROPULSORA.",MERCANCIAS VARIAS,2010-05-25,PELIGROSA,ADMINISTRADOR
1423,301,"MUNICIONES LACRIMSGENAS CON CARGA DISPERSORA, CARGA EXPULSORA O CARGA PROPULSORA.",MERCANCIAS VARIAS,2010-05-25,PELIGROSA,ADMINISTRADOR
1424,303,"MUNICIONES FUMMGENAS CON O SIN CARGA DISPERSORA, CARGA EXPULSORA O CARGA PROPULSORA.",MERCANCIAS VARIAS,2010-05-25,PELIGROSA,ADMINISTRADOR
1425,305,PSLVORA DE DESTELLOS (FOTOPSLVORA).,MERCANCIAS VARIAS,2010-05-25,PELIGROSA,ADMINISTRADOR
1426,306,TRAZADORES PARA MUNICIONES.,MERCANCIAS VARIAS,2010-05-25,PELIGROSA,ADMINISTRADOR
1427,312,CARTUCHOS DE SEQALES.,MERCANCIAS VARIAS,2010-05-25,PELIGROSA,ADMINISTRADOR
1428,313,SEQALES FUMMGENAS.,MERCANCIAS VARIAS,2010-05-25,PELIGROSA,ADMINISTRADOR
1429,314,INFLAMADORES.,MERCANCIAS VARIAS,2010-05-25,PELIGROSA,ADMINISTRADOR
1430,315,INFLAMADORES.,MERCANCIAS VARIAS,2010-05-25,PELIGROSA,ADMINISTRADOR
1431,316,ESPOLETAS DE IGNICISN.,MERCANCIAS VARIAS,2010-05-25,PELIGROSA,ADMINISTRADOR
1432,317,ESPOLETAS DE IGNICISN.,MERCANCIAS VARIAS,2010-05-25,PELIGROSA,ADMINISTRADOR
1433,318,"GRANADAS DE EJERCICIOS, DE MANO O DE FUSIL.",MERCANCIAS VARIAS,2010-05-25,PELIGROSA,ADMINISTRADOR
1434,319,CEBOS TUBULARES.,MERCANCIAS VARIAS,2010-05-25,PELIGROSA,ADMINISTRADOR
1435,320,CEBOS TUBULARES.,MERCANCIAS VARIAS,2010-05-25,PELIGROSA,ADMINISTRADOR
1436,321,"CARTUCHOS PARA ARMAS, CON CARGA EXPLOSIVA.",MERCANCIAS VARIAS,2010-05-25,PELIGROSA,ADMINISTRADOR
1437,322,"MOTORES DE COHETE CON LMQUIDOS HIPERGSLICOS, CON O SIN CARGA EXPULSORA.",MERCANCIAS VARIAS,2010-05-25,PELIGROSA,ADMINISTRADOR
1438,323,CARTUCHOS DE ACCIONAMIENTO.,MERCANCIAS VARIAS,2010-05-25,PELIGROSA,ADMINISTRADOR
1439,324,PROYECTILES CON CARGA EXPLOSIVA.,MERCANCIAS VARIAS,2010-05-25,PELIGROSA,ADMINISTRADOR
1440,325,INFLAMADORES.,MERCANCIAS VARIAS,2010-05-25,PELIGROSA,ADMINISTRADOR
1441,326,"CARTUCHOS PARA ARMAS, SIN BALA.",MERCANCIAS VARIAS,2010-05-25,PELIGROSA,ADMINISTRADOR
1442,327,"CARTUCHOS PARA ARMAS, SIN BALA, O CARTUCHOS PARA ARMAS DE PEQUEQO CALIBRE, SIN BALA.",MERCANCIAS VARIAS,2010-05-25,PELIGROSA,ADMINISTRADOR
1443,328,"CARTUCHOS PARA ARMAS, CON PROYECTIL INERTE.",MERCANCIAS VARIAS,2010-05-25,PELIGROSA,ADMINISTRADOR
1444,329,TORPEDOS CON CARGA EXPLOSIVA.,MERCANCIAS VARIAS,2010-05-25,PELIGROSA,ADMINISTRADOR
1445,330,TORPEDOS CON CARGA EXPLOSIVA.,MERCANCIAS VARIAS,2010-05-25,PELIGROSA,ADMINISTRADOR
1446,331,"EXPLOSIVO PARA VOLADURAS, TIPO B (AGENTE PARA VOLADURAS, TIPO B).",MERCANCIAS VARIAS,2010-05-25,PELIGROSA,ADMINISTRADOR
1447,332,"EXPLOSIVO PARA VOLADURAS, TIPO E  (AGENTE PARA VOLADURAS, TIPO E).",MERCANCIAS VARIAS,2010-05-25,PELIGROSA,ADMINISTRADOR
1448,333,ARTIFICIOS DE PIROTECNIA.,MERCANCIAS VARIAS,2010-05-25,PELIGROSA,ADMINISTRADOR
1449,334,ARTIFICIOS DE PIROTECNIA.,MERCANCIAS VARIAS,2010-05-25,PELIGROSA,ADMINISTRADOR
1450,335,ARTIFICIOS DE PIROTECNIA.,MERCANCIAS VARIAS,2010-05-25,PELIGROSA,ADMINISTRADOR
1451,336,ARTIFICIOS DE PIROTECNIA.,MERCANCIAS VARIAS,2010-05-25,PELIGROSA,ADMINISTRADOR
1452,337,ARTIFICIOS DE PIROTECNIA.,MERCANCIAS VARIAS,2010-05-25,PELIGROSA,ADMINISTRADOR
1453,338,"CARTUCHOS PARA ARMAS, SIN BALA O CARTUCHOS PARA ARMAS DE PEQUEQO CALIBRE, SIN BALA.",MERCANCIAS VARIAS,2010-05-25,PELIGROSA,ADMINISTRADOR
1454,339,"CARTUCHOS PARA ARMAS, CON PROYECTIL INERTE, O CARTUCHOS PARA ARMAS DE PEQUEQO CALIBRE.",MERCANCIAS VARIAS,2010-05-25,PELIGROSA,ADMINISTRADOR
1455,340,"NITROCELULOSA SECA O HUMIDIFICADA CON MENOS DEL 25%, EN MASA, DE AGUA (O DE ALCOHOL).",MERCANCIAS VARIAS,2010-05-25,PELIGROSA,ADMINISTRADOR
1456,341,"NITROCELULOSA NO MODIFICADA O PLASTIFICADA CON MENOS DEL 18%, EN MASA, DE PLASTIFICANTE.",MERCANCIAS VARIAS,2010-05-25,PELIGROSA,ADMINISTRADOR
1457,342,"NITROCELULOSA HUMIDIFICADA CON UN MMNIMO DEL 25%, EN MASA, DE ALCOHOL.",MERCANCIAS VARIAS,2010-05-25,PELIGROSA,ADMINISTRADOR
1458,343,"NITROCELULOSA PLASTIFICADA CON UN MMNIMO DEL 18%, EN MASA, DE PLASTIFICANTE.",MERCANCIAS VARIAS,2010-05-25,PELIGROSA,ADMINISTRADOR
1459,344,PROYECTILES CON CARGA EXPLOSIVA.,MERCANCIAS VARIAS,2010-05-25,PELIGROSA,ADMINISTRADOR
1460,345,PROYECTILES INERTES CON TRAZADOR.,MERCANCIAS VARIAS,2010-05-25,PELIGROSA,ADMINISTRADOR
1461,346,PROYECTILES CON CARGA DISPERSORA O CARGA EXPULSORA.,MERCANCIAS VARIAS,2010-05-25,PELIGROSA,ADMINISTRADOR
1462,347,PROYECTILES CON CARGA DISPERSORA O CARGA EXPULSORA.,MERCANCIAS VARIAS,2010-05-25,PELIGROSA,ADMINISTRADOR
1463,348,"CARTUCHOS PARA ARMAS, CON CARGA EXPLOSIVA.",MERCANCIAS VARIAS,2010-05-25,PELIGROSA,ADMINISTRADOR
1464,349,"OBJETOS EXPLOSIVOS, N.E.P.",MERCANCIAS VARIAS,2010-05-25,PELIGROSA,ADMINISTRADOR
1465,350,"OBJETOS EXPLOSIVOS, N.E.P.",MERCANCIAS VARIAS,2010-05-25,PELIGROSA,ADMINISTRADOR
1466,351,"OBJETOS EXPLOSIVOS, N.E.P.",MERCANCIAS VARIAS,2010-05-25,PELIGROSA,ADMINISTRADOR
1467,352,"OBJETOS EXPLOSIVOS, N.E.P.",MERCANCIAS VARIAS,2010-05-25,PELIGROSA,ADMINISTRADOR
1468,353,"OBJETOS EXPLOSIVOS, N.E.P.",MERCANCIAS VARIAS,2010-05-25,PELIGROSA,ADMINISTRADOR
1469,354,"OBJETOS EXPLOSIVOS, N.E.P.",MERCANCIAS VARIAS,2010-05-25,PELIGROSA,ADMINISTRADOR
1470,355,"OBJETOS EXPLOSIVOS, N.E.P.",MERCANCIAS VARIAS,2010-05-25,PELIGROSA,ADMINISTRADOR
1471,356,"OBJETOS EXPLOSIVOS, N.E.P.",MERCANCIAS VARIAS,2010-05-25,PELIGROSA,ADMINISTRADOR
1472,357,"SUSTANCIAS EXPLOSIVAS, N.E.P.",MERCANCIAS VARIAS,2010-05-25,PELIGROSA,ADMINISTRADOR
1473,358,"SUSTANCIAS EXPLOSIVAS, N.E.P.",MERCANCIAS VARIAS,2010-05-25,PELIGROSA,ADMINISTRADOR
1474,359,"SUSTANCIAS EXPLOSIVAS, N.E.P.",MERCANCIAS VARIAS,2010-05-25,PELIGROSA,ADMINISTRADOR
1475,360,CONJUNTOS DE DETONADORES NO ELICTRICOS PARA VOLADURAS.,MERCANCIAS VARIAS,2010-05-25,PELIGROSA,ADMINISTRADOR
1476,361,CONJUNTOS DE DETONADORES NO ELICTRICOS PARA VOLADURAS.,MERCANCIAS VARIAS,2010-05-25,PELIGROSA,ADMINISTRADOR
1477,362,MUNICIONES DE EJERCICIOS.,MERCANCIAS VARIAS,2010-05-25,PELIGROSA,ADMINISTRADOR
1478,363,MUNICIONES DE PRUEBA.,MERCANCIAS VARIAS,2010-05-25,PELIGROSA,ADMINISTRADOR
1479,364,DETONADORES PARA MUNICIONES.,MERCANCIAS VARIAS,2010-05-25,PELIGROSA,ADMINISTRADOR
1480,365,DETONADORES PARA MUNICIONES.,MERCANCIAS VARIAS,2010-05-25,PELIGROSA,ADMINISTRADOR
1481,366,DETONADORES PARA MUNICIONES.,MERCANCIAS VARIAS,2010-05-25,PELIGROSA,ADMINISTRADOR
1482,367,ESPOLETAS DETONANTES.,MERCANCIAS VARIAS,2010-05-25,PELIGROSA,ADMINISTRADOR
1483,368,ESPOLETAS DE IGNICISN.,MERCANCIAS VARIAS,2010-05-25,PELIGROSA,ADMINISTRADOR
1484,369,"CABEZAS DE COMBATE PARA COHETES, CON CARGA EXPLOSIVA.",MERCANCIAS VARIAS,2010-05-25,PELIGROSA,ADMINISTRADOR
1485,370,"CABEZAS DE COMBATE PARA COHETES, CON CARGA DISPERSORA O CARGA EXPULSORA.",MERCANCIAS VARIAS,2010-05-25,PELIGROSA,ADMINISTRADOR
1486,371,"CABEZAS DE COMBATE PARA COHETES, CON CARGA DISPERSORA O CARGA EXPULSORA.",MERCANCIAS VARIAS,2010-05-25,PELIGROSA,ADMINISTRADOR
1487,372,"GRANADAS DE EJERCICIOS, DE MANO O DE FUSIL.",MERCANCIAS VARIAS,2010-05-25,PELIGROSA,ADMINISTRADOR
1488,373,ARTIFICIOS MANUALES DE PIROTECNIA PARA SEQALES.,MERCANCIAS VARIAS,2010-05-25,PELIGROSA,ADMINISTRADOR
1489,374,CARGAS EXPLOSIVAS PARA SONDEOS.,MERCANCIAS VARIAS,2010-05-25,PELIGROSA,ADMINISTRADOR
1490,375,CARGAS EXPLOSIVAS PARA SONDEOS.,MERCANCIAS VARIAS,2010-05-25,PELIGROSA,ADMINISTRADOR
1491,376,CEBOS TUBULARES.,MERCANCIAS VARIAS,2010-05-25,PELIGROSA,ADMINISTRADOR
1492,377,CEBOS DEL TIPO DE CAPSULA.,MERCANCIAS VARIAS,2010-05-25,PELIGROSA,ADMINISTRADOR
1493,378,CEBOS DEL TIPO DE CAPSULA.,MERCANCIAS VARIAS,2010-05-25,PELIGROSA,ADMINISTRADOR
1494,379,CARTUCHOS VACMOS CON FULMINANTE.,MERCANCIAS VARIAS,2010-05-25,PELIGROSA,ADMINISTRADOR
1495,380,OBJETOS PIROFSRICOS.,MERCANCIAS VARIAS,2010-05-25,PELIGROSA,ADMINISTRADOR
1496,381,CARTUCHOS DE ACCIONAMIENTO.,MERCANCIAS VARIAS,2010-05-25,PELIGROSA,ADMINISTRADOR
1497,382,"COMPONENTES DE CADENAS DE EXPLOSIVOS, N.E.P..",MERCANCIAS VARIAS,2010-05-25,PELIGROSA,ADMINISTRADOR
1498,383,"COMPONENTES DE CADENAS DE EXPLOSIVOS, N.E.P..",MERCANCIAS VARIAS,2010-05-25,PELIGROSA,ADMINISTRADOR
1499,384,"COMPONENTES DE CADENAS DE EXPLOSIVOS, N.E.P..",MERCANCIAS VARIAS,2010-05-25,PELIGROSA,ADMINISTRADOR
1500,385,5-ITROBENZOTRIAZOL.,MERCANCIAS VARIAS,2010-05-25,PELIGROSA,ADMINISTRADOR
1501,386,ACIDO TRINITRO-BENCENOSULFSNICO.,MERCANCIAS VARIAS,2010-05-25,PELIGROSA,ADMINISTRADOR
1502,387,TRINITROFLUORENONA.,MERCANCIAS VARIAS,2010-05-25,PELIGROSA,ADMINISTRADOR
1503,388,MEZCLAS DE TRINITROTOLUENO (TNT) Y TRINITROBENCENO O MEZCLAS DE TRINITROTOLUENO (TNT) Y HEXANITROESTILBENO.,MERCANCIAS VARIAS,2010-05-25,PELIGROSA,ADMINISTRADOR
1504,389,MEZCLAS DE TRINITROTOLUENO (TNT) CON TRINITROBENCENO Y HEXANITROESTILBENO.,MERCANCIAS VARIAS,2010-05-25,PELIGROSA,ADMINISTRADOR
1505,390,TRITONAL.,MERCANCIAS VARIAS,2010-05-25,PELIGROSA,ADMINISTRADOR
1506,391,"MEZCLAS DE CICLOTRIMETILENTRINI-TRAMINA (CICLONITA. HEXSGENO. RDX) Y CICLOTETRAMETILEN-TETRANITRAMINA (OCTSGENO. HMX) HUMIDIFICADAS CON UN MMNIMO DEL 15%, EN MASA, DE AGUA, O MEZCLAS DE CICLOTRIMETILENTRINI-TRAMINA (CICLONITA. HEXSGENO. RDX) Y CICLOTETRAMETILEN-TETRANITRAMINA (OCTSGENO. HMX) DESENSIBILIZADAS CON UN MMNIMO DEL 10%, EN MASA, DE FLEMADOR.",MERCANCIAS VARIAS,2010-05-25,PELIGROSA,ADMINISTRADOR
1507,392,HEXANITROESTILBENO.,MERCANCIAS VARIAS,2010-05-25,PELIGROSA,ADMINISTRADOR
1508,393,HEXOTONAL.,MERCANCIAS VARIAS,2010-05-25,PELIGROSA,ADMINISTRADOR
1509,394,"TRINITRORRESORCINOL (TRINITRORRESORCINA. ACIDO ESTMFNICO) HUMIDIFICADO CON UN MMNIMO DEL 20%, EN MASA, DE AGUA O DE UNA MEZCLA DE ALCOHOL Y AGUA.",MERCANCIAS VARIAS,2010-05-25,PELIGROSA,ADMINISTRADOR
1510,395,"MOTORES DE COHETE, DE COMBUSTIBLE LMQUIDO.",MERCANCIAS VARIAS,2010-05-25,PELIGROSA,ADMINISTRADOR
1511,396,"MOTORES DE COHETE, DE COMBUSTIBLE LMQUIDO.",MERCANCIAS VARIAS,2010-05-25,PELIGROSA,ADMINISTRADOR
1512,397,"COHETES DE COMBUSTIBLE LMQUIDO, CON CARGA EXPLOSIVA.",MERCANCIAS VARIAS,2010-05-25,PELIGROSA,ADMINISTRADOR
1513,398,"COHETES DE COMBUSTIBLE LMQUIDO, CON CARGA EXPLOSIVA.",MERCANCIAS VARIAS,2010-05-25,PELIGROSA,ADMINISTRADOR
1514,399,"BOMBAS QUE CONTIENEN UN LMQUIDO INFLAMABLE, CON CARGA EXPLOSIVA.",MERCANCIAS VARIAS,2010-05-25,PELIGROSA,ADMINISTRADOR
1515,400,"BOMBAS QUE CONTIENEN UN LMQUIDO INFLAMABLE, CON CARGA EXPLOSIVA.",MERCANCIAS VARIAS,2010-05-25,PELIGROSA,ADMINISTRADOR
1516,401,"SULFURO DE DIPICRILO SECO O HUMIDIFICADO CON MENOS DEL 10%, EN MASA, DE AGUA.",MERCANCIAS VARIAS,2010-05-25,PELIGROSA,ADMINISTRADOR
1517,402,PERCLORATO AMSNICO.,MERCANCIAS VARIAS,2010-05-25,PELIGROSA,ADMINISTRADOR
1518,403,BENGALAS AIREAS.,MERCANCIAS VARIAS,2010-05-25,PELIGROSA,ADMINISTRADOR
1519,404,BENGALAS AIREAS.,MERCANCIAS VARIAS,2010-05-25,PELIGROSA,ADMINISTRADOR
1520,405,CARTUCHOS DE SEQALES.,MERCANCIAS VARIAS,2010-05-25,PELIGROSA,ADMINISTRADOR
1521,406,DINITROSOBENCENO.,MERCANCIAS VARIAS,2010-05-25,PELIGROSA,ADMINISTRADOR
1522,407,ACIDO TETRAZOL-1-ACITICO.,MERCANCIAS VARIAS,2010-05-25,PELIGROSA,ADMINISTRADOR
1523,408,ESPOLETAS DETONANTES CON DISPOSITIVOS DE PROTECCISN.,MERCANCIAS VARIAS,2010-05-25,PELIGROSA,ADMINISTRADOR
1524,409,ESPOLETAS DETONANTES CON DISPOSITIVOS DE PROTECCISN.,MERCANCIAS VARIAS,2010-05-25,PELIGROSA,ADMINISTRADOR
1525,410,ESPOLETAS DETONANTES CON DISPOSITIVOS DE PROTECCISN.,MERCANCIAS VARIAS,2010-05-25,PELIGROSA,ADMINISTRADOR
1526,411,"TETRANITRATO DE PENTAERITRITA (TETRANITRATO DE PENTAERITRITOL. TNPE) CON UN MMNIMO DEL 7%, EN MASA, DE CERA.",MERCANCIAS VARIAS,2010-05-25,PELIGROSA,ADMINISTRADOR
1527,412,"CARTUCHOS PARA ARMAS, CON CARGA EXPLOSIVA.",MERCANCIAS VARIAS,2010-05-25,PELIGROSA,ADMINISTRADOR
1528,413,"CARTUCHOS PARA ARMAS, SIN BALA.",MERCANCIAS VARIAS,2010-05-25,PELIGROSA,ADMINISTRADOR
1529,414,CARGAS PROPULSORAS DE ARTILLERMA.,MERCANCIAS VARIAS,2010-05-25,PELIGROSA,ADMINISTRADOR
1530,415,CARGAS PROPULSORAS.,MERCANCIAS VARIAS,2010-05-25,PELIGROSA,ADMINISTRADOR
1531,417,"CARTUCHOS PARA ARMAS, CON PROYECTIL INERTE, O CARTUCHOS PARA ARMAS DE PEQUEQO CALIBRE.",MERCANCIAS VARIAS,2010-05-25,PELIGROSA,ADMINISTRADOR
1532,418,BENGALAS DE SUPERFICIE.,MERCANCIAS VARIAS,2010-05-25,PELIGROSA,ADMINISTRADOR
1533,419,BENGALAS DE SUPERFICIE.,MERCANCIAS VARIAS,2010-05-25,PELIGROSA,ADMINISTRADOR
1534,420,BENGALAS AIREAS.,MERCANCIAS VARIAS,2010-05-25,PELIGROSA,ADMINISTRADOR
1535,421,BENGALAS AIREAS.,MERCANCIAS VARIAS,2010-05-25,PELIGROSA,ADMINISTRADOR
1536,424,PROYECTILES INERTES CON TRAZADOR.,MERCANCIAS VARIAS,2010-05-25,PELIGROSA,ADMINISTRADOR
1537,425,PROYECTILES INERTES CON TRAZADOR.,MERCANCIAS VARIAS,2010-05-25,PELIGROSA,ADMINISTRADOR
1538,426,PROYECTILES CON CARGA DISPERSORA O CARGA EXPULSORA.,MERCANCIAS VARIAS,2010-05-25,PELIGROSA,ADMINISTRADOR
1539,427,PROYECTILES CON CARGA DISPERSORA O CARGA EXPULSORA.,MERCANCIAS VARIAS,2010-05-25,PELIGROSA,ADMINISTRADOR
1540,428,OBJETOS PIROTICNICOS PARA USOS TICNICOS.,MERCANCIAS VARIAS,2010-05-25,PELIGROSA,ADMINISTRADOR
1541,429,OBJETOS PIROTICNICOS PARA USOS TICNICOS.,MERCANCIAS VARIAS,2010-05-25,PELIGROSA,ADMINISTRADOR
1542,430,OBJETOS PIROTICNICOS PARA USOS TICNICOS.,MERCANCIAS VARIAS,2010-05-25,PELIGROSA,ADMINISTRADOR
1543,431,OBJETOS PIROTICNICOS PARA USOS TICNICOS.,MERCANCIAS VARIAS,2010-05-25,PELIGROSA,ADMINISTRADOR
1544,432,OBJETOS PIROTICNICOS PARA USOS TICNICOS.,MERCANCIAS VARIAS,2010-05-25,PELIGROSA,ADMINISTRADOR
1545,433,"GALLETA DE PSLVORA HUMIDIFICADA CON UN MMNIMO DEL 17%, EN MASA, DE ALCOHOL.",MERCANCIAS VARIAS,2010-05-25,PELIGROSA,ADMINISTRADOR
1546,434,PROYECTILES CON CARGA DISPERSORA O CARGA EXPULSORA.,MERCANCIAS VARIAS,2010-05-25,PELIGROSA,ADMINISTRADOR
1547,435,PROYECTILES CON CARGA DISPERSORA O CARGA EXPULSORA.,MERCANCIAS VARIAS,2010-05-25,PELIGROSA,ADMINISTRADOR
1548,436,COHETES CON CARGA EXPULSORA.,MERCANCIAS VARIAS,2010-05-25,PELIGROSA,ADMINISTRADOR
1549,437,COHETES CON CARGA EXPULSORA.,MERCANCIAS VARIAS,2010-05-25,PELIGROSA,ADMINISTRADOR
1550,438,COHETES CON CARGA EXPULSORA.,MERCANCIAS VARIAS,2010-05-25,PELIGROSA,ADMINISTRADOR
1551,439,CARGAS HUECAS SIN DETONADOR.,MERCANCIAS VARIAS,2010-05-25,PELIGROSA,ADMINISTRADOR
1552,440,CARGAS HUECAS SIN DETONADOR.,MERCANCIAS VARIAS,2010-05-25,PELIGROSA,ADMINISTRADOR
1553,441,CARGAS HUECAS SIN DETONADOR.,MERCANCIAS VARIAS,2010-05-25,PELIGROSA,ADMINISTRADOR
1554,442,CARGAS EXPLOSIVAS PARA USOS CIVILES SIN DETONADOR.,MERCANCIAS VARIAS,2010-05-25,PELIGROSA,ADMINISTRADOR
1555,443,CARGAS EXPLOSIVAS PARA USOS CIVILES SIN DETONADOR.,MERCANCIAS VARIAS,2010-05-25,PELIGROSA,ADMINISTRADOR
1556,444,CARGAS EXPLOSIVAS PARA USOS CIVILES SIN DETONADOR.,MERCANCIAS VARIAS,2010-05-25,PELIGROSA,ADMINISTRADOR
1557,445,"CARGAS EXPLOSIVAS PARA USOS CIVILES, SIN DETONADOR.",MERCANCIAS VARIAS,2010-05-25,PELIGROSA,ADMINISTRADOR
1558,446,"VAINAS COMBUSTIBLES VACMAS, SIN CEBO.",MERCANCIAS VARIAS,2010-05-25,PELIGROSA,ADMINISTRADOR
1559,447,"VAINAS COMBUSTIBLES VACMAS, SIN CEBO.",MERCANCIAS VARIAS,2010-05-25,PELIGROSA,ADMINISTRADOR
1560,448,ACIDO 5-MERCAPTOTETRAZOL-1-ACITICO.,MERCANCIAS VARIAS,2010-05-25,PELIGROSA,ADMINISTRADOR
1561,449,"TORPEDOS CON COMBUSTIBLE LMQUIDO, CON O SIN CARGA EXPLOSIVA.",MERCANCIAS VARIAS,2010-05-25,PELIGROSA,ADMINISTRADOR
1562,450,"TORPEDOS CON COMBUSTIBLE LMQUIDO, CON CABEZA INERTE.",MERCANCIAS VARIAS,2010-05-25,PELIGROSA,ADMINISTRADOR
1563,451,TORPEDOS CON CARGA EXPLOSIVA.,MERCANCIAS VARIAS,2010-05-25,PELIGROSA,ADMINISTRADOR
1564,452,"GRANADAS DE EJERCICIOS, DE MANO O DE FUSIL.",MERCANCIAS VARIAS,2010-05-25,PELIGROSA,ADMINISTRADOR
1565,453,COHETES LANZACABOS.,MERCANCIAS VARIAS,2010-05-25,PELIGROSA,ADMINISTRADOR
1566,454,INFLAMADORES.,MERCANCIAS VARIAS,2010-05-25,PELIGROSA,ADMINISTRADOR
1567,455,DETONADORES NO ELICTRICOS PARA VOLADURAS.,MERCANCIAS VARIAS,2010-05-25,PELIGROSA,ADMINISTRADOR
1568,456,DETONADORES ELICTRICOS PARA VOLADURAS.,MERCANCIAS VARIAS,2010-05-25,PELIGROSA,ADMINISTRADOR
1569,457,CARGAS EXPLOSIVAS CON AGLUTINANTE PLASTICO,MERCANCIAS VARIAS,2010-05-25,PELIGROSA,ADMINISTRADOR
1570,458,CARGAS EXPLOSIVAS CON AGLUTINANTE PLASTICO,MERCANCIAS VARIAS,2010-05-25,PELIGROSA,ADMINISTRADOR
1571,459,CARGAS EXPLOSIVAS CON AGLUTINANTE PLASTICO,MERCANCIAS VARIAS,2010-05-25,PELIGROSA,ADMINISTRADOR
1572,460,CARGAS EXPLOSIVAS CON AGLUTINANTE PLASTICO,MERCANCIAS VARIAS,2010-05-25,PELIGROSA,ADMINISTRADOR
1573,461,"COMPONENTES DE CADENAS DE EXPLOSIVOS, N.E.P..",MERCANCIAS VARIAS,2010-05-25,PELIGROSA,ADMINISTRADOR
1574,462,"OBJETOS EXPLOSIVOS, N.E.P.",MERCANCIAS VARIAS,2010-05-25,PELIGROSA,ADMINISTRADOR
1575,463,"OBJETOS EXPLOSIVOS, N.E.P.",MERCANCIAS VARIAS,2010-05-25,PELIGROSA,ADMINISTRADOR
1576,464,"OBJETOS EXPLOSIVOS, N.E.P.",MERCANCIAS VARIAS,2010-05-25,PELIGROSA,ADMINISTRADOR
1577,465,"OBJETOS EXPLOSIVOS, N.E.P.",MERCANCIAS VARIAS,2010-05-25,PELIGROSA,ADMINISTRADOR
1578,466,"OBJETOS EXPLOSIVOS, N.E.P.",MERCANCIAS VARIAS,2010-05-25,PELIGROSA,ADMINISTRADOR
1579,467,"OBJETOS EXPLOSIVOS, N.E.P.",MERCANCIAS VARIAS,2010-05-25,PELIGROSA,ADMINISTRADOR
1580,468,"OBJETOS EXPLOSIVOS, N.E.P.",MERCANCIAS VARIAS,2010-05-25,PELIGROSA,ADMINISTRADOR
1581,469,"OBJETOS EXPLOSIVOS, N.E.P.",MERCANCIAS VARIAS,2010-05-25,PELIGROSA,ADMINISTRADOR
1582,470,"OBJETOS EXPLOSIVOS, N.E.P.",MERCANCIAS VARIAS,2010-05-25,PELIGROSA,ADMINISTRADOR
1583,471,"OBJETOS EXPLOSIVOS, N.E.P.",MERCANCIAS VARIAS,2010-05-25,PELIGROSA,ADMINISTRADOR
1584,472,"OBJETOS EXPLOSIVOS, N.E.P.",MERCANCIAS VARIAS,2010-05-25,PELIGROSA,ADMINISTRADOR
1585,473,"SUSTANCIAS EXPLOSIVAS, N.E.P.",MERCANCIAS VARIAS,2010-05-25,PELIGROSA,ADMINISTRADOR
1586,474,"SUSTANCIAS EXPLOSIVAS, N.E.P.",MERCANCIAS VARIAS,2010-05-25,PELIGROSA,ADMINISTRADOR
1587,475,"SUSTANCIAS EXPLOSIVAS, N.E.P.",MERCANCIAS VARIAS,2010-05-25,PELIGROSA,ADMINISTRADOR
1588,476,"SUSTANCIAS EXPLOSIVAS, N.E.P.",MERCANCIAS VARIAS,2010-05-25,PELIGROSA,ADMINISTRADOR
1589,477,"SUSTANCIAS EXPLOSIVAS, N.E.P.",MERCANCIAS VARIAS,2010-05-25,PELIGROSA,ADMINISTRADOR
1590,478,"SUSTANCIAS EXPLOSIVAS, N.E.P.",MERCANCIAS VARIAS,2010-05-25,PELIGROSA,ADMINISTRADOR
1591,479,"SUSTANCIAS EXPLOSIVAS, N.E.P.",MERCANCIAS VARIAS,2010-05-25,PELIGROSA,ADMINISTRADOR
1592,480,"SUSTANCIAS EXPLOSIVAS, N.E.P.",MERCANCIAS VARIAS,2010-05-25,PELIGROSA,ADMINISTRADOR
1593,481,"SUSTANCIAS EXPLOSIVAS, N.E.P.",MERCANCIAS VARIAS,2010-05-25,PELIGROSA,ADMINISTRADOR
1594,482,"SUSTANCIAS EXPLOSIVAS MUY INSENSIBLES (SUSTANCIAS EMI), N.E.P..",MERCANCIAS VARIAS,2010-05-25,PELIGROSA,ADMINISTRADOR
1595,483,CICLOTRIMETILEN-TRINITRAMINA (CICLONITA. HEXSGENO. RDX) DESENSIBILIZADA,MERCANCIAS VARIAS,2010-05-25,PELIGROSA,ADMINISTRADOR
1596,484,CICLOTETRAMETILEN-TETRANITRAMINA (OCTSGENO. HMX) DESENSIBILIZADA,MERCANCIAS VARIAS,2010-05-25,PELIGROSA,ADMINISTRADOR
1597,485,"SUSTANCIAS EXPLOSIVAS, N.E.P.",MERCANCIAS VARIAS,2010-05-25,PELIGROSA,ADMINISTRADOR
1598,486,OBJETOS EXPLOSIVOS EXTREMADAMENTE INSENSIBLES (OBJETOS EEI).,MERCANCIAS VARIAS,2010-05-25,PELIGROSA,ADMINISTRADOR
1599,487,SEQALES FUMMGENAS.,MERCANCIAS VARIAS,2010-05-25,PELIGROSA,ADMINISTRADOR
1600,488,MUNICIONES DE EJERCICIOS.,MERCANCIAS VARIAS,2010-05-25,PELIGROSA,ADMINISTRADOR
1601,489,DINITROGLICOLURILO (DINGU).,MERCANCIAS VARIAS,2010-05-25,PELIGROSA,ADMINISTRADOR
1602,490,NITROTRIAZOLONA (NTO).,MERCANCIAS VARIAS,2010-05-25,PELIGROSA,ADMINISTRADOR
1603,491,CARGAS PROPULSORAS.,MERCANCIAS VARIAS,2010-05-25,PELIGROSA,ADMINISTRADOR
1604,492,"PETARDOS DE SEQALES PARA FERROCARRILES, EXPLOSIVOS.",MERCANCIAS VARIAS,2010-05-25,PELIGROSA,ADMINISTRADOR
1605,493,"PETARDOS DE SEQALES PARA FERROCARRILES, EXPLOSIVOS.",MERCANCIAS VARIAS,2010-05-25,PELIGROSA,ADMINISTRADOR
1606,494,"DISPOSITIVOS PORTADORES DE CARGAS HUECAS, CARGADOS, PARA PERFORACISN DE POZOS DE PETRSLEO, SIN DETONADOR.",MERCANCIAS VARIAS,2010-05-25,PELIGROSA,ADMINISTRADOR
1607,495,PROPULSANTE LMQUIDO.,MERCANCIAS VARIAS,2010-05-25,PELIGROSA,ADMINISTRADOR
1608,496,OCTONAL,MERCANCIAS VARIAS,2010-05-25,PELIGROSA,ADMINISTRADOR
1609,497,PROPULSANTE LMQUIDO.,MERCANCIAS VARIAS,2010-05-25,PELIGROSA,ADMINISTRADOR
1610,498,PROPULSANTE SSLIDO.,MERCANCIAS VARIAS,2010-05-25,PELIGROSA,ADMINISTRADOR
1611,499,PROPULSANTE SSLIDO.,MERCANCIAS VARIAS,2010-05-25,PELIGROSA,ADMINISTRADOR
1612,500,"GRUPOS DE DETONADORES, NO ELICTRICOS PARA VOLADURAS.",MERCANCIAS VARIAS,2010-05-25,PELIGROSA,ADMINISTRADOR
1613,501,PROPULSANTE SSLIDO.,MERCANCIAS VARIAS,2010-05-25,PELIGROSA,ADMINISTRADOR
1614,502,COHETES CON CABEZA INERTE.,MERCANCIAS VARIAS,2010-05-25,PELIGROSA,ADMINISTRADOR
1615,503,INFLADORES DE BOLSAS NEUMATICAS O MSDULOS DE BOLSAS NEUMATICAS O PRETENSORES DE CINTURONES DE SEGURIDAD.,MERCANCIAS VARIAS,2010-05-25,PELIGROSA,ADMINISTRADOR
1616,504,1H-TETRAZOL,MERCANCIAS VARIAS,2010-05-25,PELIGROSA,ADMINISTRADOR
1617,1001,ACETILENO DISUELTO,MERCANCIAS VARIAS,2010-05-25,PELIGROSA,ADMINISTRADOR
1618,1002,AIRE COMPRIMIDO,MERCANCIAS VARIAS,2010-05-25,PELIGROSA,ADMINISTRADOR
1619,1003,AIRE LMQUIDO REFRIGERADO,MERCANCIAS VARIAS,2010-05-25,PELIGROSA,ADMINISTRADOR
1620,1005,"AMONIACO, ANHIDRO",MERCANCIAS VARIAS,2010-05-25,PELIGROSA,ADMINISTRADOR
1621,1006,ARGSN COMPRIMIDO,MERCANCIAS VARIAS,2010-05-25,PELIGROSA,ADMINISTRADOR
1622,1008,TRIFLUORURO DE BORO,MERCANCIAS VARIAS,2010-05-25,PELIGROSA,ADMINISTRADOR
1623,1009,BROMOTRIFLUOROMETANO (GAS REFRIGERANTE R13B1),MERCANCIAS VARIAS,2010-05-25,PELIGROSA,ADMINISTRADOR
1624,1010,"BUTADIENOS ESTABILIZADOS O MEZCLA ESTABILIZADA DE BUTADIENOS E HIDROCARBUROS, QUE CONTENGAN MAS DEL 40% DE BUTADIENOS",MERCANCIAS VARIAS,2010-05-25,PELIGROSA,ADMINISTRADOR
1625,1011,BUTANO,MERCANCIAS VARIAS,2010-05-25,PELIGROSA,ADMINISTRADOR
1626,1012,BUTILENO,MERCANCIAS VARIAS,2010-05-25,PELIGROSA,ADMINISTRADOR
1627,1013,DISXIDO DE CARBONO,MERCANCIAS VARIAS,2010-05-25,PELIGROSA,ADMINISTRADOR
1628,1016,MONSXIDO DE CARBONO COMPRIMIDO,MERCANCIAS VARIAS,2010-05-25,PELIGROSA,ADMINISTRADOR
1629,1017,CLORO,MERCANCIAS VARIAS,2010-05-25,PELIGROSA,ADMINISTRADOR
1630,1018,CLORODIFLUOROMETANO (GAS REFRIGERANTE R 22),MERCANCIAS VARIAS,2010-05-25,PELIGROSA,ADMINISTRADOR
1631,1020,CLOROPENTAFLUOROETANO (GAS REFRIGERANTE R 115),MERCANCIAS VARIAS,2010-05-25,PELIGROSA,ADMINISTRADOR
1632,1021,"1-CLORO-1,2,2,2 TETRAFLUOROETANO (GAS REFRIGERANTE R 124)",MERCANCIAS VARIAS,2010-05-25,PELIGROSA,ADMINISTRADOR
1633,1022,CLOROTRIFLUOROMETANO (GAS REFRIGERANTE R 13),MERCANCIAS VARIAS,2010-05-25,PELIGROSA,ADMINISTRADOR
1634,1023,GAS DE HULLA COMPRIMIDO,MERCANCIAS VARIAS,2010-05-25,PELIGROSA,ADMINISTRADOR
1635,1026,CIANSGENO,MERCANCIAS VARIAS,2010-05-25,PELIGROSA,ADMINISTRADOR
1636,1027,CICLOPROPANO,MERCANCIAS VARIAS,2010-05-25,PELIGROSA,ADMINISTRADOR
1637,1028,DICLORODIFLUOROMETANO (GAS REFRIGERANTE R 12),MERCANCIAS VARIAS,2010-05-25,PELIGROSA,ADMINISTRADOR
1638,1029,DICLOROFLUOROMETANO (GAS REFRIGERANTE R 21),MERCANCIAS VARIAS,2010-05-25,PELIGROSA,ADMINISTRADOR
1639,1030,"1,1-DIFLUOROETANO (GAS REFRIGERANTE R 152A)",MERCANCIAS VARIAS,2010-05-25,PELIGROSA,ADMINISTRADOR
1640,1032,DIMETILAMINA ANHIDRA,MERCANCIAS VARIAS,2010-05-25,PELIGROSA,ADMINISTRADOR
1641,1033,ITER METMLICO,MERCANCIAS VARIAS,2010-05-25,PELIGROSA,ADMINISTRADOR
1642,1035,ETANO,MERCANCIAS VARIAS,2010-05-25,PELIGROSA,ADMINISTRADOR
1643,1036,ETILAMINA,MERCANCIAS VARIAS,2010-05-25,PELIGROSA,ADMINISTRADOR
1644,1037,CLORURO DE ETILO,MERCANCIAS VARIAS,2010-05-25,PELIGROSA,ADMINISTRADOR
1645,1038,ETILENO LMQUIDO REFRIGERADO,MERCANCIAS VARIAS,2010-05-25,PELIGROSA,ADMINISTRADOR
1646,1039,ITER METILETMLICO,MERCANCIAS VARIAS,2010-05-25,PELIGROSA,ADMINISTRADOR
1647,1040,SXIDO DE ETILENO U SXIDO DE ETILENO CON NITRSGENO HASTA UNA PRESISN TOTAL DE 1 MPA (10 BAR) A 50 0C,MERCANCIAS VARIAS,2010-05-25,PELIGROSA,ADMINISTRADOR
1648,1041,MEZCLA DE SXIDO DE ETILENO Y DISXIDO DE CARBONO QUE CONTENGA MAS DEL 9% PERO NO MAS DEL 87% DE SXIDO DE ETILENO,MERCANCIAS VARIAS,2010-05-25,PELIGROSA,ADMINISTRADOR
1649,3102,SOLUCISN AMONIACAL FERTILIZANTE QUE CONTIENE AMONMACO LIBRE,MERCANCIAS VARIAS,2010-05-25,PELIGROSA,ADMINISTRADOR
1650,203,EXTINTORES DE INCENDIOS QUE CONTIENEN GASES COMPRIMIDOS O LICUADOS,MERCANCIAS VARIAS,2010-05-25,PELIGROSA,ADMINISTRADOR
1651,1045,FLZOR COMPRIMIDO,MERCANCIAS VARIAS,2010-05-25,PELIGROSA,ADMINISTRADOR
1652,1046,HELIO COMPRIMIDO,MERCANCIAS VARIAS,2010-05-25,PELIGROSA,ADMINISTRADOR
1653,1048,BROMURO DE HIDRSGENO ANHIDRO,MERCANCIAS VARIAS,2010-05-25,PELIGROSA,ADMINISTRADOR
1654,1049,HIDRSGENO COMPRIMIDO,MERCANCIAS VARIAS,2010-05-25,PELIGROSA,ADMINISTRADOR
1655,1050,CLORURO DE HIDRSGENO ANHIDRO,MERCANCIAS VARIAS,2010-05-25,PELIGROSA,ADMINISTRADOR
1656,1051,CIANURO DE HIDRSGENO ANHIDRO ESTABILIZADO CON MENOS DEL 3% DE AGUA,MERCANCIAS VARIAS,2010-05-25,PELIGROSA,ADMINISTRADOR
1657,1052,FLUORURO DE HIDRSGENO ANHIDRO,MERCANCIAS VARIAS,2010-05-25,PELIGROSA,ADMINISTRADOR
1658,1053,SULFURO DE HIDRSGENO,MERCANCIAS VARIAS,2010-05-25,PELIGROSA,ADMINISTRADOR
1659,1055,ISOBUTILENO,MERCANCIAS VARIAS,2010-05-25,PELIGROSA,ADMINISTRADOR
1660,1056,CRIPTSN COMPRIMIDO,MERCANCIAS VARIAS,2010-05-25,PELIGROSA,ADMINISTRADOR
1661,1057,ENCENDEDORES O RECARGAS DE ENCENDEDORES QUE CONTIENEN GAS INFLAMABLE,MERCANCIAS VARIAS,2010-05-25,PELIGROSA,ADMINISTRADOR
1662,1058,"MEZCLAS DE GASES LICUADOS ININFLAMABLES CON NITRSGENO, DISXIDO DE CARBONO O AIRE",MERCANCIAS VARIAS,2010-05-25,PELIGROSA,ADMINISTRADOR
1663,1060,MEZCLA ESTABILIZADA DE METILACETILENO Y PROPADIENO,MERCANCIAS VARIAS,2010-05-25,PELIGROSA,ADMINISTRADOR
1664,1061,METILAMINA ANHIDRA,MERCANCIAS VARIAS,2010-05-25,PELIGROSA,ADMINISTRADOR
1665,1062,BROMURO DE METILO CON UN MAXIMO DEL 2% DE CLOROPICRINA,MERCANCIAS VARIAS,2010-05-25,PELIGROSA,ADMINISTRADOR
1666,1063,CLORURO DE METILO (GAS REFRIGERANTE R 40),MERCANCIAS VARIAS,2010-05-25,PELIGROSA,ADMINISTRADOR
1667,1064,METILMERCAPTANO,MERCANCIAS VARIAS,2010-05-25,PELIGROSA,ADMINISTRADOR
1668,1065,NESN COMPRIMIDO,MERCANCIAS VARIAS,2010-05-25,PELIGROSA,ADMINISTRADOR
1669,1066,NITRSGENO COMPRIMIDO,MERCANCIAS VARIAS,2010-05-25,PELIGROSA,ADMINISTRADOR
1670,1067,TETRSXIDO DE DINITRSGENO (DISXIDO DE NITRSGENO),MERCANCIAS VARIAS,2010-05-25,PELIGROSA,ADMINISTRADOR
1671,1069,CLORURO DE NITROSILO,MERCANCIAS VARIAS,2010-05-25,PELIGROSA,ADMINISTRADOR
1672,1070,SXIDO NITROSO,MERCANCIAS VARIAS,2010-05-25,PELIGROSA,ADMINISTRADOR
1673,1071,GAS DE PETRSLEO COMPRIMIDO,MERCANCIAS VARIAS,2010-05-25,PELIGROSA,ADMINISTRADOR
1674,1072,OXMGENO COMPRIMIDO,MERCANCIAS VARIAS,2010-05-25,PELIGROSA,ADMINISTRADOR
1675,1073,OXMGENO LMQUIDO REFRIGERADO,MERCANCIAS VARIAS,2010-05-25,PELIGROSA,ADMINISTRADOR
1676,1075,"GASES DE PETRSLEO, LICUADOS",MERCANCIAS VARIAS,2010-05-25,PELIGROSA,ADMINISTRADOR
1677,1076,FOSGENO,MERCANCIAS VARIAS,2010-05-25,PELIGROSA,ADMINISTRADOR
1678,1077,PROPILENO,MERCANCIAS VARIAS,2010-05-25,PELIGROSA,ADMINISTRADOR
1679,1078,"GAS REFRIGERANTE, N.E.P.",MERCANCIAS VARIAS,2010-05-25,PELIGROSA,ADMINISTRADOR
1680,1079,DISXIDO DE AZUFRE,MERCANCIAS VARIAS,2010-05-25,PELIGROSA,ADMINISTRADOR
1681,1080,HEXAFLUORURO DE AZUFRE,MERCANCIAS VARIAS,2010-05-25,PELIGROSA,ADMINISTRADOR
1682,1081,TETRAFLUOROETILENO ESTABILIZADO,MERCANCIAS VARIAS,2010-05-25,PELIGROSA,ADMINISTRADOR
1683,1082,TRIFLUOROCLOROETILENO ESTABILIZADO,MERCANCIAS VARIAS,2010-05-25,PELIGROSA,ADMINISTRADOR
1684,1083,TRIMETILAMINA ANHIDRA,MERCANCIAS VARIAS,2010-05-25,PELIGROSA,ADMINISTRADOR
1685,1085,BROMURO DE VINILO ESTABILIZADO,MERCANCIAS VARIAS,2010-05-25,PELIGROSA,ADMINISTRADOR
1686,1086,CLORURO DE VINILO ESTABILIZADO,MERCANCIAS VARIAS,2010-05-25,PELIGROSA,ADMINISTRADOR
1687,1087,VINIL METIL ITER ESTABILIZADO,MERCANCIAS VARIAS,2010-05-25,PELIGROSA,ADMINISTRADOR
1688,1088,ACETAL,MERCANCIAS VARIAS,2010-05-25,PELIGROSA,ADMINISTRADOR
1689,1089,ACETALDEHIDO,MERCANCIAS VARIAS,2010-05-25,PELIGROSA,ADMINISTRADOR
1690,1090,ACETONA,MERCANCIAS VARIAS,2010-05-25,PELIGROSA,ADMINISTRADOR
1691,1091,ACEITES DE ACETONA,MERCANCIAS VARIAS,2010-05-25,PELIGROSA,ADMINISTRADOR
1692,1092,ACROLEMNA ESTABILIZADA,MERCANCIAS VARIAS,2010-05-25,PELIGROSA,ADMINISTRADOR
1693,1093,ACRILONITRILO ESTABILIZADO,MERCANCIAS VARIAS,2010-05-25,PELIGROSA,ADMINISTRADOR
1694,1098,ALCOHOL ALMLICO,MERCANCIAS VARIAS,2010-05-25,PELIGROSA,ADMINISTRADOR
1695,1099,BROMURO DE ALILO,MERCANCIAS VARIAS,2010-05-25,PELIGROSA,ADMINISTRADOR
1696,1100,CLORURO DE ALILO,MERCANCIAS VARIAS,2010-05-25,PELIGROSA,ADMINISTRADOR
1697,1104,ACETATOS DE AMILO,MERCANCIAS VARIAS,2010-05-25,PELIGROSA,ADMINISTRADOR
1698,1105,PENTANOLES,MERCANCIAS VARIAS,2010-05-25,PELIGROSA,ADMINISTRADOR
1699,1106,AMILAMINA,MERCANCIAS VARIAS,2010-05-25,PELIGROSA,ADMINISTRADOR
1700,1107,CLORURO DE AMILO,MERCANCIAS VARIAS,2010-05-25,PELIGROSA,ADMINISTRADOR
1701,1108,1-PENTENO (N-AMILENO),MERCANCIAS VARIAS,2010-05-25,PELIGROSA,ADMINISTRADOR
1702,1109,FORMIATOS DE AMILO,MERCANCIAS VARIAS,2010-05-25,PELIGROSA,ADMINISTRADOR
1703,1110,N-AMILMETILCETONA,MERCANCIAS VARIAS,2010-05-25,PELIGROSA,ADMINISTRADOR
1704,1111,AMILMERCAPTANO,MERCANCIAS VARIAS,2010-05-25,PELIGROSA,ADMINISTRADOR
1705,1112,NITRATO DE AMILO,MERCANCIAS VARIAS,2010-05-25,PELIGROSA,ADMINISTRADOR
1706,1113,NITRITO DE AMILO,MERCANCIAS VARIAS,2010-05-25,PELIGROSA,ADMINISTRADOR
1707,1114,BENCENO,MERCANCIAS VARIAS,2010-05-25,PELIGROSA,ADMINISTRADOR
1708,1120,BUTANOLES,MERCANCIAS VARIAS,2010-05-25,PELIGROSA,ADMINISTRADOR
1709,1123,ACETATOS DE BUTILO,MERCANCIAS VARIAS,2010-05-25,PELIGROSA,ADMINISTRADOR
1710,1125,N-BUTILAMINA,MERCANCIAS VARIAS,2010-05-25,PELIGROSA,ADMINISTRADOR
1711,1126,1-BROMOBUTANO,MERCANCIAS VARIAS,2010-05-25,PELIGROSA,ADMINISTRADOR
1712,1127,CLOROBUTANOS,MERCANCIAS VARIAS,2010-05-25,PELIGROSA,ADMINISTRADOR
1713,1128,FORMIATO DE N-BUTILO,MERCANCIAS VARIAS,2010-05-25,PELIGROSA,ADMINISTRADOR
1714,1129,BUTIRALDEHIDO,MERCANCIAS VARIAS,2010-05-25,PELIGROSA,ADMINISTRADOR
1715,1130,ACEITE DE ALCANFOR,MERCANCIAS VARIAS,2010-05-25,PELIGROSA,ADMINISTRADOR
1716,1131,DISULFURO DE CARBONO,MERCANCIAS VARIAS,2010-05-25,PELIGROSA,ADMINISTRADOR
1717,3906,ADHESIVOS QUE CONTIENEN LIQUIDOS INFLAMABLES,MERCANCIAS VARIAS,2010-05-25,PELIGROSA,ADMINISTRADOR
1718,1134,CLOROBENCENO,MERCANCIAS VARIAS,2010-05-25,PELIGROSA,ADMINISTRADOR
1719,1135,ETILENCLORHIDRINA,MERCANCIAS VARIAS,2010-05-25,PELIGROSA,ADMINISTRADOR
1720,1136,"DESTILADOS DE ALQUITRAN DE HULLA, INFLAMABLES",MERCANCIAS VARIAS,2010-05-25,PELIGROSA,ADMINISTRADOR
1721,1139,"SOLUCIONES PARA REVESTIMIENTOS (COMPRENDE LOS TRATAMIENTOS DE SUPERFICIE O LOS REVESTIMIENTOS UTILIZADOS CON FINES INDUSTRIALES O DE OTRA MNDOLE COMO REVESTIMIENTO DE BAJOS DE VEHMCULOS, DE BIDONES O DE TONELES)",MERCANCIAS VARIAS,2010-05-25,PELIGROSA,ADMINISTRADOR
1722,1143,CROTONALDEHIDO O CROTONALDEHIDO ESTABILIZADO,MERCANCIAS VARIAS,2010-05-25,PELIGROSA,ADMINISTRADOR
1723,1144,CROTONILENO,MERCANCIAS VARIAS,2010-05-25,PELIGROSA,ADMINISTRADOR
1724,1145,CICLOHEXANO,MERCANCIAS VARIAS,2010-05-25,PELIGROSA,ADMINISTRADOR
1725,1146,CICLOPENTANO,MERCANCIAS VARIAS,2010-05-25,PELIGROSA,ADMINISTRADOR
1726,1147,DECAHIDRONAFTALENO,MERCANCIAS VARIAS,2010-05-25,PELIGROSA,ADMINISTRADOR
1727,1148,DIACETONALCOHOL,MERCANCIAS VARIAS,2010-05-25,PELIGROSA,ADMINISTRADOR
1728,1149,ITERES DIBUTMLICOS (ITERES BUTMLICOS),MERCANCIAS VARIAS,2010-05-25,PELIGROSA,ADMINISTRADOR
1729,1150,"1,2-DICLOROETILENO",MERCANCIAS VARIAS,2010-05-25,PELIGROSA,ADMINISTRADOR
1730,1152,DICLOROPENTANOS,MERCANCIAS VARIAS,2010-05-25,PELIGROSA,ADMINISTRADOR
1731,1153,ITER DIETMLICO DEL ETILENGLICOL,MERCANCIAS VARIAS,2010-05-25,PELIGROSA,ADMINISTRADOR
1732,1154,DIETILAMINA,MERCANCIAS VARIAS,2010-05-25,PELIGROSA,ADMINISTRADOR
1733,1155,ITER DIETMLICO (ITER ETMLICO),MERCANCIAS VARIAS,2010-05-25,PELIGROSA,ADMINISTRADOR
1734,1156,DIETILCETONA,MERCANCIAS VARIAS,2010-05-25,PELIGROSA,ADMINISTRADOR
1735,1157,DIISOBUTILCETONA,MERCANCIAS VARIAS,2010-05-25,PELIGROSA,ADMINISTRADOR
1736,1158,DIISOPROPILAMINA,MERCANCIAS VARIAS,2010-05-25,PELIGROSA,ADMINISTRADOR
1737,1159,ITER DIISOPROPMLICO,MERCANCIAS VARIAS,2010-05-25,PELIGROSA,ADMINISTRADOR
1738,1160,DIMETILAMINA EN SOLUCISN ACUOSA,MERCANCIAS VARIAS,2010-05-25,PELIGROSA,ADMINISTRADOR
1739,1161,CARBONATO DE METILO,MERCANCIAS VARIAS,2010-05-25,PELIGROSA,ADMINISTRADOR
1740,1162,DIMETILDICLOROSILANO,MERCANCIAS VARIAS,2010-05-25,PELIGROSA,ADMINISTRADOR
1741,1163,DIMETILHIDRAZINA ASIMITRICA,MERCANCIAS VARIAS,2010-05-25,PELIGROSA,ADMINISTRADOR
1742,1164,SULFURO DE METILO,MERCANCIAS VARIAS,2010-05-25,PELIGROSA,ADMINISTRADOR
1743,1165,DIOXANO,MERCANCIAS VARIAS,2010-05-25,PELIGROSA,ADMINISTRADOR
1744,1166,DIOXOLANO,MERCANCIAS VARIAS,2010-05-25,PELIGROSA,ADMINISTRADOR
1745,1167,ITER DIVINMLICO (ITER DIVINMLICO (ITER VINMLICO) ESTABILIZADO,MERCANCIAS VARIAS,2010-05-25,PELIGROSA,ADMINISTRADOR
1746,1169,EXTRACTOS AROMATICOS LMQUIDOS,MERCANCIAS VARIAS,2010-05-25,PELIGROSA,ADMINISTRADOR
1747,1170,ETANOL (ALCOHOL ETMLICO) O ETANOL EN SOLUCISN (ALCOHOL ETMLICO EN SOLUCISN),MERCANCIAS VARIAS,2010-05-25,PELIGROSA,ADMINISTRADOR
1748,1171,ITER MONOETMLICO DEL ETILENGLICOL,MERCANCIAS VARIAS,2010-05-25,PELIGROSA,ADMINISTRADOR
1749,1172,ACETATO DEL ITER MONOETMLICO DEL ETILENGLICOL,MERCANCIAS VARIAS,2010-05-25,PELIGROSA,ADMINISTRADOR
1750,29153100,ACETATO DE ETILO,MERCANCIAS VARIAS,2010-05-25,PELIGROSA,ADMINISTRADOR
1751,1175,ETILBENCENO (FENILETANO),MERCANCIAS VARIAS,2010-05-25,PELIGROSA,ADMINISTRADOR
1752,1176,BORATO DE ETILO,MERCANCIAS VARIAS,2010-05-25,PELIGROSA,ADMINISTRADOR
1753,1177,ACETATO DE 2-ETILBUTILO,MERCANCIAS VARIAS,2010-05-25,PELIGROSA,ADMINISTRADOR
1754,1178,2-ETILBUTIRALDEHIDO (DIETILACETALDEHIDO),MERCANCIAS VARIAS,2010-05-25,PELIGROSA,ADMINISTRADOR
1755,1179,ETIL BUTIL ITER,MERCANCIAS VARIAS,2010-05-25,PELIGROSA,ADMINISTRADOR
1756,1180,BUTIRATO DE ETILO,MERCANCIAS VARIAS,2010-05-25,PELIGROSA,ADMINISTRADOR
1757,1181,CLOROACETATO DE ETILO,MERCANCIAS VARIAS,2010-05-25,PELIGROSA,ADMINISTRADOR
1758,1182,CLOROFORMIATO DE ETILO,MERCANCIAS VARIAS,2010-05-25,PELIGROSA,ADMINISTRADOR
1759,1183,ETILDICLOROSILANO,MERCANCIAS VARIAS,2010-05-25,PELIGROSA,ADMINISTRADOR
1760,1184,DICLORURO DE ETILENO,MERCANCIAS VARIAS,2010-05-25,PELIGROSA,ADMINISTRADOR
1761,1185,ETILENIMINA (AZIRIDINA) ESTABILIZADA,MERCANCIAS VARIAS,2010-05-25,PELIGROSA,ADMINISTRADOR
1762,1188,ITER MONOMETMLICO DEL ETILENGLICOL,MERCANCIAS VARIAS,2010-05-25,PELIGROSA,ADMINISTRADOR
1763,1189,ACETATO DEL ITER MONOMETMLICO DEL ETILENGLICOL,MERCANCIAS VARIAS,2010-05-25,PELIGROSA,ADMINISTRADOR
1764,1190,FORMIATO DE ETILO,MERCANCIAS VARIAS,2010-05-25,PELIGROSA,ADMINISTRADOR
1765,1191,ALDEHIDOS OCTMLICOS,MERCANCIAS VARIAS,2010-05-25,PELIGROSA,ADMINISTRADOR
1766,1192,LACTATO DE ETILO,MERCANCIAS VARIAS,2010-05-25,PELIGROSA,ADMINISTRADOR
1767,1193,ETILMETILCETONA (METILETILCETONA),MERCANCIAS VARIAS,2010-05-25,PELIGROSA,ADMINISTRADOR
1768,1194,NITRITO DE ETILO EN SOLUCISN,MERCANCIAS VARIAS,2010-05-25,PELIGROSA,ADMINISTRADOR
1769,1195,PROPIONATO DE ETILO,MERCANCIAS VARIAS,2010-05-25,PELIGROSA,ADMINISTRADOR
1770,1196,ETILTRICLOROSILANO,MERCANCIAS VARIAS,2010-05-25,PELIGROSA,ADMINISTRADOR
1771,1197,EXTRACTOS SAPORMFEROS LMQUIDOS,MERCANCIAS VARIAS,2010-05-25,PELIGROSA,ADMINISTRADOR
1772,1198,FORMALDEHIDO EN SOLUCISN INFLAMABLE,MERCANCIAS VARIAS,2010-05-25,PELIGROSA,ADMINISTRADOR
1773,1199,FURALDEHIDOS,MERCANCIAS VARIAS,2010-05-25,PELIGROSA,ADMINISTRADOR
1774,1201,ACEITE DE FUSEL,MERCANCIAS VARIAS,2010-05-25,PELIGROSA,ADMINISTRADOR
1775,1202,"GASSLEO O COMBUSTIBLE PARA MOTORES DIESEL O ACEITE MINERAL PARA CALDEO, LIGERO",MERCANCIAS VARIAS,2010-05-25,PELIGROSA,ADMINISTRADOR
1776,1203,COMBUSTIBLE PARA MOTORES O GASOLINA,MERCANCIAS VARIAS,2010-05-25,PELIGROSA,ADMINISTRADOR
1777,1204,NITROGLICERINA EN SOLUCISN ALCOHSLICA CON UN MAXIMO DEL 1% DE NITROGLICERINA,MERCANCIAS VARIAS,2010-05-25,PELIGROSA,ADMINISTRADOR
1778,1206,HEPTANOS,MERCANCIAS VARIAS,2010-05-25,PELIGROSA,ADMINISTRADOR
1779,1207,HEXALDEHIDO (ALDEHIDO CAPROICO),MERCANCIAS VARIAS,2010-05-25,PELIGROSA,ADMINISTRADOR
1780,1208,HEXANOS,MERCANCIAS VARIAS,2010-05-25,PELIGROSA,ADMINISTRADOR
1781,1210,"TINTA DE IMPRENTA, INFLAMABLE O MATERIALES RELACIONADOS CON LA TINTA DE IMPRENTA (INCLUIDO DILUYENTE DE TINTA DE IMPRENTA O PRODUCTO REDUCTOR), INFLAMABLES",MERCANCIAS VARIAS,2010-05-25,PELIGROSA,ADMINISTRADOR
1782,1212,ISOBUTANOL (ALCOHOL ISOBUTMLICO),MERCANCIAS VARIAS,2010-05-25,PELIGROSA,ADMINISTRADOR
1783,1213,ACETATO DE ISOBUTILO,MERCANCIAS VARIAS,2010-05-25,PELIGROSA,ADMINISTRADOR
1784,1214,ISOBUTILAMINA,MERCANCIAS VARIAS,2010-05-25,PELIGROSA,ADMINISTRADOR
1785,1216,ISOOCTENOS,MERCANCIAS VARIAS,2010-05-25,PELIGROSA,ADMINISTRADOR
1786,1218,ISOPRENO ESTABILIZADO,MERCANCIAS VARIAS,2010-05-25,PELIGROSA,ADMINISTRADOR
1787,1219,ISOPROPANOL (ALCOHOL ISOPROPMLICO),MERCANCIAS VARIAS,2010-05-25,PELIGROSA,ADMINISTRADOR
1788,1220,ACETATO DE ISOPROPILO,MERCANCIAS VARIAS,2010-05-25,PELIGROSA,ADMINISTRADOR
1789,1221,ISOPROPILAMINA,MERCANCIAS VARIAS,2010-05-25,PELIGROSA,ADMINISTRADOR
1790,1222,NITRATO DE ISOPROPILO,MERCANCIAS VARIAS,2010-05-25,PELIGROSA,ADMINISTRADOR
1791,1223,QUEROSENO,MERCANCIAS VARIAS,2010-05-25,PELIGROSA,ADMINISTRADOR
1792,1224,"CETONAS LMQUIDAS, N.E.P.",MERCANCIAS VARIAS,2010-05-25,PELIGROSA,ADMINISTRADOR
1793,1228,"MERCAPTANOS LMQUIDOS, INFLAMABLES, TSXICOS, N.E.P. O MEZCLA DE MERCAPTANOS LMQUIDOS, INFLAMABLES, TSXICOS, N.E.P.",MERCANCIAS VARIAS,2010-05-25,PELIGROSA,ADMINISTRADOR
1794,1229,SXIDO DE MESITILO,MERCANCIAS VARIAS,2010-05-25,PELIGROSA,ADMINISTRADOR
1795,1230,METANOL,MERCANCIAS VARIAS,2010-05-25,PELIGROSA,ADMINISTRADOR
1796,1231,ACETATO DE METILO,MERCANCIAS VARIAS,2010-05-25,PELIGROSA,ADMINISTRADOR
1797,1233,ACETATO DE METILAMILO,MERCANCIAS VARIAS,2010-05-25,PELIGROSA,ADMINISTRADOR
1798,1234,METILAL (DIMETOXIMETANO. FORMAL),MERCANCIAS VARIAS,2010-05-25,PELIGROSA,ADMINISTRADOR
1799,1235,METILAMINA EN SOLUCISN ACUOSA,MERCANCIAS VARIAS,2010-05-25,PELIGROSA,ADMINISTRADOR
1800,1237,BUTIRATO DE METILO,MERCANCIAS VARIAS,2010-05-25,PELIGROSA,ADMINISTRADOR
1801,1238,CLOROFORMIATO DE METILO,MERCANCIAS VARIAS,2010-05-25,PELIGROSA,ADMINISTRADOR
1802,1239,METIL CLOROMETIL ITER,MERCANCIAS VARIAS,2010-05-25,PELIGROSA,ADMINISTRADOR
1803,1242,METILDICLOROSILANO,MERCANCIAS VARIAS,2010-05-25,PELIGROSA,ADMINISTRADOR
1804,1243,FORMIATO DE METILO,MERCANCIAS VARIAS,2010-05-25,PELIGROSA,ADMINISTRADOR
1805,1244,METILHIDRAZINA,MERCANCIAS VARIAS,2010-05-25,PELIGROSA,ADMINISTRADOR
1806,1245,METILISOBUTILCETONA,MERCANCIAS VARIAS,2010-05-25,PELIGROSA,ADMINISTRADOR
1807,1246,METILISOPROPENILCETONA ESTABILIZADA,MERCANCIAS VARIAS,2010-05-25,PELIGROSA,ADMINISTRADOR
1808,1247,METACRILATO DE METILO MONSMERO ESTABILIZADO,MERCANCIAS VARIAS,2010-05-25,PELIGROSA,ADMINISTRADOR
1809,1248,PROPIONATO DE METILO,MERCANCIAS VARIAS,2010-05-25,PELIGROSA,ADMINISTRADOR
1810,1249,METILPROPILCETONA,MERCANCIAS VARIAS,2010-05-25,PELIGROSA,ADMINISTRADOR
1811,1250,METILTRICLOROSILANO,MERCANCIAS VARIAS,2010-05-25,PELIGROSA,ADMINISTRADOR
1812,1251,"METILVINILCETONA, ESTABILIZADA",MERCANCIAS VARIAS,2010-05-25,PELIGROSA,ADMINISTRADOR
1813,1259,NMQUEL CARBONILO,MERCANCIAS VARIAS,2010-05-25,PELIGROSA,ADMINISTRADOR
1814,1261,NITROMETANO,MERCANCIAS VARIAS,2010-05-25,PELIGROSA,ADMINISTRADOR
1815,1262,OCTANOS,MERCANCIAS VARIAS,2010-05-25,PELIGROSA,ADMINISTRADOR
1816,3817,"PINTURA  (INCLUYE PINTURA, LACA, ESMALTE, COLORANTE, GOMA LACA, BARNIZ, ABRILLANTADOR, ENCAUSTICO Y BASE LMQUIDA PARA LACAS) O PRODUCTOS PARA PINTURA (INCLUYE SOLVENTES Y DILUYENTES PARA PINTURAS)",MERCANCIAS VARIAS,2010-05-25,NORMAL,ADMINISTRADOR
1817,1264,PARALDEHIDO,MERCANCIAS VARIAS,2010-05-25,PELIGROSA,ADMINISTRADOR
1818,1265,PENTANOS LMQUIDOS,MERCANCIAS VARIAS,2010-05-25,PELIGROSA,ADMINISTRADOR
1819,1266,PRODUCTOS DE PERFUMERMA QUE CONTENGAN DISOLVENTES INFLAMABLES,MERCANCIAS VARIAS,2010-05-25,PELIGROSA,ADMINISTRADOR
1820,1267,PETRSLEO BRUTO,MERCANCIAS VARIAS,2010-05-25,PELIGROSA,ADMINISTRADOR
1821,1268,"DESTILADOS DE PETRSLEO, N.E.P. O PRODUCTOS DE PETRSLEO, N.E.P.",MERCANCIAS VARIAS,2010-05-25,PELIGROSA,ADMINISTRADOR
1822,1272,ACEITE DE PINO,MERCANCIAS VARIAS,2010-05-25,PELIGROSA,ADMINISTRADOR
1823,1274,N-PROPANOL (ALCOHOL PROPMLICO NORMAL),MERCANCIAS VARIAS,2010-05-25,PELIGROSA,ADMINISTRADOR
1824,1275,PROPIONALDEHIDO,MERCANCIAS VARIAS,2010-05-25,PELIGROSA,ADMINISTRADOR
1825,1276,ACETATO DE N-PROPILO,MERCANCIAS VARIAS,2010-05-25,PELIGROSA,ADMINISTRADOR
1826,1277,PROPILAMINA,MERCANCIAS VARIAS,2010-05-25,PELIGROSA,ADMINISTRADOR
1827,1278,1-CLOROPROPANO,MERCANCIAS VARIAS,2010-05-25,PELIGROSA,ADMINISTRADOR
1828,1279,"1,2-DICLOROPROPANO",MERCANCIAS VARIAS,2010-05-25,PELIGROSA,ADMINISTRADOR
1829,1280,SXIDO DE PROPILENO,MERCANCIAS VARIAS,2010-05-25,PELIGROSA,ADMINISTRADOR
1830,1281,FORMIATOS DE PROPILO,MERCANCIAS VARIAS,2010-05-25,PELIGROSA,ADMINISTRADOR
1831,1282,PIRIDINA,MERCANCIAS VARIAS,2010-05-25,PELIGROSA,ADMINISTRADOR
1832,1286,ACEITE DE COLOFONIA,MERCANCIAS VARIAS,2010-05-25,PELIGROSA,ADMINISTRADOR
1833,1287,DISOLUCISN DE CAUCHO,MERCANCIAS VARIAS,2010-05-25,PELIGROSA,ADMINISTRADOR
1834,1288,ACEITE DE ESQUISTO,MERCANCIAS VARIAS,2010-05-25,PELIGROSA,ADMINISTRADOR
1835,1289,METILATO SSDICO EN SOLUCISN ALCOHSLICA,MERCANCIAS VARIAS,2010-05-25,PELIGROSA,ADMINISTRADOR
1836,1292,SILICATO DE TETRAETILO,MERCANCIAS VARIAS,2010-05-25,PELIGROSA,ADMINISTRADOR
1837,1293,TINTURAS MEDICINALES,MERCANCIAS VARIAS,2010-05-25,PELIGROSA,ADMINISTRADOR
1838,1294,TOLUENO,MERCANCIAS VARIAS,2010-05-25,PELIGROSA,ADMINISTRADOR
1839,1295,TRICLOROSILANO,MERCANCIAS VARIAS,2010-05-25,PELIGROSA,ADMINISTRADOR
1840,1296,TRIETILAMINA,MERCANCIAS VARIAS,2010-05-25,PELIGROSA,ADMINISTRADOR
1841,1297,"TRIMETILAMINA EN SOLUCISN ACUOSA, CON UN MAXIMO DEL 50%, EN MASA, DE TRIMETILAMINA",MERCANCIAS VARIAS,2010-05-25,PELIGROSA,ADMINISTRADOR
1842,1298,TRIMETILCLOROSILANO,MERCANCIAS VARIAS,2010-05-25,PELIGROSA,ADMINISTRADOR
1843,1299,TREMENTINA,MERCANCIAS VARIAS,2010-05-25,PELIGROSA,ADMINISTRADOR
1844,1300,SUCEDANEO DE TREMENTINA,MERCANCIAS VARIAS,2010-05-25,PELIGROSA,ADMINISTRADOR
1845,1301,ACETATO DE VINILO ESTABILIZADO,MERCANCIAS VARIAS,2010-05-25,PELIGROSA,ADMINISTRADOR
1846,1302,VINIL ETIL ITER ESTABILIZADO,MERCANCIAS VARIAS,2010-05-25,PELIGROSA,ADMINISTRADOR
1847,1303,CLORURO DE VINILIDENO ESTABILIZADO,MERCANCIAS VARIAS,2010-05-25,PELIGROSA,ADMINISTRADOR
1848,1304,VINIL ISOBUTIL ITER ESTABILIZADO,MERCANCIAS VARIAS,2010-05-25,PELIGROSA,ADMINISTRADOR
1849,1305,VINILTRICLOROSILANO,MERCANCIAS VARIAS,2010-05-25,PELIGROSA,ADMINISTRADOR
1850,1306,PRODUCTOS LMQUIDOS PARA LA CONSERVACISN DE LA MADERA,MERCANCIAS VARIAS,2010-05-25,PELIGROSA,ADMINISTRADOR
1851,1307,XILENOS,MERCANCIAS VARIAS,2010-05-25,PELIGROSA,ADMINISTRADOR
1852,1308,CIRCONIO EN SUSPENSISN EN UN LMQUIDO INFLAMABLE,MERCANCIAS VARIAS,2010-05-25,PELIGROSA,ADMINISTRADOR
1853,1309,"ALUMINIO EN POLVO, RECUBIERTO",MERCANCIAS VARIAS,2010-05-25,PELIGROSA,ADMINISTRADOR
1854,1310,"PICRATO AMSNICO HUMIDIFICADO CON UN MMNIMO DEL 10%, EN MASA, DE AGUA",MERCANCIAS VARIAS,2010-05-25,PELIGROSA,ADMINISTRADOR
1855,1312,BORNEOL,MERCANCIAS VARIAS,2010-05-25,PELIGROSA,ADMINISTRADOR
1856,1313,RESINATO CALCICO,MERCANCIAS VARIAS,2010-05-25,PELIGROSA,ADMINISTRADOR
1857,1314,RESINATO CALCICO FUNDIDO,MERCANCIAS VARIAS,2010-05-25,PELIGROSA,ADMINISTRADOR
1858,1318,"RESINATO DE COBALTO, PRECIPITADO",MERCANCIAS VARIAS,2010-05-25,PELIGROSA,ADMINISTRADOR
1859,1320,"DINITROFENOL HUMIDIFICADO CON UN MMNIMO DEL 15%, EN MASA, DE AGUA",MERCANCIAS VARIAS,2010-05-25,PELIGROSA,ADMINISTRADOR
1860,1321,"DINITROFENOLATOS HUMIDIFICADOS CON UN MMNIMO DEL 15%, EN MASA, DE AGUA",MERCANCIAS VARIAS,2010-05-25,PELIGROSA,ADMINISTRADOR
1861,1322,"DINITRORRESORCINOL (DINITRORRESORCINA) HUMIDIFICADO CON UN MMNIMO DEL 15%, EN MASA, DE AGUA",MERCANCIAS VARIAS,2010-05-25,PELIGROSA,ADMINISTRADOR
1862,1323,FERROCERIO,MERCANCIAS VARIAS,2010-05-25,PELIGROSA,ADMINISTRADOR
1863,1324,"PELMCULAS DE SOPORTE NITROCELULSSICO REVESTIDO DE GELATINA, CON EXCLUSISN DE LOS DESECHOS",MERCANCIAS VARIAS,2010-05-25,PELIGROSA,ADMINISTRADOR
1864,1325,"SSLIDO INFLAMABLE ORGANICO, N.E.P.",MERCANCIAS VARIAS,2010-05-25,PELIGROSA,ADMINISTRADOR
1865,1326,"HAFNIO EN POLVO, HUMIDIFICADO CON UN MMNIMO DEL 25% DE AGUA (DEBE HABER UN EXCESO VISIBLE DE AGUA): A) PRODUCIDO MECANICAMENTE, EN PARTMCULAS DE MENOS DE 53 MICRONES. B) PRODUCIDO QUMMICAMENTE, EN PARTMCULAS DE MENOS DE 840 MICRONES",MERCANCIAS VARIAS,2010-05-25,PELIGROSA,ADMINISTRADOR
1866,1327,"HENO, PAJA O BUSHA (TAMO)",MERCANCIAS VARIAS,2010-05-25,PELIGROSA,ADMINISTRADOR
1867,1328,HEXAMETILENOTETRAMINA,MERCANCIAS VARIAS,2010-05-25,PELIGROSA,ADMINISTRADOR
1868,1330,RESINATO DE MANGANESO,MERCANCIAS VARIAS,2010-05-25,PELIGROSA,ADMINISTRADOR
1869,1331,FSSFOROS DISTINTOS DE LOS DE SEGURIDAD,MERCANCIAS VARIAS,2010-05-25,PELIGROSA,ADMINISTRADOR
1870,1332,METALDEHIDO,MERCANCIAS VARIAS,2010-05-25,PELIGROSA,ADMINISTRADOR
1871,1333,"CERIO, EN PLACAS, LINGOTES O BARRAS",MERCANCIAS VARIAS,2010-05-25,PELIGROSA,ADMINISTRADOR
1872,1334,NAFTALENO BRUTO O NAFTALENO REFINADO,MERCANCIAS VARIAS,2010-05-25,PELIGROSA,ADMINISTRADOR
1873,1336,"NITROGUANIDINA (PICRITA) HUMIDIFICADA CON UN MMNIMO DEL 20%, EN MASA, DE AGUA",MERCANCIAS VARIAS,2010-05-25,PELIGROSA,ADMINISTRADOR
1874,1337,"NITROALMIDSN HUMIDIFICADO CON UN MMNIMO DEL 20%, EN MASA, DE AGUA",MERCANCIAS VARIAS,2010-05-25,PELIGROSA,ADMINISTRADOR
1875,1338,FSSFORO AMORFO,MERCANCIAS VARIAS,2010-05-25,PELIGROSA,ADMINISTRADOR
1876,1339,"HEPTASULFURO DE FSSFORO, QUE NO CONTENGA FSSFORO BLANCO O AMARILLO",MERCANCIAS VARIAS,2010-05-25,PELIGROSA,ADMINISTRADOR
1877,1340,"PENTASULFURO DE FSSFORO, QUE NO CONTENGA FSSFORO BLANCO O AMARILLO",MERCANCIAS VARIAS,2010-05-25,PELIGROSA,ADMINISTRADOR
1878,1341,"SESQUISULFURO DE FSSFORO, QUE NO CONTENGA FSSFORO BLANCO O AMARILLO",MERCANCIAS VARIAS,2010-05-25,PELIGROSA,ADMINISTRADOR
1879,1343,"TRISULFURO DE FSSFORO, QUE NO CONTENGA FSSFORO BLANCO O AMARILLO",MERCANCIAS VARIAS,2010-05-25,PELIGROSA,ADMINISTRADOR
1880,1344,"TRINITROFENOL HUMIDIFICADO CON UN MMNIMO DEL 30%, EN MASA, DE AGUA",MERCANCIAS VARIAS,2010-05-25,PELIGROSA,ADMINISTRADOR
1881,1345,"DESECHOS DE CAUCHO O RECORTES DE CAUCHO, EN POLVO O EN GRANULOS DE 840 MICRONES COMO MAXIMO Y QUE CONTIENEN MAS DEL 45% DE CAUCHO",MERCANCIAS VARIAS,2010-05-25,PELIGROSA,ADMINISTRADOR
1882,1346,"SILICIO EN POLVO, AMORFO",MERCANCIAS VARIAS,2010-05-25,PELIGROSA,ADMINISTRADOR
1883,1347,"PICRATO DE PLATA HUMIDIFICADO CON UN MMNIMO DEL 30%, EN MASA, DE AGUA",MERCANCIAS VARIAS,2010-05-25,PELIGROSA,ADMINISTRADOR
1884,1348,"DINITRO-O-CRESOLATO SSDICO HUMIDIFICADO CON UN MMNIMO DEL 15%, EN MASA, DE AGUA",MERCANCIAS VARIAS,2010-05-25,PELIGROSA,ADMINISTRADOR
1885,1349,"PICRAMATO SSDICO HUMIDIFICADO CON UN MMNIMO DEL 20%, EN MASA, DE AGUA",MERCANCIAS VARIAS,2010-05-25,PELIGROSA,ADMINISTRADOR
1886,1350,AZUFRE,MERCANCIAS VARIAS,2010-05-25,PELIGROSA,ADMINISTRADOR
1887,1352,"TITANIO EN POLVO, HUMIDIFICADO CON UN MMNIMO DEL 25% DE AGUA (DEBE HABER UN EXCESO VISIBLE DE AGUA): A) PRODUCIDO MECANICAMENTE, EN PARTMCULAS DE MENOS DE 53 MICRONES. B) PRODUCIDO QUMMICAMENTE, EN PARTMCULAS DE MENOS DE 840 MICRONES",MERCANCIAS VARIAS,2010-05-25,PELIGROSA,ADMINISTRADOR
1888,1353,"FIBRAS O TEJIDOS IMPREGNADOS DE NITROCELULOSA POCO NITRADA, N.E.P.",MERCANCIAS VARIAS,2010-05-25,PELIGROSA,ADMINISTRADOR
1889,1354,"TRINITROBENCENO HUMIDIFICADO CON UN MMNIMO DEL 30%, EN MASA, DE AGUA",MERCANCIAS VARIAS,2010-05-25,PELIGROSA,ADMINISTRADOR
1890,1355,"ACIDO TRINITROBENZOICO HUMIDIFICADO CON UN MMNIMO DEL 30%, EN MASA, DE AGUA",MERCANCIAS VARIAS,2010-05-25,PELIGROSA,ADMINISTRADOR
1891,1356,"TRINITROTOLUENO (TNT) HUMIDIFICADO CON UN MMNIMO DEL 30%, EN MASA, DE AGUA",MERCANCIAS VARIAS,2010-05-25,PELIGROSA,ADMINISTRADOR
1892,1357,"NITRATO DE UREA HUMIDIFICADO CON UN MMNIMO DEL 20%, EN MASA, DE AGUA",MERCANCIAS VARIAS,2010-05-25,PELIGROSA,ADMINISTRADOR
1893,1358,"CIRCONIO EN POLVO, HUMIDIFICADO CON UN MMNIMO DEL 25% DE AGUA (DEBE HABER UN EXCESO VISIBLE DE AGUA): A) PRODUCIDO MECANICAMENTE, EN PARTMCULAS DE MENOS DE 53 MICRONES. B) PRODUCIDO QUMMICAMENTE, EN PARTMCULAS DE MENOS DE 840 MICRONES",MERCANCIAS VARIAS,2010-05-25,PELIGROSA,ADMINISTRADOR
1894,1360,FOSFURO CALCICO,MERCANCIAS VARIAS,2010-05-25,PELIGROSA,ADMINISTRADOR
1895,1361,CARBSN ANIMAL O VEGETAL,MERCANCIAS VARIAS,2010-05-25,PELIGROSA,ADMINISTRADOR
1896,1362,CARBSN ACTIVADO,MERCANCIAS VARIAS,2010-05-25,PELIGROSA,ADMINISTRADOR
1897,1363,NO UTILIZAR,MERCANCIAS VARIAS,2010-05-25,PELIGROSA,ADMINISTRADOR
1898,1364,DESECHOS GRASIENTOS DE ALGODSN,MERCANCIAS VARIAS,2010-05-25,PELIGROSA,ADMINISTRADOR
1899,1365,ALGODSN HZMEDO,MERCANCIAS VARIAS,2010-05-25,PELIGROSA,ADMINISTRADOR
1900,1366,DIETILCINC,MERCANCIAS VARIAS,2010-05-25,PELIGROSA,ADMINISTRADOR
1901,1369,P-NITROSO-DIMETILANILINA,MERCANCIAS VARIAS,2010-05-25,PELIGROSA,ADMINISTRADOR
1902,1370,DIMETILCINC,MERCANCIAS VARIAS,2010-05-25,PELIGROSA,ADMINISTRADOR
1903,1372,"FIBRAS DE ORIGEN  ANIMAL O FIBRAS DE ORIGEN VEGETAL QUEMADAS, HZMEDAS O MOJADAS",MERCANCIAS VARIAS,2010-05-25,PELIGROSA,ADMINISTRADOR
1904,1373,"FIBRAS O TEJIDOS DE ORIGEN ANIMAL O VEGETAL O SINTITICOS, N.E.P., IMPREGNADOS DE ACEITE",MERCANCIAS VARIAS,2010-05-25,PELIGROSA,ADMINISTRADOR
1905,1374,HARINA DE PESCADO (DESECHOS DE PESCADO) NO ESTABILIZADA,MERCANCIAS VARIAS,2010-05-25,PELIGROSA,ADMINISTRADOR
1906,1376,SXIDO DE HIERRO AGOTADO O HIERRO ESPONJOSO AGOTADO PROCEDENTES DE LA PURIFICACISN DEL GAS DE HULLA,MERCANCIAS VARIAS,2010-05-25,PELIGROSA,ADMINISTRADOR
1907,1378,CATALIZADOR DE METAL HUMEDECIDO CON UN EXCESO VISIBLE DE LMQUIDO,MERCANCIAS VARIAS,2010-05-25,PELIGROSA,ADMINISTRADOR
1908,203,"PAPEL TRATADO CON ACEITES NO SATURADOS, INCOMPLETAMENTE SECO (INCLUSO EL PAPEL CARBSN)",MERCANCIAS VARIAS,2010-05-25,PELIGROSA,ADMINISTRADOR
1909,1380,PENTABORANO,MERCANCIAS VARIAS,2010-05-25,PELIGROSA,ADMINISTRADOR
1910,1381,"FSSFORO BLANCO O AMARILLO, SECO O BAJO AGUA O EN SOLUCISN",MERCANCIAS VARIAS,2010-05-25,PELIGROSA,ADMINISTRADOR
1911,1382,SULFURO POTASICO ANHIDRO O SULFURO POTASICO CON MENOS DEL 30% DE AGUA DE CRISTALIZACISN,MERCANCIAS VARIAS,2010-05-25,PELIGROSA,ADMINISTRADOR
1912,1383,"METAL PIROFSRICO, N.E.P., O ALEACISN PIROFSRICA, N.E.P.",MERCANCIAS VARIAS,2010-05-25,PELIGROSA,ADMINISTRADOR
1913,1384,DITIONITO SSDICO (HIDROSULFITO SSDICO),MERCANCIAS VARIAS,2010-05-25,PELIGROSA,ADMINISTRADOR
1914,1385,SULFURO SSDICO ANHIDRO O SULFURO SSDICO CON MENOS DEL 30% DE AGUA DE CRISTALIZACISN,MERCANCIAS VARIAS,2010-05-25,PELIGROSA,ADMINISTRADOR
1915,1386,"TORTA OLEAGINOSA CON MAS DEL 1,5% DE ACEITE Y UN MAXIMO DEL 11% DE HUMEDAD",MERCANCIAS VARIAS,2010-05-25,PELIGROSA,ADMINISTRADOR
1916,1387,"DESECHOS DE LANA, HZMEDOS",MERCANCIAS VARIAS,2010-05-25,PELIGROSA,ADMINISTRADOR
1917,1389,"METALES ALCALINOS, AMALGAMA LMQUIDA DE,",MERCANCIAS VARIAS,2010-05-25,PELIGROSA,ADMINISTRADOR
1918,1390,AMIDAS DE METALES ALCALINOS,MERCANCIAS VARIAS,2010-05-25,PELIGROSA,ADMINISTRADOR
1919,1391,"METALES ALCALINOS, DISPERSISN DE, O METALES ALCALINOTIRREOS, DISPERSISN DE",MERCANCIAS VARIAS,2010-05-25,PELIGROSA,ADMINISTRADOR
1920,1392,"METALES ALCALINOTIRREOS, AMALGAMA LMQUIDA DE",MERCANCIAS VARIAS,2010-05-25,PELIGROSA,ADMINISTRADOR
1921,1393,"METALES ALCALINOTIRREOS, ALEACISN DE, N.E.P.",MERCANCIAS VARIAS,2010-05-25,PELIGROSA,ADMINISTRADOR
1922,1394,CARBURO ALUMMNICO,MERCANCIAS VARIAS,2010-05-25,PELIGROSA,ADMINISTRADOR
1923,1395,ALUMINIOFERROSILICIO EN POLVO,MERCANCIAS VARIAS,2010-05-25,PELIGROSA,ADMINISTRADOR
1924,1396,"ALUMINIO EN POLVO, NO RECUBIERTO",MERCANCIAS VARIAS,2010-05-25,PELIGROSA,ADMINISTRADOR
1925,1397,FOSFURO ALUMMNICO,MERCANCIAS VARIAS,2010-05-25,PELIGROSA,ADMINISTRADOR
1926,1398,"ALUMINIOSILICIO EN POLVO, NO RECUBIERTO",MERCANCIAS VARIAS,2010-05-25,PELIGROSA,ADMINISTRADOR
1927,1400,BARIO,MERCANCIAS VARIAS,2010-05-25,PELIGROSA,ADMINISTRADOR
1928,1401,CALCIO,MERCANCIAS VARIAS,2010-05-25,PELIGROSA,ADMINISTRADOR
1929,1402,CARBURO CALCICO,MERCANCIAS VARIAS,2010-05-25,PELIGROSA,ADMINISTRADOR
1930,1639,"CIANAMIDA CALCICA CON MAS DEL 0,1% DE CARBURO DE CALCIO",MERCANCIAS VARIAS,2010-05-25,PELIGROSA,ADMINISTRADOR
1931,1404,HIDRURO CALCICO,MERCANCIAS VARIAS,2010-05-25,PELIGROSA,ADMINISTRADOR
1932,1405,SILICIURO CALCICO,MERCANCIAS VARIAS,2010-05-25,PELIGROSA,ADMINISTRADOR
1933,1407,CESIO,MERCANCIAS VARIAS,2010-05-25,PELIGROSA,ADMINISTRADOR
1934,1408,FERROSILICIO CON EL 30% O MAS PERO MENOS DEL 90% DE SILICIO,MERCANCIAS VARIAS,2010-05-25,PELIGROSA,ADMINISTRADOR
1935,1409,"HIDRUROS METALICOS QUE REACCIONAN CON EL AGUA, N.E.P.",MERCANCIAS VARIAS,2010-05-25,PELIGROSA,ADMINISTRADOR
1936,1410,HIDRURO DE LITIO Y ALUMINIO,MERCANCIAS VARIAS,2010-05-25,PELIGROSA,ADMINISTRADOR
1937,1411,HIDRURO ITEREO DE LITIO Y ALUMINIO,MERCANCIAS VARIAS,2010-05-25,PELIGROSA,ADMINISTRADOR
1938,1413,BOROHIDRURO DE LITIO,MERCANCIAS VARIAS,2010-05-25,PELIGROSA,ADMINISTRADOR
1939,1414,HIDRURO DE LITIO,MERCANCIAS VARIAS,2010-05-25,PELIGROSA,ADMINISTRADOR
1940,1415,LITIO,MERCANCIAS VARIAS,2010-05-25,PELIGROSA,ADMINISTRADOR
1941,1417,LITIOSILICIO,MERCANCIAS VARIAS,2010-05-25,PELIGROSA,ADMINISTRADOR
1942,1418,MAGNESIO EN POLVO O ALEACIONES DE MAGNESIO EN POLVO,MERCANCIAS VARIAS,2010-05-25,PELIGROSA,ADMINISTRADOR
1943,1419,FOSFURO DE MAGNESIO Y ALUMINIO,MERCANCIAS VARIAS,2010-05-25,PELIGROSA,ADMINISTRADOR
1944,1420,"POTASIO METALICO, ALEACIONES LMQUIDAS DE",MERCANCIAS VARIAS,2010-05-25,PELIGROSA,ADMINISTRADOR
1945,1421,"METALES ALCALINOS, ALEACISN LMQUIDA DE, N.E.P.",MERCANCIAS VARIAS,2010-05-25,PELIGROSA,ADMINISTRADOR
1946,1422,"POTASIO Y SODIO, ALEACIONES LMQUIDAS DE",MERCANCIAS VARIAS,2010-05-25,PELIGROSA,ADMINISTRADOR
1947,1423,RUBIDIO,MERCANCIAS VARIAS,2010-05-25,PELIGROSA,ADMINISTRADOR
1948,1426,BOROHIDRURO SSDICO,MERCANCIAS VARIAS,2010-05-25,PELIGROSA,ADMINISTRADOR
1949,1427,HIDRURO SSDICO,MERCANCIAS VARIAS,2010-05-25,PELIGROSA,ADMINISTRADOR
1950,1428,SODIO,MERCANCIAS VARIAS,2010-05-25,PELIGROSA,ADMINISTRADOR
1951,1431,METILATO SSDICO,MERCANCIAS VARIAS,2010-05-25,PELIGROSA,ADMINISTRADOR
1952,1432,FOSFURO SSDICO,MERCANCIAS VARIAS,2010-05-25,PELIGROSA,ADMINISTRADOR
1953,1433,FOSFUROS ESTANNICOS,MERCANCIAS VARIAS,2010-05-25,PELIGROSA,ADMINISTRADOR
1954,1435,"CINC, CENIZAS DE",MERCANCIAS VARIAS,2010-05-25,PELIGROSA,ADMINISTRADOR
1955,1436,CINC EN POLVO,MERCANCIAS VARIAS,2010-05-25,PELIGROSA,ADMINISTRADOR
1956,1437,HIDRURO DE CIRCONIO,MERCANCIAS VARIAS,2010-05-25,PELIGROSA,ADMINISTRADOR
1957,1438,NITRATO ALUMMNICO,MERCANCIAS VARIAS,2010-05-25,PELIGROSA,ADMINISTRADOR
1958,1439,DICROMATO AMSNICO,MERCANCIAS VARIAS,2010-05-25,PELIGROSA,ADMINISTRADOR
1959,1442,PERCLORATO AMSNICO,MERCANCIAS VARIAS,2010-05-25,PELIGROSA,ADMINISTRADOR
1960,1444,PERSULFATO AMSNICO,MERCANCIAS VARIAS,2010-05-25,PELIGROSA,ADMINISTRADOR
1961,1445,"CLORATO DE BARIO, SSLIDO",MERCANCIAS VARIAS,2010-05-25,PELIGROSA,ADMINISTRADOR
1962,1446,NITRATO DE BARIO,MERCANCIAS VARIAS,2010-05-25,PELIGROSA,ADMINISTRADOR
1963,1447,"PERCLORATO DE BARIO, SSLIDO",MERCANCIAS VARIAS,2010-05-25,PELIGROSA,ADMINISTRADOR
1964,1448,PERMANGANATO DE BARIO,MERCANCIAS VARIAS,2010-05-25,PELIGROSA,ADMINISTRADOR
1965,1449,PERSXIDO DE BARIO,MERCANCIAS VARIAS,2010-05-25,PELIGROSA,ADMINISTRADOR
1966,1450,"BROMATOS INORGANICOS, N.E.P.",MERCANCIAS VARIAS,2010-05-25,PELIGROSA,ADMINISTRADOR
1967,1451,NITRATO DE CESIO,MERCANCIAS VARIAS,2010-05-25,PELIGROSA,ADMINISTRADOR
1968,1452,CLORATO CALCICO,MERCANCIAS VARIAS,2010-05-25,PELIGROSA,ADMINISTRADOR
1969,1453,CLORITO CALCICO,MERCANCIAS VARIAS,2010-05-25,PELIGROSA,ADMINISTRADOR
1970,1454,NITRATO CALCICO,MERCANCIAS VARIAS,2010-05-25,PELIGROSA,ADMINISTRADOR
1971,1455,PERCLORATO CALCICO,MERCANCIAS VARIAS,2010-05-25,PELIGROSA,ADMINISTRADOR
1972,1456,PERMANGANATO CALCICO,MERCANCIAS VARIAS,2010-05-25,PELIGROSA,ADMINISTRADOR
1973,1457,PERSXIDO CALCICO,MERCANCIAS VARIAS,2010-05-25,PELIGROSA,ADMINISTRADOR
1974,1458,"CLORATO Y BORATO, MEZCLA DE",MERCANCIAS VARIAS,2010-05-25,PELIGROSA,ADMINISTRADOR
1975,2827,"CLORATO Y CLORURO DE MAGNESIO, MEZCLA SSLIDA DE",MERCANCIAS VARIAS,2010-05-25,PELIGROSA,ADMINISTRADOR
1976,1461,"CLORATOS INORGANICOS, N.E.P.",MERCANCIAS VARIAS,2010-05-25,PELIGROSA,ADMINISTRADOR
1977,1462,"CLORITOS INORGANICOS, N.E.P.",MERCANCIAS VARIAS,2010-05-25,PELIGROSA,ADMINISTRADOR
1978,1463,TRISXIDO DE CROMO ANHIDRO,MERCANCIAS VARIAS,2010-05-25,PELIGROSA,ADMINISTRADOR
1979,1465,NITRATO DE DIDIMIO,MERCANCIAS VARIAS,2010-05-25,PELIGROSA,ADMINISTRADOR
1980,1466,NITRATO FIRRICO,MERCANCIAS VARIAS,2010-05-25,PELIGROSA,ADMINISTRADOR
1981,1467,NITRATO DE GUANIDINA,MERCANCIAS VARIAS,2010-05-25,PELIGROSA,ADMINISTRADOR
1982,1469,NITRATO DE PLOMO,MERCANCIAS VARIAS,2010-05-25,PELIGROSA,ADMINISTRADOR
1983,1470,"PERCLORATO DE PLOMO, SSLIDO",MERCANCIAS VARIAS,2010-05-25,PELIGROSA,ADMINISTRADOR
1984,1471,"HIPOCLORITO DE LITIO, SECO, O MEZCLA DE HIPOCLORITO DE LITIO",MERCANCIAS VARIAS,2010-05-25,PELIGROSA,ADMINISTRADOR
1985,1472,PERSXIDO DE LITIO,MERCANCIAS VARIAS,2010-05-25,PELIGROSA,ADMINISTRADOR
1986,1473,BROMATO DE MAGNESIO,MERCANCIAS VARIAS,2010-05-25,PELIGROSA,ADMINISTRADOR
1987,1474,NITRATO DE MAGNESIO,MERCANCIAS VARIAS,2010-05-25,PELIGROSA,ADMINISTRADOR
1988,1475,PERCLORATO DE MAGNESIO,MERCANCIAS VARIAS,2010-05-25,PELIGROSA,ADMINISTRADOR
1989,1476,PERSXIDO DE MAGNESIO,MERCANCIAS VARIAS,2010-05-25,PELIGROSA,ADMINISTRADOR
1990,1477,"NITRATOS INORGANICOS, N.E.P.",MERCANCIAS VARIAS,2010-05-25,PELIGROSA,ADMINISTRADOR
1991,1479,"SSLIDO COMBURENTE, N.E.P.",MERCANCIAS VARIAS,2010-05-25,PELIGROSA,ADMINISTRADOR
1992,1481,"PERCLORATOS INORGANICOS, N.E.P.",MERCANCIAS VARIAS,2010-05-25,PELIGROSA,ADMINISTRADOR
1993,1482,"PERMANGANATOS INORGANICOS, N.E.P.",MERCANCIAS VARIAS,2010-05-25,PELIGROSA,ADMINISTRADOR
1994,1483,"PERSXIDOS INORGANICOS, N.E.P.",MERCANCIAS VARIAS,2010-05-25,PELIGROSA,ADMINISTRADOR
1995,1484,BROMATO POTASICO,MERCANCIAS VARIAS,2010-05-25,PELIGROSA,ADMINISTRADOR
1996,1485,CLORATO POTASICO,MERCANCIAS VARIAS,2010-05-25,PELIGROSA,ADMINISTRADOR
1997,1486,NITRATO POTASICO,MERCANCIAS VARIAS,2010-05-25,PELIGROSA,ADMINISTRADOR
1998,1487,MEZCLA DE NITRATO POTASICO Y NITRITO SSDICO,MERCANCIAS VARIAS,2010-05-25,PELIGROSA,ADMINISTRADOR
1999,1488,NITRITO POTASICO,MERCANCIAS VARIAS,2010-05-25,PELIGROSA,ADMINISTRADOR
2000,1489,PERCLORATO POTASICO,MERCANCIAS VARIAS,2010-05-25,PELIGROSA,ADMINISTRADOR
2001,1490,PERMANGANATO POTASICO,MERCANCIAS VARIAS,2010-05-25,PELIGROSA,ADMINISTRADOR
2002,1491,PERSXIDO POTASICO,MERCANCIAS VARIAS,2010-05-25,PELIGROSA,ADMINISTRADOR
2003,1492,PERSULFATO POTASICO,MERCANCIAS VARIAS,2010-05-25,PELIGROSA,ADMINISTRADOR
2004,1493,NITRATO DE PLATA,MERCANCIAS VARIAS,2010-05-25,PELIGROSA,ADMINISTRADOR
2005,1494,BROMATO SSDICO,MERCANCIAS VARIAS,2010-05-25,PELIGROSA,ADMINISTRADOR
2006,1495,CLORATO SSDICO,MERCANCIAS VARIAS,2010-05-25,PELIGROSA,ADMINISTRADOR
2007,1496,CLORITO SSDICO,MERCANCIAS VARIAS,2010-05-25,PELIGROSA,ADMINISTRADOR
2008,1498,NITRATO SSDICO,MERCANCIAS VARIAS,2010-05-25,PELIGROSA,ADMINISTRADOR
2009,1499,MEZCLA DE NITRATO SSDICO Y NITRATO POTASICO,MERCANCIAS VARIAS,2010-05-25,PELIGROSA,ADMINISTRADOR
2010,1500,NITRITO SSDICO,MERCANCIAS VARIAS,2010-05-25,PELIGROSA,ADMINISTRADOR
2011,1502,PERCLORATO SSDICO,MERCANCIAS VARIAS,2010-05-25,PELIGROSA,ADMINISTRADOR
2012,1503,PERMANGANATO SSDICO,MERCANCIAS VARIAS,2010-05-25,PELIGROSA,ADMINISTRADOR
2013,1504,PERSXIDO SSDICO,MERCANCIAS VARIAS,2010-05-25,PELIGROSA,ADMINISTRADOR
2014,1505,PERSULFATO SSDICO,MERCANCIAS VARIAS,2010-05-25,PELIGROSA,ADMINISTRADOR
2015,1506,CLORATO DE ESTRONCIO,MERCANCIAS VARIAS,2010-05-25,PELIGROSA,ADMINISTRADOR
2016,1507,NITRATO DE ESTRONCIO,MERCANCIAS VARIAS,2010-05-25,PELIGROSA,ADMINISTRADOR
2017,1508,PERCLORATO DE ESTRONCIO,MERCANCIAS VARIAS,2010-05-25,PELIGROSA,ADMINISTRADOR
2018,1509,PERSXIDO DE ESTRONCIO,MERCANCIAS VARIAS,2010-05-25,PELIGROSA,ADMINISTRADOR
2019,1510,TETRANITROMETANO,MERCANCIAS VARIAS,2010-05-25,PELIGROSA,ADMINISTRADOR
2020,1511,UREA-AGUA OXIGENADA,MERCANCIAS VARIAS,2010-05-25,PELIGROSA,ADMINISTRADOR
2021,1512,NITRITO DE CINC Y AMONIO,MERCANCIAS VARIAS,2010-05-25,PELIGROSA,ADMINISTRADOR
2022,1513,CLORATO DE CINC,MERCANCIAS VARIAS,2010-05-25,PELIGROSA,ADMINISTRADOR
2023,1514,NITRATO DE CINC,MERCANCIAS VARIAS,2010-05-25,PELIGROSA,ADMINISTRADOR
2024,1515,PERMANGANATO DE CINC,MERCANCIAS VARIAS,2010-05-25,PELIGROSA,ADMINISTRADOR
2025,1516,PERSXIDO DE CINC,MERCANCIAS VARIAS,2010-05-25,PELIGROSA,ADMINISTRADOR
2026,1517,"PICRAMATO DE CIRCONIO HUMIDIFICADO CON UN MMNIMO DEL 20%, EN MASA, DE AGUA",MERCANCIAS VARIAS,2010-05-25,PELIGROSA,ADMINISTRADOR
2027,1541,"CIANHIDRINA DE LA ACETONA, ESTABILIZADA",MERCANCIAS VARIAS,2010-05-25,PELIGROSA,ADMINISTRADOR
2028,1544,"ALCALOIDES SSLIDOS, N.E.P., O SALES DE ALCALOIDES, SSLIDAS, N.E.P.",MERCANCIAS VARIAS,2010-05-25,PELIGROSA,ADMINISTRADOR
2029,1545,ISOTIOCIANATO DE ALILO ESTABILIZADO,MERCANCIAS VARIAS,2010-05-25,PELIGROSA,ADMINISTRADOR
2030,1546,ARSENIATO AMSNICO,MERCANCIAS VARIAS,2010-05-25,PELIGROSA,ADMINISTRADOR
2031,1547,ANILINA,MERCANCIAS VARIAS,2010-05-25,PELIGROSA,ADMINISTRADOR
2032,1548,CLORHIDRATO DE ANILINA,MERCANCIAS VARIAS,2010-05-25,PELIGROSA,ADMINISTRADOR
2033,1549,"ANTIMONIO, COMPUESTO INORGANICO SSLIDO DE, N.E.P.",MERCANCIAS VARIAS,2010-05-25,PELIGROSA,ADMINISTRADOR
2034,1550,LACTATO DE ANTIMONIO,MERCANCIAS VARIAS,2010-05-25,PELIGROSA,ADMINISTRADOR
2035,1551,TARTRATO DE ANTIMONIO Y POTASIO,MERCANCIAS VARIAS,2010-05-25,PELIGROSA,ADMINISTRADOR
2036,1553,ACIDO ARSINICO LMQUIDO,MERCANCIAS VARIAS,2010-05-25,PELIGROSA,ADMINISTRADOR
2037,1554,ACIDO ARSINICO SSLIDO,MERCANCIAS VARIAS,2010-05-25,PELIGROSA,ADMINISTRADOR
2038,1555,BROMURO DE ARSINICO,MERCANCIAS VARIAS,2010-05-25,PELIGROSA,ADMINISTRADOR
2039,1556,"ARSINICO, COMPUESTO LMQUIDO DE, N.E.P., INORGANICO, EN PARTICULAR ARSENIATOS, N.E.P., ARSENITOS, N.E.P., SULFUROS DE ARSINICO, N.E.P., Y COMPUESTO ORGANICO DE ARSINICO, N.E.P.",MERCANCIAS VARIAS,2010-05-25,PELIGROSA,ADMINISTRADOR
2040,1557,"ARSINICO, COMPUESTO SSLIDO DE, N.E.P., INORGANICO, EN PARTICULAR ARSENIATOS N.E.P., ARSENITOS N.E.P., SULFUROS DE ARSINICO N.E.P. Y COMPUESTO ORGANICO DE ARSINICO N.E.P.",MERCANCIAS VARIAS,2010-05-25,PELIGROSA,ADMINISTRADOR
2041,1558,ARSINICO,MERCANCIAS VARIAS,2010-05-25,PELIGROSA,ADMINISTRADOR
2042,1559,PENTSXIDO DE ARSINICO,MERCANCIAS VARIAS,2010-05-25,PELIGROSA,ADMINISTRADOR
2043,1560,TRICLORURO DE ARSINICO,MERCANCIAS VARIAS,2010-05-25,PELIGROSA,ADMINISTRADOR
2044,1561,TRISXIDO DE ARSINICO,MERCANCIAS VARIAS,2010-05-25,PELIGROSA,ADMINISTRADOR
2045,1562,POLVO ARSENICAL,MERCANCIAS VARIAS,2010-05-25,PELIGROSA,ADMINISTRADOR
2046,1564,"BARIO, COMPUESTO DE, N.E.P.",MERCANCIAS VARIAS,2010-05-25,PELIGROSA,ADMINISTRADOR
2047,1565,CIANURO BARICO,MERCANCIAS VARIAS,2010-05-25,PELIGROSA,ADMINISTRADOR
2048,1566,"BERILIO, COMPUESTO DE, N.E.P.",MERCANCIAS VARIAS,2010-05-25,PELIGROSA,ADMINISTRADOR
2049,1567,BERILIO EN POLVO,MERCANCIAS VARIAS,2010-05-25,PELIGROSA,ADMINISTRADOR
2050,1569,BROMOACETONA,MERCANCIAS VARIAS,2010-05-25,PELIGROSA,ADMINISTRADOR
2051,1570,BRUCINA,MERCANCIAS VARIAS,2010-05-25,PELIGROSA,ADMINISTRADOR
2052,1571,"AZIDA DE BARIO HUMIDIFICADA CON UN MMNIMO DEL 50%, EN MASA, DE AGUA",MERCANCIAS VARIAS,2010-05-25,PELIGROSA,ADMINISTRADOR
2053,1572,ACIDO CACODMLICO,MERCANCIAS VARIAS,2010-05-25,PELIGROSA,ADMINISTRADOR
2054,1573,ARSENIATO CALCICO,MERCANCIAS VARIAS,2010-05-25,PELIGROSA,ADMINISTRADOR
2055,1574,"MEZCLAS DE ARSENIATO CALCICO Y ARSENITO CALCICO, SSLIDAS",MERCANCIAS VARIAS,2010-05-25,PELIGROSA,ADMINISTRADOR
2056,1575,CIANURO CALCICO,MERCANCIAS VARIAS,2010-05-25,PELIGROSA,ADMINISTRADOR
2057,1577,CLORODINITROBENCENOS LMQUIDOS,MERCANCIAS VARIAS,2010-05-25,PELIGROSA,ADMINISTRADOR
2058,1578,CLORONITROBENCENOS SSLIDOS,MERCANCIAS VARIAS,2010-05-25,PELIGROSA,ADMINISTRADOR
2059,1579,"CLORHIDRATO DE 4-CLORO-O-TOLUIDINA, SSLIDO",MERCANCIAS VARIAS,2010-05-25,PELIGROSA,ADMINISTRADOR
2060,1580,CLOROPICRINA,MERCANCIAS VARIAS,2010-05-25,PELIGROSA,ADMINISTRADOR
2061,1581,MEZCLA DE CLOROPICRINA Y BROMURO DE METILO CON MAS DEL 2% DE CLOROPICRINA,MERCANCIAS VARIAS,2010-05-25,PELIGROSA,ADMINISTRADOR
2062,1582,MEZCLA DE CLOROPICRINA Y CLORURO DE METILO,MERCANCIAS VARIAS,2010-05-25,PELIGROSA,ADMINISTRADOR
2063,1583,"MEZCLA DE CLOROPICRINA, N.E.P.",MERCANCIAS VARIAS,2010-05-25,PELIGROSA,ADMINISTRADOR
2064,1585,ACETOARSENITO DE COBRE,MERCANCIAS VARIAS,2010-05-25,PELIGROSA,ADMINISTRADOR
2065,1586,ARSENITO DE COBRE,MERCANCIAS VARIAS,2010-05-25,PELIGROSA,ADMINISTRADOR
2066,1587,CIANURO DE COBRE,MERCANCIAS VARIAS,2010-05-25,PELIGROSA,ADMINISTRADOR
2067,1588,"CIANUROS INORGANICOS, SSLIDOS, N.E.P.",MERCANCIAS VARIAS,2010-05-25,PELIGROSA,ADMINISTRADOR
2068,1589,CLORURO DE CIANSGENO ESTABILIZADO,MERCANCIAS VARIAS,2010-05-25,PELIGROSA,ADMINISTRADOR
2069,1590,DICLOROANILINAS LMQUIDAS,MERCANCIAS VARIAS,2010-05-25,PELIGROSA,ADMINISTRADOR
2070,1591,O-DICLOROBENCENO,MERCANCIAS VARIAS,2010-05-25,PELIGROSA,ADMINISTRADOR
2071,1593,DICLOROMETANO,MERCANCIAS VARIAS,2010-05-25,PELIGROSA,ADMINISTRADOR
2072,1594,SULFATO DE DIETILO,MERCANCIAS VARIAS,2010-05-25,PELIGROSA,ADMINISTRADOR
2073,1595,SULFATO DE DIMETILO,MERCANCIAS VARIAS,2010-05-25,PELIGROSA,ADMINISTRADOR
2074,1596,DINITROANILINAS,MERCANCIAS VARIAS,2010-05-25,PELIGROSA,ADMINISTRADOR
2075,1597,DINITROBENCENOS LMQUIDOS,MERCANCIAS VARIAS,2010-05-25,PELIGROSA,ADMINISTRADOR
2076,1598,DINITRO-O-CRESOL,MERCANCIAS VARIAS,2010-05-25,PELIGROSA,ADMINISTRADOR
2077,1599,DINITROFENOL EN SOLUCISN,MERCANCIAS VARIAS,2010-05-25,PELIGROSA,ADMINISTRADOR
2078,1600,DINITROTOLUENOS FUNDIDOS,MERCANCIAS VARIAS,2010-05-25,PELIGROSA,ADMINISTRADOR
2079,1601,"DESINFECTANTE SSLIDO, TSXICO, N.E.P.",MERCANCIAS VARIAS,2010-05-25,PELIGROSA,ADMINISTRADOR
2080,1602,"COLORANTE LMQUIDO, TSXICO, N.E.P. O MATERIA INTERMEDIA PARA COLORANTES, LMQUIDA, TSXICA, N.E.P.",MERCANCIAS VARIAS,2010-05-25,PELIGROSA,ADMINISTRADOR
2081,1603,BROMOACETATO DE ETILO,MERCANCIAS VARIAS,2010-05-25,PELIGROSA,ADMINISTRADOR
2082,1604,ETILENDIAMINA,MERCANCIAS VARIAS,2010-05-25,PELIGROSA,ADMINISTRADOR
2083,1605,DIBROMURO DE ETILENO,MERCANCIAS VARIAS,2010-05-25,PELIGROSA,ADMINISTRADOR
2084,1606,ARSENIATO FIRRICO,MERCANCIAS VARIAS,2010-05-25,PELIGROSA,ADMINISTRADOR
2085,1607,ARSENITO FIRRICO,MERCANCIAS VARIAS,2010-05-25,PELIGROSA,ADMINISTRADOR
2086,1608,ARSENIATO FERROSO,MERCANCIAS VARIAS,2010-05-25,PELIGROSA,ADMINISTRADOR
2087,1611,TETRAFOSFATO DE HEXAETILO,MERCANCIAS VARIAS,2010-05-25,PELIGROSA,ADMINISTRADOR
2088,1612,MEZCLA DE TETRAFOSFATO DE HEXAETILO Y GAS COMPRIMIDO,MERCANCIAS VARIAS,2010-05-25,PELIGROSA,ADMINISTRADOR
2089,1613,ACIDO CIANHMDRICO EN SOLUCISN ACUOSA (CIANURO DE HIDRSGENO EN SOLUCISN ACUOSA) CON NO MAS DEL 20% DE CIANURO DE HIDRSGENO,MERCANCIAS VARIAS,2010-05-25,PELIGROSA,ADMINISTRADOR
2090,1614,CIANURO DE HIDRSGENO ESTABILIZADO CON MENOS DEL 3% DE AGUA Y ABSORBIDO EN UNA MATERIA POROSA INERTE,MERCANCIAS VARIAS,2010-05-25,PELIGROSA,ADMINISTRADOR
2091,1616,ACETATO DE PLOMO,MERCANCIAS VARIAS,2010-05-25,PELIGROSA,ADMINISTRADOR
2092,1617,ARSENIATOS DE PLOMO,MERCANCIAS VARIAS,2010-05-25,PELIGROSA,ADMINISTRADOR
2093,1618,ARSENITOS DE PLOMO,MERCANCIAS VARIAS,2010-05-25,PELIGROSA,ADMINISTRADOR
2094,1620,CIANURO DE PLOMO,MERCANCIAS VARIAS,2010-05-25,PELIGROSA,ADMINISTRADOR
2095,1621,PZRPURA DE LONDRES,MERCANCIAS VARIAS,2010-05-25,PELIGROSA,ADMINISTRADOR
2096,1622,ARSENIATO MAGNISICO,MERCANCIAS VARIAS,2010-05-25,PELIGROSA,ADMINISTRADOR
2097,1623,ARSENIATO MERCZRICO,MERCANCIAS VARIAS,2010-05-25,PELIGROSA,ADMINISTRADOR
2098,1624,CLORURO MERCZRICO,MERCANCIAS VARIAS,2010-05-25,PELIGROSA,ADMINISTRADOR
2099,1625,NITRATO MERCZRICO,MERCANCIAS VARIAS,2010-05-25,PELIGROSA,ADMINISTRADOR
2100,1626,CIANURO DE MERCURIO Y POTASIO,MERCANCIAS VARIAS,2010-05-25,PELIGROSA,ADMINISTRADOR
2101,1627,NITRATO MERCURIOSO,MERCANCIAS VARIAS,2010-05-25,PELIGROSA,ADMINISTRADOR
2102,1629,ACETATO DE MERCURIO,MERCANCIAS VARIAS,2010-05-25,PELIGROSA,ADMINISTRADOR
2103,7487,CLORURO DE MERCURIO Y AMONIO,MERCANCIAS VARIAS,2010-05-25,PELIGROSA,ADMINISTRADOR
2104,1631,BENZOATO DE MERCURIO,MERCANCIAS VARIAS,2010-05-25,PELIGROSA,ADMINISTRADOR
2105,1634,BROMUROS DE MERCURIO,MERCANCIAS VARIAS,2010-05-25,PELIGROSA,ADMINISTRADOR
2106,1636,CIANURO DE MERCURIO,MERCANCIAS VARIAS,2010-05-25,PELIGROSA,ADMINISTRADOR
2107,1637,GLUCONATO DE MERCURIO,MERCANCIAS VARIAS,2010-05-25,PELIGROSA,ADMINISTRADOR
2108,1638,YODURO DE MERCURIO,MERCANCIAS VARIAS,2010-05-25,PELIGROSA,ADMINISTRADOR
2109,1639,NUCLEATO DE MERCURIO,MERCANCIAS VARIAS,2010-05-25,PELIGROSA,ADMINISTRADOR
2110,1640,OLEATO DE MERCURIO,MERCANCIAS VARIAS,2010-05-25,PELIGROSA,ADMINISTRADOR
2111,1641,SXIDO DE MERCURIO,MERCANCIAS VARIAS,2010-05-25,PELIGROSA,ADMINISTRADOR
2112,1642,"OXICIANURO DE MERCURIO, DESENSIBILIZADO",MERCANCIAS VARIAS,2010-05-25,PELIGROSA,ADMINISTRADOR
2113,1643,YODURO DE MERCURIO Y POTASIO,MERCANCIAS VARIAS,2010-05-25,PELIGROSA,ADMINISTRADOR
2114,1644,SALICILATO DE MERCURIO,MERCANCIAS VARIAS,2010-05-25,PELIGROSA,ADMINISTRADOR
2115,1645,SULFATO DE MERCURIO,MERCANCIAS VARIAS,2010-05-25,PELIGROSA,ADMINISTRADOR
2116,1646,TIOCIANATO DE MERCURIO,MERCANCIAS VARIAS,2010-05-25,PELIGROSA,ADMINISTRADOR
2117,1647,"MEZCLA DE BROMURO DE METILO Y DIBROMURO DE ETILENO, LMQUIDA",MERCANCIAS VARIAS,2010-05-25,PELIGROSA,ADMINISTRADOR
2118,1648,ACETONITRILO,MERCANCIAS VARIAS,2010-05-25,PELIGROSA,ADMINISTRADOR
2119,1649,MEZCLA ANTIDETONANTE PARA COMBUSTIBLES DE MOTORES,MERCANCIAS VARIAS,2010-05-25,PELIGROSA,ADMINISTRADOR
2120,1650,BETA-NAFTILAMINA SSLIDA,MERCANCIAS VARIAS,2010-05-25,PELIGROSA,ADMINISTRADOR
2121,1651,NAFTILTIOUREA,MERCANCIAS VARIAS,2010-05-25,PELIGROSA,ADMINISTRADOR
2122,1652,NAFTILUREA,MERCANCIAS VARIAS,2010-05-25,PELIGROSA,ADMINISTRADOR
2123,1653,CIANURO DE NMQUEL,MERCANCIAS VARIAS,2010-05-25,PELIGROSA,ADMINISTRADOR
2124,1654,NICOTINA,MERCANCIAS VARIAS,2010-05-25,PELIGROSA,ADMINISTRADOR
2125,1655,"NICOTINA, COMPUESTO SSLIDO DE, N.E.P., O PREPARADO SSLIDO A BASE DE NICOTINA, N.E.P.",MERCANCIAS VARIAS,2010-05-25,PELIGROSA,ADMINISTRADOR
2126,1656,"CLORHIDRATO DE NICOTINA, LMQUIDO O EN SOLUCISN",MERCANCIAS VARIAS,2010-05-25,PELIGROSA,ADMINISTRADOR
2127,1657,SALICILATO DE NICOTINA,MERCANCIAS VARIAS,2010-05-25,PELIGROSA,ADMINISTRADOR
2128,1658,"SULFATO DE NICOTINA, EN SOLUCISN",MERCANCIAS VARIAS,2010-05-25,PELIGROSA,ADMINISTRADOR
2129,1659,TARTRATO DE NICOTINA,MERCANCIAS VARIAS,2010-05-25,PELIGROSA,ADMINISTRADOR
2130,1660,SXIDO NMTRICO COMPRIMIDO,MERCANCIAS VARIAS,2010-05-25,PELIGROSA,ADMINISTRADOR
2131,1661,"NITROANILINAS (O-, M-, P-)",MERCANCIAS VARIAS,2010-05-25,PELIGROSA,ADMINISTRADOR
2132,1662,NITROBENCENO,MERCANCIAS VARIAS,2010-05-25,PELIGROSA,ADMINISTRADOR
2133,1663,"NITROFENOLES (O-, M-, P-)",MERCANCIAS VARIAS,2010-05-25,PELIGROSA,ADMINISTRADOR
2134,1664,NITROTOLUENOS LMQUIDOS,MERCANCIAS VARIAS,2010-05-25,PELIGROSA,ADMINISTRADOR
2135,1665,NITROXILENOS LMQUIDOS,MERCANCIAS VARIAS,2010-05-25,PELIGROSA,ADMINISTRADOR
2136,1669,PENTACLOROETANO,MERCANCIAS VARIAS,2010-05-25,PELIGROSA,ADMINISTRADOR
2137,1670,PERCLOROMETIL-MERCAPTANO,MERCANCIAS VARIAS,2010-05-25,PELIGROSA,ADMINISTRADOR
2138,1671,FENOL SSLIDO,MERCANCIAS VARIAS,2010-05-25,PELIGROSA,ADMINISTRADOR
2139,1672,CLORURO DE FENILCARBILAMINA,MERCANCIAS VARIAS,2010-05-25,PELIGROSA,ADMINISTRADOR
2140,1673,"FENILENDIAMINAS (O-, M-, P-)",MERCANCIAS VARIAS,2010-05-25,PELIGROSA,ADMINISTRADOR
2141,1674,ACETATO FENILMERCZRICO,MERCANCIAS VARIAS,2010-05-25,PELIGROSA,ADMINISTRADOR
2142,1677,ARSENIATO POTASICO,MERCANCIAS VARIAS,2010-05-25,PELIGROSA,ADMINISTRADOR
2143,1678,ARSENITO POTASICO,MERCANCIAS VARIAS,2010-05-25,PELIGROSA,ADMINISTRADOR
2144,1679,CUPROCIANURO POTASICO,MERCANCIAS VARIAS,2010-05-25,PELIGROSA,ADMINISTRADOR
2145,1680,CIANURO POTASICO SSLIDO,MERCANCIAS VARIAS,2010-05-25,PELIGROSA,ADMINISTRADOR
2146,1683,ARSENITO DE PLATA,MERCANCIAS VARIAS,2010-05-25,PELIGROSA,ADMINISTRADOR
2147,1684,CIANURO DE PLATA,MERCANCIAS VARIAS,2010-05-25,PELIGROSA,ADMINISTRADOR
2148,1685,ARSENIATO SSDICO,MERCANCIAS VARIAS,2010-05-25,PELIGROSA,ADMINISTRADOR
2149,1686,ARSENITO SSDICO EN SOLUCISN ACUOSA,MERCANCIAS VARIAS,2010-05-25,PELIGROSA,ADMINISTRADOR
2150,1687,AZIDA SSDICA,MERCANCIAS VARIAS,2010-05-25,PELIGROSA,ADMINISTRADOR
2151,1688,CACODILATO SSDICO,MERCANCIAS VARIAS,2010-05-25,PELIGROSA,ADMINISTRADOR
2152,1689,CIANURO SSDICO SSLIDO,MERCANCIAS VARIAS,2010-05-25,PELIGROSA,ADMINISTRADOR
2153,1690,FLUORURO SSDICO SSLIDO,MERCANCIAS VARIAS,2010-05-25,PELIGROSA,ADMINISTRADOR
2154,1691,ARSENITO DE ESTRONCIO,MERCANCIAS VARIAS,2010-05-25,PELIGROSA,ADMINISTRADOR
2155,1692,ESTRICNINA O SALES DE ESTRICNINA,MERCANCIAS VARIAS,2010-05-25,PELIGROSA,ADMINISTRADOR
2156,1693,"GASES LACRIMSGENOS, SUSTANCIA LMQUIDA PARA LA FABRICACISN DE, N.E.P.",MERCANCIAS VARIAS,2010-05-25,PELIGROSA,ADMINISTRADOR
2157,1694,CIANUROS DE BROMOBENCILO LMQUIDOS,MERCANCIAS VARIAS,2010-05-25,PELIGROSA,ADMINISTRADOR
2158,1695,CLOROACETONA ESTABILIZADA,MERCANCIAS VARIAS,2010-05-25,PELIGROSA,ADMINISTRADOR
2159,1697,CLOROACETOFENONA SSLIDA,MERCANCIAS VARIAS,2010-05-25,PELIGROSA,ADMINISTRADOR
2160,1698,DIFENILAMINOCLOROARSINA,MERCANCIAS VARIAS,2010-05-25,PELIGROSA,ADMINISTRADOR
2161,1699,DIFENILCLOROARSINA LMQUIDA,MERCANCIAS VARIAS,2010-05-25,PELIGROSA,ADMINISTRADOR
2162,1700,VELAS LACRIMSGENAS,MERCANCIAS VARIAS,2010-05-25,PELIGROSA,ADMINISTRADOR
2163,1701,"BROMURO DE XILILO, LMQUIDO",MERCANCIAS VARIAS,2010-05-25,PELIGROSA,ADMINISTRADOR
2164,3159,"1,1,2,2-TETRACLOROETANO",QUIMICOS,2010-05-25,PELIGROSA,ADMINISTRADOR
2165,1704,DITIOPIROFOSFATO DE TETRAETILO,MERCANCIAS VARIAS,2010-05-25,PELIGROSA,ADMINISTRADOR
2166,1707,"TALIO, COMPUESTO DE, N.E.P.",MERCANCIAS VARIAS,2010-05-25,PELIGROSA,ADMINISTRADOR
2167,1708,TOLUIDINAS LMQUIDAS,MERCANCIAS VARIAS,2010-05-25,PELIGROSA,ADMINISTRADOR
2168,1709,"TOLUILEN-2,4-DIAMINA SSLIDA",MERCANCIAS VARIAS,2010-05-25,PELIGROSA,ADMINISTRADOR
2169,1710,TRICLOROETILENO,MERCANCIAS VARIAS,2010-05-25,PELIGROSA,ADMINISTRADOR
2170,1711,XILIDINAS LMQUIDAS,MERCANCIAS VARIAS,2010-05-25,PELIGROSA,ADMINISTRADOR
2171,1712,"ARSENIATO DE CINC, ARSENITO DE CINC O MEZCLA DE ARSENIATO DE CINC Y ARSENITO DE CINC",MERCANCIAS VARIAS,2010-05-25,PELIGROSA,ADMINISTRADOR
2172,1713,CIANURO DE CINC,MERCANCIAS VARIAS,2010-05-25,PELIGROSA,ADMINISTRADOR
2173,1714,FOSFURO DE CINC,MERCANCIAS VARIAS,2010-05-25,PELIGROSA,ADMINISTRADOR
2174,1715,ANHMDRIDO ACITICO,MERCANCIAS VARIAS,2010-05-25,PELIGROSA,ADMINISTRADOR
2175,1716,BROMURO DE ACETILO,MERCANCIAS VARIAS,2010-05-25,PELIGROSA,ADMINISTRADOR
2176,1717,CLORURO DE ACETILO,MERCANCIAS VARIAS,2010-05-25,PELIGROSA,ADMINISTRADOR
2177,1718,FOSFATO ACIDO DE BUTILO,MERCANCIAS VARIAS,2010-05-25,PELIGROSA,ADMINISTRADOR
2178,1719,LMQUIDO ALCALINO CAZSTICO N.E.P.,MERCANCIAS VARIAS,2010-05-25,PELIGROSA,ADMINISTRADOR
2179,1722,CLOROFORMIATO DE ALILO,MERCANCIAS VARIAS,2010-05-25,PELIGROSA,ADMINISTRADOR
2180,1723,YODURO DE ALILO,MERCANCIAS VARIAS,2010-05-25,PELIGROSA,ADMINISTRADOR
2181,1724,ALILTRICLOROSILANO ESTABILIZADO,MERCANCIAS VARIAS,2010-05-25,PELIGROSA,ADMINISTRADOR
2182,1725,BROMURO DE ALUMINIO ANHIDRO,MERCANCIAS VARIAS,2010-05-25,PELIGROSA,ADMINISTRADOR
2183,1726,CLORURO DE ALUMINIO ANHIDRO,MERCANCIAS VARIAS,2010-05-25,PELIGROSA,ADMINISTRADOR
2184,1727,HIDROGENODIFLUORURO DE AMONIO SSLIDO,MERCANCIAS VARIAS,2010-05-25,PELIGROSA,ADMINISTRADOR
2185,1728,AMILTRICLOROSILANO,MERCANCIAS VARIAS,2010-05-25,PELIGROSA,ADMINISTRADOR
2186,1729,CLORURO DE ANISOILO,MERCANCIAS VARIAS,2010-05-25,PELIGROSA,ADMINISTRADOR
2187,1730,PENTACLORURO DE ANTIMONIO LMQUIDO,MERCANCIAS VARIAS,2010-05-25,PELIGROSA,ADMINISTRADOR
2188,1731,PENTACLORURO DE ANTIMONIO EN SOLUCISN,MERCANCIAS VARIAS,2010-05-25,PELIGROSA,ADMINISTRADOR
2189,1732,PENTAFLUORURO DE ANTIMONIO,MERCANCIAS VARIAS,2010-05-25,PELIGROSA,ADMINISTRADOR
2190,1733,TRICLORURO DE ANTIMONIO,MERCANCIAS VARIAS,2010-05-25,PELIGROSA,ADMINISTRADOR
2191,1736,CLORURO DE BENZOILO,MERCANCIAS VARIAS,2010-05-25,PELIGROSA,ADMINISTRADOR
2192,1737,BROMURO DE BENCILO,MERCANCIAS VARIAS,2010-05-25,PELIGROSA,ADMINISTRADOR
2193,1738,CLORURO DE BENCILO,MERCANCIAS VARIAS,2010-05-25,PELIGROSA,ADMINISTRADOR
2194,1739,CLOROFORMIATO DE BENCILO,MERCANCIAS VARIAS,2010-05-25,PELIGROSA,ADMINISTRADOR
2195,1740,"HIDROGENODIFLUORUROS SSLIDOS, N.E.P.",MERCANCIAS VARIAS,2010-05-25,PELIGROSA,ADMINISTRADOR
2196,1741,TRICLORURO DE BORO,MERCANCIAS VARIAS,2010-05-25,PELIGROSA,ADMINISTRADOR
2197,1742,"TRIFLUORURO DE BORO Y ACIDO ACITICO, COMPLEJO LMQUIDO DE",MERCANCIAS VARIAS,2010-05-25,PELIGROSA,ADMINISTRADOR
2198,1743,"TRIFLUORURO DE BORO Y ACIDO PROPISNICO, COMPLEJO LMQUIDO DE",MERCANCIAS VARIAS,2010-05-25,PELIGROSA,ADMINISTRADOR
2199,1744,BROMO O BROMO EN SOLUCISN,MERCANCIAS VARIAS,2010-05-25,PELIGROSA,ADMINISTRADOR
2200,1745,PENTAFLUORURO DE BROMO,MERCANCIAS VARIAS,2010-05-25,PELIGROSA,ADMINISTRADOR
2201,1746,TRIFLUORURO DE BROMO,MERCANCIAS VARIAS,2010-05-25,PELIGROSA,ADMINISTRADOR
2202,1747,BUTILTRICLOROSILANO,MERCANCIAS VARIAS,2010-05-25,PELIGROSA,ADMINISTRADOR
2203,1748,"HIPOCLORITO CALCICO SECO O HIPOCLORITO CALCICO EN MEZCLA SECA, CON MAS DEL 39% DE CLORO ACTIVO (8,8% DE OXMGENO ACTIVO)",MERCANCIAS VARIAS,2010-05-25,PELIGROSA,ADMINISTRADOR
2204,1749,TRIFLUORURO DE CLORO,MERCANCIAS VARIAS,2010-05-25,PELIGROSA,ADMINISTRADOR
2205,1750,ACIDO CLOROACITICO EN SOLUCISN,MERCANCIAS VARIAS,2010-05-25,PELIGROSA,ADMINISTRADOR
2206,1751,ACIDO CLOROACITICO SSLIDO,MERCANCIAS VARIAS,2010-05-25,PELIGROSA,ADMINISTRADOR
2207,1752,CLORURO DE CLOROACETILO,MERCANCIAS VARIAS,2010-05-25,PELIGROSA,ADMINISTRADOR
2208,1753,CLOROFENILTRICLORO-SILANO,MERCANCIAS VARIAS,2010-05-25,PELIGROSA,ADMINISTRADOR
2209,1754,ACIDO CLOROSULFSNICO (CON O SIN TRISXIDO DE AZUFRE),MERCANCIAS VARIAS,2010-05-25,PELIGROSA,ADMINISTRADOR
2210,1755,ACIDO CRSMICO EN SOLUCISN,MERCANCIAS VARIAS,2010-05-25,PELIGROSA,ADMINISTRADOR
2211,1756,FLUORURO CRSMICO SSLIDO,MERCANCIAS VARIAS,2010-05-25,PELIGROSA,ADMINISTRADOR
2212,1757,FLUORURO CRSMICO EN SOLUCISN,MERCANCIAS VARIAS,2010-05-25,PELIGROSA,ADMINISTRADOR
2213,1758,OXICLORURO DE CROMO (CLORURO DE CROMILO),MERCANCIAS VARIAS,2010-05-25,PELIGROSA,ADMINISTRADOR
2214,1759,"SSLIDO CORROSIVO, N.E.P.",MERCANCIAS VARIAS,2010-05-25,PELIGROSA,ADMINISTRADOR
2215,1760,"LMQUIDO CORROSIVO, N.E.P.",MERCANCIAS VARIAS,2010-05-25,PELIGROSA,ADMINISTRADOR
2216,1761,CUPRIETILENDIAMINA EN SOLUCISN,MERCANCIAS VARIAS,2010-05-25,PELIGROSA,ADMINISTRADOR
2217,1762,CICLOHEXENILTRICLORO-SILANO,MERCANCIAS VARIAS,2010-05-25,PELIGROSA,ADMINISTRADOR
2218,1763,CICLOHEXILTRICLOROSILANO,MERCANCIAS VARIAS,2010-05-25,PELIGROSA,ADMINISTRADOR
2219,1764,ACIDO DICLOROACITICO,MERCANCIAS VARIAS,2010-05-25,PELIGROSA,ADMINISTRADOR
2220,1765,CLORURO DE DICLOROACETILO,MERCANCIAS VARIAS,2010-05-25,PELIGROSA,ADMINISTRADOR
2221,1766,DICLOROFENILTRICLORO-SILANO,MERCANCIAS VARIAS,2010-05-25,PELIGROSA,ADMINISTRADOR
2222,1767,DIETILDICLOROSILANO,MERCANCIAS VARIAS,2010-05-25,PELIGROSA,ADMINISTRADOR
2223,1768,ACIDO DIFLUOROFOSFSRICO ANHIDRO,MERCANCIAS VARIAS,2010-05-25,PELIGROSA,ADMINISTRADOR
2224,1769,DIFENILDICLOROSILANO,MERCANCIAS VARIAS,2010-05-25,PELIGROSA,ADMINISTRADOR
2225,1770,BROMURO DE DIFENILMETILO,MERCANCIAS VARIAS,2010-05-25,PELIGROSA,ADMINISTRADOR
2226,1771,DODECILTRICLOROSILANO,MERCANCIAS VARIAS,2010-05-25,PELIGROSA,ADMINISTRADOR
2227,1773,CLORURO FIRRICO ANHIDRO,MERCANCIAS VARIAS,2010-05-25,PELIGROSA,ADMINISTRADOR
2228,3817,"EXTINTORES DE INCENDIOS, CARGAS PARA, LMQUIDOS CORROSIVOS",MERCANCIAS VARIAS,2010-05-25,PELIGROSA,ADMINISTRADOR
2229,1775,ACIDO FLUOROBSRICO,MERCANCIAS VARIAS,2010-05-25,PELIGROSA,ADMINISTRADOR
2230,1776,ACIDO FLUOROFOSFSRICO ANHIDRO,MERCANCIAS VARIAS,2010-05-25,PELIGROSA,ADMINISTRADOR
2231,1777,ACIDO FLUOROSULFSNICO,MERCANCIAS VARIAS,2010-05-25,PELIGROSA,ADMINISTRADOR
2232,1778,ACIDO FLUOROSILMCICO,MERCANCIAS VARIAS,2010-05-25,PELIGROSA,ADMINISTRADOR
2233,1779,"ACIDO FSRMICO CON MAS DE 85 %, EN MASA, DE ACIDO",MERCANCIAS VARIAS,2010-05-25,PELIGROSA,ADMINISTRADOR
2234,1780,CLORURO DE FUMARILO,MERCANCIAS VARIAS,2010-05-25,PELIGROSA,ADMINISTRADOR
2235,1781,HEXADECILTRICLOROSILANO,MERCANCIAS VARIAS,2010-05-25,PELIGROSA,ADMINISTRADOR
2236,1782,ACIDO HEXAFLUOROFOSFSRICO,MERCANCIAS VARIAS,2010-05-25,PELIGROSA,ADMINISTRADOR
2237,1783,HEXAMETILENDIAMINA EN SOLUCISN,MERCANCIAS VARIAS,2010-05-25,PELIGROSA,ADMINISTRADOR
2238,1784,HEXILTRICLOROSILANO,MERCANCIAS VARIAS,2010-05-25,PELIGROSA,ADMINISTRADOR
2239,1786,MEZCLA DE ACIDO FLUORHMDRICO Y ACIDO SULFZRICO,MERCANCIAS VARIAS,2010-05-25,PELIGROSA,ADMINISTRADOR
2240,175,ACIDO YODHMDRICO,MERCANCIAS VARIAS,2010-05-25,PELIGROSA,ADMINISTRADOR
2241,1788,ACIDO BROMHMDRICO,MERCANCIAS VARIAS,2010-05-25,PELIGROSA,ADMINISTRADOR
2242,1789,ACIDO CLORHMDRICO,MERCANCIAS VARIAS,2010-05-25,PELIGROSA,ADMINISTRADOR
2243,1790,ACIDO FLUORHMDRICO CON MAS DEL 60% DE ACIDO FLUORHMDRICO,MERCANCIAS VARIAS,2010-05-25,PELIGROSA,ADMINISTRADOR
2244,1791,HIPOCLORITOS EN SOLUCISN,MERCANCIAS VARIAS,2010-05-25,PELIGROSA,ADMINISTRADOR
2245,1792,MONOCLORURO DE YODO,MERCANCIAS VARIAS,2010-05-25,PELIGROSA,ADMINISTRADOR
2246,1793,FOSFATO ACIDO DE ISOPROPILO,MERCANCIAS VARIAS,2010-05-25,PELIGROSA,ADMINISTRADOR
2247,1794,SULFATO DE PLOMO CON MAS DEL 3% DE ACIDO LIBRE,MERCANCIAS VARIAS,2010-05-25,PELIGROSA,ADMINISTRADOR
2248,1796,"ACIDO NITRANTE (ACIDO MIXTO), MEZCLA DE, CON MAS DEL 50% DE ACIDO NMTRICO",MERCANCIAS VARIAS,2010-05-25,PELIGROSA,ADMINISTRADOR
2249,1798,ACIDO NITROCLORHMDRICO,MERCANCIAS VARIAS,2010-05-25,PELIGROSA,ADMINISTRADOR
2250,1799,NONILTRICLOROSILANO,MERCANCIAS VARIAS,2010-05-25,PELIGROSA,ADMINISTRADOR
2251,1800,OCTADECILTRICLOROSILANO,MERCANCIAS VARIAS,2010-05-25,PELIGROSA,ADMINISTRADOR
2252,1801,OCTILTRICLOROSILANO,MERCANCIAS VARIAS,2010-05-25,PELIGROSA,ADMINISTRADOR
2253,1802,"ACIDO PERCLSRICO CON UN MAXIMO DEL 50%, EN MASA, DE ACIDO",MERCANCIAS VARIAS,2010-05-25,PELIGROSA,ADMINISTRADOR
2254,1803,ACIDO FENOLSULFSNICO LMQUIDO,MERCANCIAS VARIAS,2010-05-25,PELIGROSA,ADMINISTRADOR
2255,1804,FENILTRICLOROSILANO,MERCANCIAS VARIAS,2010-05-25,PELIGROSA,ADMINISTRADOR
2256,1805,ACIDO FOSFSRICO EN SOLUCISN,MERCANCIAS VARIAS,2010-05-25,PELIGROSA,ADMINISTRADOR
2257,1806,PENTACLORURO DE FSSFORO,MERCANCIAS VARIAS,2010-05-25,PELIGROSA,ADMINISTRADOR
2258,1807,PENTSXIDO DE FSSFORO (ANHIDRIDO FOSFSRICO),MERCANCIAS VARIAS,2010-05-25,PELIGROSA,ADMINISTRADOR
2259,1808,TRIBROMURO DE FSSFORO,MERCANCIAS VARIAS,2010-05-25,PELIGROSA,ADMINISTRADOR
2260,1809,TRICLORURO DE FSSFORO,MERCANCIAS VARIAS,2010-05-25,PELIGROSA,ADMINISTRADOR
2261,1810,OXICLORURO DE FSSFORO,MERCANCIAS VARIAS,2010-05-25,PELIGROSA,ADMINISTRADOR
2262,1811,"HIDROGENODIFLUORURO DE POTASIO, SSLIDO",MERCANCIAS VARIAS,2010-05-25,PELIGROSA,ADMINISTRADOR
2263,1812,FLUORURO POTASICO SSLIDO,MERCANCIAS VARIAS,2010-05-25,PELIGROSA,ADMINISTRADOR
2264,1813,HIDRSXIDO POTASICO SSLIDO,MERCANCIAS VARIAS,2010-05-25,PELIGROSA,ADMINISTRADOR
2265,1814,HIDRSXIDO POTASICO EN SOLUCISN,MERCANCIAS VARIAS,2010-05-25,PELIGROSA,ADMINISTRADOR
2266,1815,CLORURO DE PROPIONILO,MERCANCIAS VARIAS,2010-05-25,PELIGROSA,ADMINISTRADOR
2267,1816,PROPILTRICLOROSILANO,MERCANCIAS VARIAS,2010-05-25,PELIGROSA,ADMINISTRADOR
2268,1817,CLORURO DE PIROSULFURILO,MERCANCIAS VARIAS,2010-05-25,PELIGROSA,ADMINISTRADOR
2269,1818,TETRACLORURO DE SILICIO,MERCANCIAS VARIAS,2010-05-25,PELIGROSA,ADMINISTRADOR
2270,1819,ALUMINATO SSDICO EN SOLUCISN,MERCANCIAS VARIAS,2010-05-25,PELIGROSA,ADMINISTRADOR
2271,1823,HIDRSXIDO SSDICO SSLIDO,MERCANCIAS VARIAS,2010-05-25,PELIGROSA,ADMINISTRADOR
2272,1824,HIDRSXIDO SSDICO EN SOLUCISN,MERCANCIAS VARIAS,2010-05-25,PELIGROSA,ADMINISTRADOR
2273,1825,MONSXIDO SSDICO,MERCANCIAS VARIAS,2010-05-25,PELIGROSA,ADMINISTRADOR
2274,1826,"ACIDO NITRANTE (ACIDO MIXTO) AGOTADO, MEZCLA DE, CON MAS DEL 50% ACIDO NMTRICO",MERCANCIAS VARIAS,2010-05-25,PELIGROSA,ADMINISTRADOR
2275,1827,CLORURO ESTANNICO ANHIDRO,MERCANCIAS VARIAS,2010-05-25,PELIGROSA,ADMINISTRADOR
2276,1828,CLORUROS DE AZUFRE,MERCANCIAS VARIAS,2010-05-25,PELIGROSA,ADMINISTRADOR
2277,1829,TRISXIDO DE AZUFRE ESTABILIZADO,MERCANCIAS VARIAS,2010-05-25,PELIGROSA,ADMINISTRADOR
2278,1830,ACIDO SULFZRICO CON MAS DEL 51% DE ACIDO,MERCANCIAS VARIAS,2010-05-25,PELIGROSA,ADMINISTRADOR
2279,1831,ACIDO SULFZRICO FUMANTE,MERCANCIAS VARIAS,2010-05-25,PELIGROSA,ADMINISTRADOR
2280,1832,ACIDO SULFZRICO AGOTADO,MERCANCIAS VARIAS,2010-05-25,PELIGROSA,ADMINISTRADOR
2281,1833,ACIDO SULFUROSO,MERCANCIAS VARIAS,2010-05-25,PELIGROSA,ADMINISTRADOR
2282,1834,CLORURO DE SULFURILO,MERCANCIAS VARIAS,2010-05-25,PELIGROSA,ADMINISTRADOR
2283,1835,HIDRSXIDO DE TETRAMETILAMONIO EN SOLUCISN,MERCANCIAS VARIAS,2010-05-25,PELIGROSA,ADMINISTRADOR
2284,1836,CLORURO DE TIONILO,MERCANCIAS VARIAS,2010-05-25,PELIGROSA,ADMINISTRADOR
2285,1837,CLORURO DE TIOFOSFORILO,MERCANCIAS VARIAS,2010-05-25,PELIGROSA,ADMINISTRADOR
2286,1838,TETRACLORURO DE TITANIO,MERCANCIAS VARIAS,2010-05-25,PELIGROSA,ADMINISTRADOR
2287,1839,ACIDO TRICLOROACITICO,MERCANCIAS VARIAS,2010-05-25,PELIGROSA,ADMINISTRADOR
2288,1840,CLORURO DE CINC EN SOLUCISN,MERCANCIAS VARIAS,2010-05-25,PELIGROSA,ADMINISTRADOR
2289,1841,ALDEHIDATO AMSNICO,MERCANCIAS VARIAS,2010-05-25,PELIGROSA,ADMINISTRADOR
2290,1843,"DINITRO-O-CRESOLATO AMSNICO, SSLIDO",MERCANCIAS VARIAS,2010-05-25,PELIGROSA,ADMINISTRADOR
2291,1845,DISXIDO DE CARBONO SSLIDO (HIELO SECO),MERCANCIAS VARIAS,2010-05-25,PELIGROSA,ADMINISTRADOR
2292,1846,TETRACLORURO DE CARBONO,MERCANCIAS VARIAS,2010-05-25,PELIGROSA,ADMINISTRADOR
2293,1847,SULFURO POTASICO HIDRATADO CON UN MMNIMO DEL 30% DE AGUA DE CRISTALIZACISN,MERCANCIAS VARIAS,2010-05-25,PELIGROSA,ADMINISTRADOR
2294,1848,"ACIDO PROPISNICO CON UN MMNIMO DE 10 % Y UN MAXIMO DE 90 %, EN MASA, DE ACIDO",MERCANCIAS VARIAS,2010-05-25,PELIGROSA,ADMINISTRADOR
2295,1849,SULFURO SSDICO HIDRATADO CON UN MMNIMO DEL 30% DE AGUA,MERCANCIAS VARIAS,2010-05-25,PELIGROSA,ADMINISTRADOR
2296,1851,"MEDICAMENTO LMQUIDO, TSXICO, N.E.P.",MERCANCIAS VARIAS,2010-05-25,PELIGROSA,ADMINISTRADOR
2297,1854,"BARIO, ALEACIONES PIROFSRICAS DE",MERCANCIAS VARIAS,2010-05-25,PELIGROSA,ADMINISTRADOR
2298,1855,"CALCIO PIROFSRICO O CALCIO, ALEACIONES PIROFSRICAS DE",MERCANCIAS VARIAS,2010-05-25,PELIGROSA,ADMINISTRADOR
2299,1856,TRAPOS GRASIENTOS,MERCANCIAS VARIAS,2010-05-25,PELIGROSA,ADMINISTRADOR
2300,1857,DESECHOS TEXTILES HZMEDOS,MERCANCIAS VARIAS,2010-05-25,PELIGROSA,ADMINISTRADOR
2301,1858,HEXAFLUOROPROPILENO (GAS REFRIGERANTE R 1216),MERCANCIAS VARIAS,2010-05-25,PELIGROSA,ADMINISTRADOR
2302,1859,TETRAFLUORURO DE SILICIO,MERCANCIAS VARIAS,2010-05-25,PELIGROSA,ADMINISTRADOR
2303,1860,FLUORURO DE VINILO ESTABILIZADO,MERCANCIAS VARIAS,2010-05-25,PELIGROSA,ADMINISTRADOR
2304,1862,CROTONATO DE ETILO,MERCANCIAS VARIAS,2010-05-25,PELIGROSA,ADMINISTRADOR
2305,1863,COMBUSTIBLE PARA MOTORES DE TURBINA DE AVIACISN,MERCANCIAS VARIAS,2010-05-25,PELIGROSA,ADMINISTRADOR
2306,1865,NITRATO DE N-PROPILO,MERCANCIAS VARIAS,2010-05-25,PELIGROSA,ADMINISTRADOR
2307,390900,"RESINA, SOLUCIONES DE, INFLAMABLES",MERCANCIAS VARIAS,2010-05-25,PELIGROSA,ADMINISTRADOR
2308,1868,DECABORANO,MERCANCIAS VARIAS,2010-05-25,PELIGROSA,ADMINISTRADOR
2309,1869,"MAGNESIO O ALEACIONES DE MAGNESIO CON MAS DEL 50% DE MAGNESIO EN RECORTES, GRANULOS O TIRAS",MERCANCIAS VARIAS,2010-05-25,PELIGROSA,ADMINISTRADOR
2310,1870,BOROHIDRURO POTASICO,MERCANCIAS VARIAS,2010-05-25,PELIGROSA,ADMINISTRADOR
2311,1871,HIDRURO DE TITANIO,MERCANCIAS VARIAS,2010-05-25,PELIGROSA,ADMINISTRADOR
2312,1872,DISXIDO DE PLOMO,MERCANCIAS VARIAS,2010-05-25,PELIGROSA,ADMINISTRADOR
2313,1873,"ACIDO PERCLSRICO CON MAS DEL 50% PERO NO MAS DEL 72%, EN MASA, DE ACIDO",MERCANCIAS VARIAS,2010-05-25,PELIGROSA,ADMINISTRADOR
2314,1884,SXIDO BARICO,MERCANCIAS VARIAS,2010-05-25,PELIGROSA,ADMINISTRADOR
2315,1885,BENCIDINA,MERCANCIAS VARIAS,2010-05-25,PELIGROSA,ADMINISTRADOR
2316,1886,CLORURO DE BENCILIDENO,MERCANCIAS VARIAS,2010-05-25,PELIGROSA,ADMINISTRADOR
2317,1887,BROMOCLOROMETANO,MERCANCIAS VARIAS,2010-05-25,PELIGROSA,ADMINISTRADOR
2318,1888,CLOROFORMO,MERCANCIAS VARIAS,2010-05-25,PELIGROSA,ADMINISTRADOR
2319,1889,BROMURO DE CIANSGENO,MERCANCIAS VARIAS,2010-05-25,PELIGROSA,ADMINISTRADOR
2320,1891,BROMURO DE ETILO,MERCANCIAS VARIAS,2010-05-25,PELIGROSA,ADMINISTRADOR
2321,1892,ETILDICLOROARSINA,MERCANCIAS VARIAS,2010-05-25,PELIGROSA,ADMINISTRADOR
2322,1894,HIDRSXIDO FENILMERCZRICO,MERCANCIAS VARIAS,2010-05-25,PELIGROSA,ADMINISTRADOR
2323,1895,NITRATO FENILMERCZRICO,MERCANCIAS VARIAS,2010-05-25,PELIGROSA,ADMINISTRADOR
2324,1897,TETRACLOROETILENO,MERCANCIAS VARIAS,2010-05-25,PELIGROSA,ADMINISTRADOR
2325,1898,YODURO DE ACETILO,MERCANCIAS VARIAS,2010-05-25,PELIGROSA,ADMINISTRADOR
2326,1902,FOSFATO ACIDO DE DIISOOCTILO,MERCANCIAS VARIAS,2010-05-25,PELIGROSA,ADMINISTRADOR
2327,1903,"DESINFECTANTE LMQUIDO CORROSIVO, N.E.P.",MERCANCIAS VARIAS,2010-05-25,PELIGROSA,ADMINISTRADOR
2328,1905,ACIDO SELINICO,MERCANCIAS VARIAS,2010-05-25,PELIGROSA,ADMINISTRADOR
2329,1906,LODOS ACIDOS,MERCANCIAS VARIAS,2010-05-25,PELIGROSA,ADMINISTRADOR
2330,1907,CAL SODADA CON MAS DEL 4% DE HIDRSXIDO SSDICO,MERCANCIAS VARIAS,2010-05-25,PELIGROSA,ADMINISTRADOR
2331,1908,CLORITOS EN SOLUCISN,MERCANCIAS VARIAS,2010-05-25,PELIGROSA,ADMINISTRADOR
2332,1910,SXIDO CALCICO,MERCANCIAS VARIAS,2010-05-25,PELIGROSA,ADMINISTRADOR
2333,1911,DIBORANO,MERCANCIAS VARIAS,2010-05-25,PELIGROSA,ADMINISTRADOR
2334,1912,MEZCLAS DE CLORURO DE METILO Y CLORURO DE METILENO,MERCANCIAS VARIAS,2010-05-25,PELIGROSA,ADMINISTRADOR
2335,1913,NESN LMQUIDO REFRIGERADO,MERCANCIAS VARIAS,2010-05-25,PELIGROSA,ADMINISTRADOR
2336,1914,PROPIONATOS DE BUTILO,MERCANCIAS VARIAS,2010-05-25,PELIGROSA,ADMINISTRADOR
2337,1915,CICLOHEXANONA,MERCANCIAS VARIAS,2010-05-25,PELIGROSA,ADMINISTRADOR
2338,1916,"ITER 2,2-DICLORODIETMLICO",MERCANCIAS VARIAS,2010-05-25,PELIGROSA,ADMINISTRADOR
2339,1917,ACRILATO DE ETILO ESTABILIZADO,MERCANCIAS VARIAS,2010-05-25,PELIGROSA,ADMINISTRADOR
2340,1918,ISOPROPILBENCENO,MERCANCIAS VARIAS,2010-05-25,PELIGROSA,ADMINISTRADOR
2341,1919,ACRILATO DE METILO ESTABILIZADO,MERCANCIAS VARIAS,2010-05-25,PELIGROSA,ADMINISTRADOR
2342,1920,NONANOS,MERCANCIAS VARIAS,2010-05-25,PELIGROSA,ADMINISTRADOR
2343,1921,PROPILENIMINA ESTABILIZADA,MERCANCIAS VARIAS,2010-05-25,PELIGROSA,ADMINISTRADOR
2344,1922,PIRROLIDINA,MERCANCIAS VARIAS,2010-05-25,PELIGROSA,ADMINISTRADOR
2345,1923,DITIONITO CALCICO (HIDROSULFITO CALCICO),MERCANCIAS VARIAS,2010-05-25,PELIGROSA,ADMINISTRADOR
2346,1928,BROMURO DE METILMAGNESIO EN ITER ETMLICO,MERCANCIAS VARIAS,2010-05-25,PELIGROSA,ADMINISTRADOR
2347,1929,DITIONITO POTASICO (HIDROSULFITO POTASICO),MERCANCIAS VARIAS,2010-05-25,PELIGROSA,ADMINISTRADOR
2348,1931,DITIONITO DE CINC (HIDROSULFITO DE CINC),MERCANCIAS VARIAS,2010-05-25,PELIGROSA,ADMINISTRADOR
2349,1932,"CIRCONIO, DESECHOS DE",MERCANCIAS VARIAS,2010-05-25,PELIGROSA,ADMINISTRADOR
2350,1935,"CIANURO EN SOLUCISN, N.E.P.",MERCANCIAS VARIAS,2010-05-25,PELIGROSA,ADMINISTRADOR
2351,1938,ACIDO BROMOACITICO EN SOLUCISN,MERCANCIAS VARIAS,2010-05-25,PELIGROSA,ADMINISTRADOR
2352,1939,OXIBROMURO DE FSSFORO,MERCANCIAS VARIAS,2010-05-25,PELIGROSA,ADMINISTRADOR
2353,1940,ACIDO TIOGLICSLICO,MERCANCIAS VARIAS,2010-05-25,PELIGROSA,ADMINISTRADOR
2354,1941,DIBROMODIFLUOROMETANO,MERCANCIAS VARIAS,2010-05-25,PELIGROSA,ADMINISTRADOR
2355,1942,"NITRATO AMSNICO CON UN MAXIMO DEL 0,2% DEL MATERIAL COMBUSTIBLE TOTAL, INCLUYENDO CUALQUIER SUSTANCIA ORGANICA EXPRESADA EN EQUIVALENTE DE CARBONO, CON EXCLUSISN DE CUALQUIER OTRA SUSTANCIA AQADIDA",MERCANCIAS VARIAS,2010-05-25,PELIGROSA,ADMINISTRADOR
2356,1944,"FSSFOROS DE SEGURIDAD (EN ESTUCHES, CARTONES O CAJAS)",MERCANCIAS VARIAS,2010-05-25,PELIGROSA,ADMINISTRADOR
2357,1945,FSSFOROS DE CERA VESTA,MERCANCIAS VARIAS,2010-05-25,PELIGROSA,ADMINISTRADOR
2358,320800,AEROSOLES,MERCANCIAS VARIAS,2010-05-25,PELIGROSA,ADMINISTRADOR
2359,1951,ARGON LMQUIDO REFRIGERADO,MERCANCIAS VARIAS,2010-05-25,PELIGROSA,ADMINISTRADOR
2360,1952,MEZCLA DE SXIDO DE ETILENO Y DISXIDO DE CARBONO CON UN MAXIMO DEL 9% DE SXIDO DE ETILENO,MERCANCIAS VARIAS,2010-05-25,PELIGROSA,ADMINISTRADOR
2361,1953,"GAS COMPRIMIDO TSXICO, INFLAMABLE, N.E.P.",MERCANCIAS VARIAS,2010-05-25,PELIGROSA,ADMINISTRADOR
2362,1954,"GAS COMPRIMIDO INFLAMABLE, N.E.P.",MERCANCIAS VARIAS,2010-05-25,PELIGROSA,ADMINISTRADOR
2363,1955,"GAS COMPRIMIDO TSXICO, N.E.P.",MERCANCIAS VARIAS,2010-05-25,PELIGROSA,ADMINISTRADOR
2364,1956,"GAS COMPRIMIDO, N.E.P.",MERCANCIAS VARIAS,2010-05-25,PELIGROSA,ADMINISTRADOR
2365,1957,DEUTERIO COMPRIMIDO,MERCANCIAS VARIAS,2010-05-25,PELIGROSA,ADMINISTRADOR
2366,1958,"1,2-DICLORO-1,1,2,2-TETRAFLUOROETANO (GAS REFRIGERANTE R 114)",MERCANCIAS VARIAS,2010-05-25,PELIGROSA,ADMINISTRADOR
2367,1959,"1,1-DIFLUOROETILENO (GAS REFRIGERANTE R 1132A)",MERCANCIAS VARIAS,2010-05-25,PELIGROSA,ADMINISTRADOR
2368,1961,ETANO LMQUIDO REFRIGERADO,MERCANCIAS VARIAS,2010-05-25,PELIGROSA,ADMINISTRADOR
2369,1962,ETILENO,MERCANCIAS VARIAS,2010-05-25,PELIGROSA,ADMINISTRADOR
2370,1963,HELIO LMQUIDO REFRIGERADO,MERCANCIAS VARIAS,2010-05-25,PELIGROSA,ADMINISTRADOR
2371,1964,"MEZCLA DE HIDROCARBUROS GASEOSOS COMPRIMIDOS, N.E.P.",MERCANCIAS VARIAS,2010-05-25,PELIGROSA,ADMINISTRADOR
2372,1965,"MEZCLA DE HIDROCARBUROS GASEOSOS LICUADOS, N.E.P.",MERCANCIAS VARIAS,2010-05-25,PELIGROSA,ADMINISTRADOR
2373,1966,HIDRSGENO LMQUIDO REFRIGERADO,MERCANCIAS VARIAS,2010-05-25,PELIGROSA,ADMINISTRADOR
2374,1967,"INSECTICIDA GASEOSO TSXICO, N.E.P.",MERCANCIAS VARIAS,2010-05-25,PELIGROSA,ADMINISTRADOR
2375,1968,"INSECTICIDA GASEOSO, N.E.P.",MERCANCIAS VARIAS,2010-05-25,PELIGROSA,ADMINISTRADOR
2376,1969,ISOBUTANO,MERCANCIAS VARIAS,2010-05-25,PELIGROSA,ADMINISTRADOR
2377,1970,CRIPTSN LMQUIDO REFRIGERADO,MERCANCIAS VARIAS,2010-05-25,PELIGROSA,ADMINISTRADOR
2378,1971,METANO COMPRIMIDO O GAS NATURAL COMPRIMIDO CON ALTA PROPORCISN DE METANO,MERCANCIAS VARIAS,2010-05-25,PELIGROSA,ADMINISTRADOR
2379,1972,METANO LMQUIDO REFRIGERADO O GAS NATURAL LMQUIDO REFRIGERADO CON ALTA PROPORCISN DE METANO,MERCANCIAS VARIAS,2010-05-25,PELIGROSA,ADMINISTRADOR
2380,1973,"MEZCLAS DE CLORODIFLUOROMETANO Y CLOROPENTAFLUOROETANO DE PUNTO DE EBULLICISN CONSTANTE, CON ALREDEDOR DEL 49% DE CLORODIFLUOROMETANO (GAS REFRIGERANTE R 502)",MERCANCIAS VARIAS,2010-05-25,PELIGROSA,ADMINISTRADOR
2381,1974,CLORODIFLUOROBROMO-METANO (GAS REFRIGERANTE R 12B1),MERCANCIAS VARIAS,2010-05-25,PELIGROSA,ADMINISTRADOR
2382,1975,MEZCLA DE SXIDO NMTRICO Y TETRSXIDO DE DINITRSGENO (MEZCLA DE SXIDO NMTRICO Y DISXIDO DE NITRSGENO),MERCANCIAS VARIAS,2010-05-25,PELIGROSA,ADMINISTRADOR
2383,1976,OCTAFLUOROCICLOBUTANO (GAS REFRIGERANTE RC 318),MERCANCIAS VARIAS,2010-05-25,PELIGROSA,ADMINISTRADOR
2384,1977,NITRSGENO LMQUIDO REFRIGERADO,MERCANCIAS VARIAS,2010-05-25,PELIGROSA,ADMINISTRADOR
2385,1978,PROPANO,MERCANCIAS VARIAS,2010-05-25,PELIGROSA,ADMINISTRADOR
2386,1982,TETRAFLUOROMETANO (GAS REFRIGERANTE R 14 ),MERCANCIAS VARIAS,2010-05-25,PELIGROSA,ADMINISTRADOR
2387,1983,"1-CLORO-2,2,2-TRIFLUOROETANO (GAS REFRIGERANTE R 133A)",MERCANCIAS VARIAS,2010-05-25,PELIGROSA,ADMINISTRADOR
2388,1984,TRIFLUOROMETANO (GAS REFRIGERANTE R 23),MERCANCIAS VARIAS,2010-05-25,PELIGROSA,ADMINISTRADOR
2389,1986,"ALCOHOLES TSXICOS INFLAMABLES, N.E.P.",MERCANCIAS VARIAS,2010-05-25,PELIGROSA,ADMINISTRADOR
2390,2207,"ALCOHOLES, N.E.P.",MERCANCIAS VARIAS,2010-05-25,NORMAL,ADMINISTRADOR
2391,1988,"ALDEHIDOS TSXICOS INFLAMABLES, N.E.P.",MERCANCIAS VARIAS,2010-05-25,PELIGROSA,ADMINISTRADOR
2392,1989,"ALDEHIDOS, N.E.P.",MERCANCIAS VARIAS,2010-05-25,PELIGROSA,ADMINISTRADOR
2393,1990,BENZALDEHIDO,MERCANCIAS VARIAS,2010-05-25,PELIGROSA,ADMINISTRADOR
2394,1991,CLOROPRENO ESTABILIZADO,MERCANCIAS VARIAS,2010-05-25,PELIGROSA,ADMINISTRADOR
2395,1992,"LMQUIDO INFLAMABLE, TSXICO, N.E.P.",MERCANCIAS VARIAS,2010-05-25,PELIGROSA,ADMINISTRADOR
2396,3824,"LMQUIDO INFLAMABLE, N.E.P.",MERCANCIAS VARIAS,2010-05-25,PELIGROSA,ADMINISTRADOR
2397,1994,HIERRO PENTACARBONILO,MERCANCIAS VARIAS,2010-05-25,PELIGROSA,ADMINISTRADOR
2398,1999,"ALQUITRANES LMQUIDOS, INCLUSO LOS AGLOMERANTES PARA CARRETERAS Y LOS ASFALTOS REBAJADOS",MERCANCIAS VARIAS,2010-05-25,PELIGROSA,ADMINISTRADOR
2399,2000,"CELULOIDE EN BLOQUES, BARRAS, ROLLOS, HOJAS, TUBOS, ETC., EXCEPTO LOS DESECHOS",MERCANCIAS VARIAS,2010-05-25,PELIGROSA,ADMINISTRADOR
2400,2001,"NAFTENATOS DE COBALTO, EN POLVO",MERCANCIAS VARIAS,2010-05-25,PELIGROSA,ADMINISTRADOR
2401,2002,"CELULOIDE, DESECHOS DE",MERCANCIAS VARIAS,2010-05-25,PELIGROSA,ADMINISTRADOR
2402,2004,DIAMIDA MAGNISICA,MERCANCIAS VARIAS,2010-05-25,PELIGROSA,ADMINISTRADOR
2403,2005,DIFENILMAGNESIO,MERCANCIAS VARIAS,2010-05-25,PELIGROSA,ADMINISTRADOR
2404,2006,"PLASTICOS A BASE DE NITROCELULOSA QUE EXPERIMENTAN CALENTAMIENTO ESPONTANEO, N.E.P.",MERCANCIAS VARIAS,2010-05-25,PELIGROSA,ADMINISTRADOR
2405,2008,"CIRCONIO EN POLVO, SECO",MERCANCIAS VARIAS,2010-05-25,PELIGROSA,ADMINISTRADOR
2406,2009,"CIRCONIO SECO, EN LAMINAS, TIRAS O ALAMBRE",MERCANCIAS VARIAS,2010-05-25,PELIGROSA,ADMINISTRADOR
2407,2010,HIDRURO MAGNISICO,MERCANCIAS VARIAS,2010-05-25,PELIGROSA,ADMINISTRADOR
2408,2011,FOSFURO MAGNISICO,MERCANCIAS VARIAS,2010-05-25,PELIGROSA,ADMINISTRADOR
2409,2012,FOSFURO POTASICO,MERCANCIAS VARIAS,2010-05-25,PELIGROSA,ADMINISTRADOR
2410,2013,FOSFURO DE ESTRONCIO,MERCANCIAS VARIAS,2010-05-25,PELIGROSA,ADMINISTRADOR
2411,2014,PERSXIDO DE HIDRSGENO EN SOLUCISN ACUOSA CON UN MMNIMO DEL 20% Y UN MAXIMO DEL 60% DE PERSXIDO DE HIDRSGENO (ESTABILIZADA SEGZN SEA NECESARIO),MERCANCIAS VARIAS,2010-05-25,PELIGROSA,ADMINISTRADOR
2412,2015,"PERSXIDO DE HIDRSGENO ESTABILIZADO, O PERSXIDO DE HIDRSGENO EN SOLUCISN ACUOSA ESTABILIZADA CON MAS DEL 60% DE PERSXIDO DE HIDRSGENO",MERCANCIAS VARIAS,2010-05-25,PELIGROSA,ADMINISTRADOR
2413,2016,"MUNICIONES TSXICAS NO EXPLOSIVAS, SIN CARGA DISPERSORA NI CARGA EXPULSORA, SIN CEBO",MERCANCIAS VARIAS,2010-05-25,PELIGROSA,ADMINISTRADOR
2414,2017,"MUNICIONES LACRIMSGENAS NO EXPLOSIVAS, SIN CARGA DISPERSORA NI CARGA EXPULSORA, SIN CEBO",MERCANCIAS VARIAS,2010-05-25,PELIGROSA,ADMINISTRADOR
2415,2018,CLOROANILINAS SSLIDAS,MERCANCIAS VARIAS,2010-05-25,PELIGROSA,ADMINISTRADOR
2416,2019,CLOROANILINAS LMQUIDAS,MERCANCIAS VARIAS,2010-05-25,PELIGROSA,ADMINISTRADOR
2417,2020,CLOROFENOLES SSLIDOS,MERCANCIAS VARIAS,2010-05-25,PELIGROSA,ADMINISTRADOR
2418,2021,CLOROFENOLES LMQUIDOS,MERCANCIAS VARIAS,2010-05-25,PELIGROSA,ADMINISTRADOR
2419,2022,ACIDO CRESMLICO,MERCANCIAS VARIAS,2010-05-25,PELIGROSA,ADMINISTRADOR
2420,2023,EPICLORHIDRINA,MERCANCIAS VARIAS,2010-05-25,PELIGROSA,ADMINISTRADOR
2421,2024,"MERCURIO, COMPUESTO LMQUIDO DE, N.E.P.",MERCANCIAS VARIAS,2010-05-25,PELIGROSA,ADMINISTRADOR
2422,2025,"MERCURIO, COMPUESTO SSLIDO DE, N.E.P.",MERCANCIAS VARIAS,2010-05-25,PELIGROSA,ADMINISTRADOR
2423,2026,"FENILMERCZRICO, COMPUESTO, N.E.P.",MERCANCIAS VARIAS,2010-05-25,PELIGROSA,ADMINISTRADOR
2424,2027,ARSENITO SSDICO SSLIDO,MERCANCIAS VARIAS,2010-05-25,PELIGROSA,ADMINISTRADOR
2425,2028,"BOMBAS FUMMGENAS NO EXPLOSIVAS QUE CONTIENEN UN LMQUIDO CORROSIVO, SIN DISPOSITIVO DE CEBADO",MERCANCIAS VARIAS,2010-05-25,PELIGROSA,ADMINISTRADOR
2426,2029,HIDRAZINA ANHIDRA,MERCANCIAS VARIAS,2010-05-25,PELIGROSA,ADMINISTRADOR
2427,2030,"HIDRAZINA EN SOLUCISN ACUOSA CON MAS DEL 37%, EN MASA, DE HIDRAZINA",MERCANCIAS VARIAS,2010-05-25,PELIGROSA,ADMINISTRADOR
2428,2031,"ACIDO NMTRICO, EXCEPTO EL ACIDO NMTRICO FUMANTE ROJO, CON MAS DEL 70% ACIDO NMTRICO",MERCANCIAS VARIAS,2010-05-25,PELIGROSA,ADMINISTRADOR
2429,2032,ACIDO NMTRICO FUMANTE ROJO,MERCANCIAS VARIAS,2010-05-25,PELIGROSA,ADMINISTRADOR
2430,2033,MONSXIDO POTASICO,MERCANCIAS VARIAS,2010-05-25,PELIGROSA,ADMINISTRADOR
2431,2034,"MEZCLA DE HIDRSGENO Y METANO, COMPRIMIDA",MERCANCIAS VARIAS,2010-05-25,PELIGROSA,ADMINISTRADOR
2432,2035,"1,1,1-TRIFLUOROETANO (GAS REFRIGERANTE R 143A)",MERCANCIAS VARIAS,2010-05-25,PELIGROSA,ADMINISTRADOR
2433,2036,XENSN,MERCANCIAS VARIAS,2010-05-25,PELIGROSA,ADMINISTRADOR
2434,2037,"RECIPIENTES PEQUEQOS QUE CONTIENEN GAS, (CARTUCHOS DE GAS) SIN DISPOSITIVO DE DESCARGA, IRRELLENABLES",MERCANCIAS VARIAS,2010-05-25,PELIGROSA,ADMINISTRADOR
2435,2038,DINITROTOLUENOS LMQUIDOS,MERCANCIAS VARIAS,2010-05-25,PELIGROSA,ADMINISTRADOR
2436,2044,"2,2-DIMETILPROPANO DIFERENTE DEL PENTANO Y DEL ISOPENTANO",MERCANCIAS VARIAS,2010-05-25,PELIGROSA,ADMINISTRADOR
2437,2045,ISOBUTIRALDEHIDO (ALDEHIDO ISOBUTMRICO),MERCANCIAS VARIAS,2010-05-25,PELIGROSA,ADMINISTRADOR
2438,2046,CIMENOS,MERCANCIAS VARIAS,2010-05-25,PELIGROSA,ADMINISTRADOR
2439,2047,DICLOROPROPENOS,MERCANCIAS VARIAS,2010-05-25,PELIGROSA,ADMINISTRADOR
2440,2048,DICICLOPENTADIENO,MERCANCIAS VARIAS,2010-05-25,PELIGROSA,ADMINISTRADOR
2441,2049,DIETILBENCENO,MERCANCIAS VARIAS,2010-05-25,PELIGROSA,ADMINISTRADOR
2442,2050,"DIISOBUTILENO, COMPUESTOS ISOMIRICOS DEL",MERCANCIAS VARIAS,2010-05-25,PELIGROSA,ADMINISTRADOR
2443,2051,2-DIMETILAMINOETANOL,MERCANCIAS VARIAS,2010-05-25,PELIGROSA,ADMINISTRADOR
2444,2052,DIPENTENO,MERCANCIAS VARIAS,2010-05-25,PELIGROSA,ADMINISTRADOR
2445,2053,METILISOBUTILCARBINOL,MERCANCIAS VARIAS,2010-05-25,PELIGROSA,ADMINISTRADOR
2446,2054,MORFOLINA,MERCANCIAS VARIAS,2010-05-25,PELIGROSA,ADMINISTRADOR
2447,2055,ESTIRENO MONSMERO ESTABILIZADO,MERCANCIAS VARIAS,2010-05-25,PELIGROSA,ADMINISTRADOR
2448,2056,TETRAHIDROFURANO,MERCANCIAS VARIAS,2010-05-25,PELIGROSA,ADMINISTRADOR
2449,2057,TRIPROPILENO,MERCANCIAS VARIAS,2010-05-25,PELIGROSA,ADMINISTRADOR
2450,2058,VALERILALDEHIDO,MERCANCIAS VARIAS,2010-05-25,PELIGROSA,ADMINISTRADOR
2451,2059,"NITROCELULOSA EN SOLUCISN INFLAMABLE CON UN MAXIMO DEL 12,6%, EN MASA, DE NITRSGENO Y UN MAXIMO DEL 55% DE NITROCELULOSA",MERCANCIAS VARIAS,2010-05-25,PELIGROSA,ADMINISTRADOR
2452,2067,ABONOS A BASE DE NITRATO AMSNICO,MERCANCIAS VARIAS,2010-05-25,PELIGROSA,ADMINISTRADOR
2453,2071,ABONOS A BASE DE NITRATO AMSNICO,MERCANCIAS VARIAS,2010-05-25,PELIGROSA,ADMINISTRADOR
2454,2073,"AMONIACO EN SOLUCISN ACUOSA DE DENSIDAD RELATIVA INFERIOR A 0,880 A 150C, CON MAS DEL 35% PERO NO MAS DEL 50% DE AMONMACO",MERCANCIAS VARIAS,2010-05-25,PELIGROSA,ADMINISTRADOR
2455,2074,ACRILAMIDA SSLIDA,MERCANCIAS VARIAS,2010-05-25,PELIGROSA,ADMINISTRADOR
2456,2075,CLORAL ANHIDRO ESTABILIZADO,MERCANCIAS VARIAS,2010-05-25,PELIGROSA,ADMINISTRADOR
2457,2076,CRESOLES LMQUIDOS,MERCANCIAS VARIAS,2010-05-25,PELIGROSA,ADMINISTRADOR
2458,2077,ALFA-NAFTILAMINA,MERCANCIAS VARIAS,2010-05-25,PELIGROSA,ADMINISTRADOR
2459,2078,DIISOCIANATO DE TOLUENO,MERCANCIAS VARIAS,2010-05-25,PELIGROSA,ADMINISTRADOR
2460,2079,DIETILENTRIAMINA,MERCANCIAS VARIAS,2010-05-25,PELIGROSA,ADMINISTRADOR
2461,2186,CLORURO DE HIDRSGENO LMQUIDO REFRIGERADO,MERCANCIAS VARIAS,2010-05-25,PELIGROSA,ADMINISTRADOR
2462,2187,DISXIDO DE CARBONO LMQUIDO REFRIGERADO,MERCANCIAS VARIAS,2010-05-25,PELIGROSA,ADMINISTRADOR
2463,2188,ARSINA,MERCANCIAS VARIAS,2010-05-25,PELIGROSA,ADMINISTRADOR
2464,2189,DICLOROSILANO,MERCANCIAS VARIAS,2010-05-25,PELIGROSA,ADMINISTRADOR
2465,2190,"DIFLUORURO DE OXMGENO, COMPRIMIDO",MERCANCIAS VARIAS,2010-05-25,PELIGROSA,ADMINISTRADOR
2466,2191,FLUORURO DE SULFURILO,MERCANCIAS VARIAS,2010-05-25,PELIGROSA,ADMINISTRADOR
2467,2192,GERMANIO,MERCANCIAS VARIAS,2010-05-25,PELIGROSA,ADMINISTRADOR
2468,2193,HEXAFLUOROETANO (GAS REFRIGERANTE R 116),MERCANCIAS VARIAS,2010-05-25,PELIGROSA,ADMINISTRADOR
2469,2194,HEXAFLUORURO DE SELENIO,MERCANCIAS VARIAS,2010-05-25,PELIGROSA,ADMINISTRADOR
2470,2195,HEXAFLUORURO DE TELURIO,MERCANCIAS VARIAS,2010-05-25,PELIGROSA,ADMINISTRADOR
2471,2196,HEXAFLUORURO DE TUNGSTENO,MERCANCIAS VARIAS,2010-05-25,PELIGROSA,ADMINISTRADOR
2472,2197,YODURO DE HIDRSGENO ANHIDRO,MERCANCIAS VARIAS,2010-05-25,PELIGROSA,ADMINISTRADOR
2473,2198,PENTAFLUORURO DE FSSFORO,MERCANCIAS VARIAS,2010-05-25,PELIGROSA,ADMINISTRADOR
2474,2199,FOSFAMINA (FOSFINA),MERCANCIAS VARIAS,2010-05-25,PELIGROSA,ADMINISTRADOR
2475,2200,PROPADIENO ESTABILIZADO,MERCANCIAS VARIAS,2010-05-25,PELIGROSA,ADMINISTRADOR
2476,2201,SXIDO NITROSO LMQUIDO REFRIGERADO,MERCANCIAS VARIAS,2010-05-25,PELIGROSA,ADMINISTRADOR
2477,2202,SELENIURO DE HIDRSGENO ANHIDRO,MERCANCIAS VARIAS,2010-05-25,PELIGROSA,ADMINISTRADOR
2478,2203,SILANO,MERCANCIAS VARIAS,2010-05-25,PELIGROSA,ADMINISTRADOR
2479,2204,SULFURO DE CARBONILO,MERCANCIAS VARIAS,2010-05-25,PELIGROSA,ADMINISTRADOR
2480,2205,ADIPONITRILO,MERCANCIAS VARIAS,2010-05-25,PELIGROSA,ADMINISTRADOR
2481,2206,"ISOCIANATOS TSXICOS, N.E.P. O ISOCIANATOS EN SOLUCISN, TSXICOS, N.E.P.",MERCANCIAS VARIAS,2010-05-25,PELIGROSA,ADMINISTRADOR
2482,2208,HIPOCLORITO CALCICO EN MEZCLA SECA CON MAS DEL 10% PERO NO MAS DEL 39% DE CLORO ACTIVO,MERCANCIAS VARIAS,2010-05-25,PELIGROSA,ADMINISTRADOR
2483,2209,FORMALDEHIDO EN SOLUCISN CON UN MMNIMO DEL 25% DE FORMALDEHMDO,MERCANCIAS VARIAS,2010-05-25,PELIGROSA,ADMINISTRADOR
2484,2210,"MANEB O PREPARADOS DE MANEB, CON UN MMNIMO DEL 60% DE MANEB",MERCANCIAS VARIAS,2010-05-25,PELIGROSA,ADMINISTRADOR
2485,2211,POLMMERO EN BOLITAS DILATABLES QUE DESPRENDEN VAPORES INFLAMABLES,MERCANCIAS VARIAS,2010-05-25,PELIGROSA,ADMINISTRADOR
2486,2212,"ASBESTO AZUL (CROCIDOLITA) O ASBESTO MARRSN (AMOSITA, MISORITA)",MERCANCIAS VARIAS,2010-05-25,PELIGROSA,ADMINISTRADOR
2487,2213,PARAFORMALDEHIDO,MERCANCIAS VARIAS,2010-05-25,PELIGROSA,ADMINISTRADOR
2488,2214,"ANHMDRIDO FTALICO CON MAS DEL 0,05% DE ANHMDRIDO MALEICO",MERCANCIAS VARIAS,2010-05-25,PELIGROSA,ADMINISTRADOR
2489,2215,ANHMDRIDO MALEICO,MERCANCIAS VARIAS,2010-05-25,PELIGROSA,ADMINISTRADOR
2490,2216,HARINA DE PESCADO (DESECHOS DE PESCADO) ESTABILIZADA,MERCANCIAS VARIAS,2010-05-25,PELIGROSA,ADMINISTRADOR
2491,2217,"TORTA OLEAGINOSA CON  UN MAXIMO DEL 1,5% DE ACEITE Y DEL 11% DE HUMEDAD",MERCANCIAS VARIAS,2010-05-25,PELIGROSA,ADMINISTRADOR
2492,2218,ACIDO ACRMLICO ESTABILIZADO,MERCANCIAS VARIAS,2010-05-25,PELIGROSA,ADMINISTRADOR
2493,2219,ITER ALILGLICIDMLICO (ALIL GLICIDIL ITER),MERCANCIAS VARIAS,2010-05-25,PELIGROSA,ADMINISTRADOR
2494,2222,ANISOL,MERCANCIAS VARIAS,2010-05-25,PELIGROSA,ADMINISTRADOR
2495,2224,BENZONITRILO,MERCANCIAS VARIAS,2010-05-25,PELIGROSA,ADMINISTRADOR
2496,2225,CLORURO DE BENCENOSULFONILO,MERCANCIAS VARIAS,2010-05-25,PELIGROSA,ADMINISTRADOR
2497,2226,BENZOTRICLORURO,MERCANCIAS VARIAS,2010-05-25,PELIGROSA,ADMINISTRADOR
2498,3906,METACRILATO DE N-BUTILO ESTABILIZADO,MERCANCIAS VARIAS,2010-05-25,PELIGROSA,ADMINISTRADOR
2499,2232,2-CLOROETANAL,MERCANCIAS VARIAS,2010-05-25,PELIGROSA,ADMINISTRADOR
2500,2233,CLOROANISIDINAS,MERCANCIAS VARIAS,2010-05-25,PELIGROSA,ADMINISTRADOR
2501,2234,CLOROBENZOTRIFLUORUROS,MERCANCIAS VARIAS,2010-05-25,PELIGROSA,ADMINISTRADOR
2502,2235,"CLORUROS DE CLOROBENCILO, LMQUIDOS",MERCANCIAS VARIAS,2010-05-25,PELIGROSA,ADMINISTRADOR
2503,2236,"ISOCIANATO DE 3-CLORO-4-METILFENILO, LMQUIDO",MERCANCIAS VARIAS,2010-05-25,PELIGROSA,ADMINISTRADOR
2504,2237,CLORONITROANILINAS,MERCANCIAS VARIAS,2010-05-25,PELIGROSA,ADMINISTRADOR
2505,2238,CLOROTOLUENOS,MERCANCIAS VARIAS,2010-05-25,PELIGROSA,ADMINISTRADOR
2506,2239,CLOROTOLUIDINAS  SSLIDAS,MERCANCIAS VARIAS,2010-05-25,PELIGROSA,ADMINISTRADOR
2507,2240,ACIDO CROMOSULFZRICO,MERCANCIAS VARIAS,2010-05-25,PELIGROSA,ADMINISTRADOR
2508,2241,CICLOHEPTANO,MERCANCIAS VARIAS,2010-05-25,PELIGROSA,ADMINISTRADOR
2509,2242,CICLOHEPTENO,MERCANCIAS VARIAS,2010-05-25,PELIGROSA,ADMINISTRADOR
2510,2243,ACETATO DE CICLOHEXILO,MERCANCIAS VARIAS,2010-05-25,PELIGROSA,ADMINISTRADOR
2511,2244,CICLOPENTANOL,MERCANCIAS VARIAS,2010-05-25,PELIGROSA,ADMINISTRADOR
2512,2245,CICLOPENTANONA,MERCANCIAS VARIAS,2010-05-25,PELIGROSA,ADMINISTRADOR
2513,2246,CICLOPENTENO,MERCANCIAS VARIAS,2010-05-25,PELIGROSA,ADMINISTRADOR
2514,2247,N-DECANO,MERCANCIAS VARIAS,2010-05-25,PELIGROSA,ADMINISTRADOR
2515,2248,DI-N-BUTILAMINA,MERCANCIAS VARIAS,2010-05-25,PELIGROSA,ADMINISTRADOR
2516,2249,ITER DICLORODIMETMLICO SIMITRICO,MERCANCIAS VARIAS,2010-05-25,PELIGROSA,ADMINISTRADOR
2517,2250,ISOCIANATOS DE DICLOROFENILO,MERCANCIAS VARIAS,2010-05-25,PELIGROSA,ADMINISTRADOR
2518,2251,"BICICLO [2.2.1] HEPTA-2,5-DIENO ESTABILIZADO (2,5-NORBORNADIENO ESTABILIZADO)",MERCANCIAS VARIAS,2010-05-25,PELIGROSA,ADMINISTRADOR
2519,2252,"1,2-DIMETOXIETANO",MERCANCIAS VARIAS,2010-05-25,PELIGROSA,ADMINISTRADOR
2520,2253,"N,N-DIMETILANILINA",MERCANCIAS VARIAS,2010-05-25,PELIGROSA,ADMINISTRADOR
2521,2254,FSSFOROS RESISTENTES AL VIENTO,MERCANCIAS VARIAS,2010-05-25,PELIGROSA,ADMINISTRADOR
2522,2256,CICLOHEXENO,MERCANCIAS VARIAS,2010-05-25,PELIGROSA,ADMINISTRADOR
2523,2257,POTASIO,MERCANCIAS VARIAS,2010-05-25,PELIGROSA,ADMINISTRADOR
2524,2258,"1,2-PROPILENDIAMINA",MERCANCIAS VARIAS,2010-05-25,PELIGROSA,ADMINISTRADOR
2525,2259,TRIETILENTETRAMINA,MERCANCIAS VARIAS,2010-05-25,PELIGROSA,ADMINISTRADOR
2526,2260,TRIPROPILAMINA,MERCANCIAS VARIAS,2010-05-25,PELIGROSA,ADMINISTRADOR
2527,2261,XILENOLES SSLIDOS,MERCANCIAS VARIAS,2010-05-25,PELIGROSA,ADMINISTRADOR
2528,2262,CLORURO DE DIMETILCARBAMOILO,MERCANCIAS VARIAS,2010-05-25,PELIGROSA,ADMINISTRADOR
2529,2263,DIMETILCICLOHEXANOS,MERCANCIAS VARIAS,2010-05-25,PELIGROSA,ADMINISTRADOR
2530,2264,"N,N-DIMETILCICLOHEXILAMINA",MERCANCIAS VARIAS,2010-05-25,PELIGROSA,ADMINISTRADOR
2531,2265,"N,N-DIMETILFORMAMIDA",MERCANCIAS VARIAS,2010-05-25,PELIGROSA,ADMINISTRADOR
2532,2266,DIMETIL-N-PROPILAMINA,MERCANCIAS VARIAS,2010-05-25,PELIGROSA,ADMINISTRADOR
2533,2267,CLORURO DE DIMETILTIOFOSFORILO,MERCANCIAS VARIAS,2010-05-25,PELIGROSA,ADMINISTRADOR
2534,2269,"3,3-IMINODIPROPILAMINA",MERCANCIAS VARIAS,2010-05-25,PELIGROSA,ADMINISTRADOR
2535,2270,ETILAMINA EN SOLUCISN ACUOSA CON UN MMNIMO DEL 50% PERO NO MAS DEL 70% DE ETILAMINA,MERCANCIAS VARIAS,2010-05-25,PELIGROSA,ADMINISTRADOR
2536,2271,ETILAMILCETONA,MERCANCIAS VARIAS,2010-05-25,PELIGROSA,ADMINISTRADOR
2537,2272,N-ETILANILINA,MERCANCIAS VARIAS,2010-05-25,PELIGROSA,ADMINISTRADOR
2538,2273,2-ETILANILINA,MERCANCIAS VARIAS,2010-05-25,PELIGROSA,ADMINISTRADOR
2539,2274,N-ETIL-N-BENCILANILINA,MERCANCIAS VARIAS,2010-05-25,PELIGROSA,ADMINISTRADOR
2540,2275,2-ETILBUTANOL,MERCANCIAS VARIAS,2010-05-25,PELIGROSA,ADMINISTRADOR
2541,2276,2-ETILHEXILAMINA,MERCANCIAS VARIAS,2010-05-25,PELIGROSA,ADMINISTRADOR
2542,2277,METACRILATO DE ETILO ESTABILIZADO,MERCANCIAS VARIAS,2010-05-25,PELIGROSA,ADMINISTRADOR
2543,2278,N-HEPTENO,MERCANCIAS VARIAS,2010-05-25,PELIGROSA,ADMINISTRADOR
2544,2279,HEXACLOROBUTADIENO,MERCANCIAS VARIAS,2010-05-25,PELIGROSA,ADMINISTRADOR
2545,2280,HEXAMETILENDIAMINA SSLIDA,MERCANCIAS VARIAS,2010-05-25,PELIGROSA,ADMINISTRADOR
2546,2281,DIISOCIANATO DE HEXAMETILENO,MERCANCIAS VARIAS,2010-05-25,PELIGROSA,ADMINISTRADOR
2547,2282,HEXANOLES,MERCANCIAS VARIAS,2010-05-25,PELIGROSA,ADMINISTRADOR
2548,2283,METACRILATO DE ISOBUTILO ESTABILIZADO,MERCANCIAS VARIAS,2010-05-25,PELIGROSA,ADMINISTRADOR
2549,2284,ISOBUTIRONITRILO,MERCANCIAS VARIAS,2010-05-25,PELIGROSA,ADMINISTRADOR
2550,2285,ISOCIANATOBENZOTRI-FLUORUROS,MERCANCIAS VARIAS,2010-05-25,PELIGROSA,ADMINISTRADOR
2551,2286,PENTAMETILHEPTANO,MERCANCIAS VARIAS,2010-05-25,PELIGROSA,ADMINISTRADOR
2552,2287,ISOHEPTENOS,MERCANCIAS VARIAS,2010-05-25,PELIGROSA,ADMINISTRADOR
2553,2288,ISOHEXENOS,MERCANCIAS VARIAS,2010-05-25,PELIGROSA,ADMINISTRADOR
2554,2289,ISOFORONDIAMINA,MERCANCIAS VARIAS,2010-05-25,PELIGROSA,ADMINISTRADOR
2555,2290,DIISOCIANATO DE ISOFORONA,MERCANCIAS VARIAS,2010-05-25,PELIGROSA,ADMINISTRADOR
2556,2291,"COMPUESTO DE PLOMO, SOLUBLE, N.E.P.",MERCANCIAS VARIAS,2010-05-25,PELIGROSA,ADMINISTRADOR
2557,2293,4-METOXI-4-METIL-2-PENTANONA,MERCANCIAS VARIAS,2010-05-25,PELIGROSA,ADMINISTRADOR
2558,2294,N-METILANILINA,MERCANCIAS VARIAS,2010-05-25,PELIGROSA,ADMINISTRADOR
2559,2295,CLOROACETATO DE METILO,MERCANCIAS VARIAS,2010-05-25,PELIGROSA,ADMINISTRADOR
2560,2296,METILCICLOHEXANO,MERCANCIAS VARIAS,2010-05-25,PELIGROSA,ADMINISTRADOR
2561,2297,METILCICLOHEXANONA,MERCANCIAS VARIAS,2010-05-25,PELIGROSA,ADMINISTRADOR
2562,2298,METILCICLOPENTANO,MERCANCIAS VARIAS,2010-05-25,PELIGROSA,ADMINISTRADOR
2563,2299,DICLOROACETATO DE METILO,MERCANCIAS VARIAS,2010-05-25,PELIGROSA,ADMINISTRADOR
2564,2300,2-METIL-5-ETILPIRIDINA,MERCANCIAS VARIAS,2010-05-25,PELIGROSA,ADMINISTRADOR
2565,2301,2-METILFURANO,MERCANCIAS VARIAS,2010-05-25,PELIGROSA,ADMINISTRADOR
2566,2302,5-METIL-2-HEXANONA,MERCANCIAS VARIAS,2010-05-25,PELIGROSA,ADMINISTRADOR
2567,2303,ISOPROPENILBENCENO,MERCANCIAS VARIAS,2010-05-25,PELIGROSA,ADMINISTRADOR
2568,2304,NAFTALENO FUNDIDO,MERCANCIAS VARIAS,2010-05-25,PELIGROSA,ADMINISTRADOR
2569,2305,ACIDO NITROBENCENOSULFSNICO,MERCANCIAS VARIAS,2010-05-25,PELIGROSA,ADMINISTRADOR
2570,2306,NITROBENZOTRIFLUORUROS LMQUIDOS,MERCANCIAS VARIAS,2010-05-25,PELIGROSA,ADMINISTRADOR
2571,2307,3-NITRO-4-CLOROBENZOTRIFLUORURO,MERCANCIAS VARIAS,2010-05-25,PELIGROSA,ADMINISTRADOR
2572,2308,ACIDO NITROSILSULFZRICO LMQUIDO,MERCANCIAS VARIAS,2010-05-25,PELIGROSA,ADMINISTRADOR
2573,2309,OCTADIENO,MERCANCIAS VARIAS,2010-05-25,PELIGROSA,ADMINISTRADOR
2574,2310,"PENTANO-2,4-DIENO",MERCANCIAS VARIAS,2010-05-25,PELIGROSA,ADMINISTRADOR
2575,2311,FENETIDINAS,MERCANCIAS VARIAS,2010-05-25,PELIGROSA,ADMINISTRADOR
2576,2312,FENOL FUNDIDO,MERCANCIAS VARIAS,2010-05-25,PELIGROSA,ADMINISTRADOR
2577,2313,PICOLINAS,MERCANCIAS VARIAS,2010-05-25,PELIGROSA,ADMINISTRADOR
2578,2315,DIFENILOS POLICLORADOS LMQUIDOS,MERCANCIAS VARIAS,2010-05-25,PELIGROSA,ADMINISTRADOR
2579,2316,CUPROCIANURO SSDICO SSLIDO,MERCANCIAS VARIAS,2010-05-25,PELIGROSA,ADMINISTRADOR
2580,2317,CUPROCIANURO SSDICO EN SOLUCISN,MERCANCIAS VARIAS,2010-05-25,PELIGROSA,ADMINISTRADOR
2581,2318,HIDROSULFURO SSDICO (SULFHIDRATO SSDICO) CON MENOS DEL 25% DE AGUA DE CRISTALIZACISN,MERCANCIAS VARIAS,2010-05-25,PELIGROSA,ADMINISTRADOR
2582,2319,"HIDROCARBUROS TERPINICOS, N.E.P.",MERCANCIAS VARIAS,2010-05-25,PELIGROSA,ADMINISTRADOR
2583,2320,TETRAETILENPENTAMINA,MERCANCIAS VARIAS,2010-05-25,PELIGROSA,ADMINISTRADOR
2584,2321,TRICLOROBENCENOS LMQUIDOS,MERCANCIAS VARIAS,2010-05-25,PELIGROSA,ADMINISTRADOR
2585,2322,TRICLOROBUTENO,MERCANCIAS VARIAS,2010-05-25,PELIGROSA,ADMINISTRADOR
2586,2323,FOSFITO TRIETMLICO,MERCANCIAS VARIAS,2010-05-25,PELIGROSA,ADMINISTRADOR
2587,2324,TRIISOBUTILENO,MERCANCIAS VARIAS,2010-05-25,PELIGROSA,ADMINISTRADOR
2588,2325,"1,3,5-RIMETILBENCENO+C2233",MERCANCIAS VARIAS,2010-05-25,PELIGROSA,ADMINISTRADOR
2589,2326,TRIMETILCICLOHEXILAMINA,MERCANCIAS VARIAS,2010-05-25,PELIGROSA,ADMINISTRADOR
2590,2327,TRIMETILHEXAMETILEN-DIAMINAS,MERCANCIAS VARIAS,2010-05-25,PELIGROSA,ADMINISTRADOR
2591,2328,DIISOCIANATO DE TRIMETILHEXAMETILENO,MERCANCIAS VARIAS,2010-05-25,PELIGROSA,ADMINISTRADOR
2592,2329,FOSFITO TRIMETMLICO,MERCANCIAS VARIAS,2010-05-25,PELIGROSA,ADMINISTRADOR
2593,2330,UNDECANO,MERCANCIAS VARIAS,2010-05-25,PELIGROSA,ADMINISTRADOR
2594,2331,CLORURO DE CINC ANHIDRO,MERCANCIAS VARIAS,2010-05-25,PELIGROSA,ADMINISTRADOR
2595,2332,ACETALDOXIMA,MERCANCIAS VARIAS,2010-05-25,PELIGROSA,ADMINISTRADOR
2596,2333,ACETATO DE ALILO,MERCANCIAS VARIAS,2010-05-25,PELIGROSA,ADMINISTRADOR
2597,2334,ALILAMINA,MERCANCIAS VARIAS,2010-05-25,PELIGROSA,ADMINISTRADOR
2598,2335,ALIL ETIL ITER,MERCANCIAS VARIAS,2010-05-25,PELIGROSA,ADMINISTRADOR
2599,2336,FORMIATO DE ALILO,MERCANCIAS VARIAS,2010-05-25,PELIGROSA,ADMINISTRADOR
2600,2337,FENILMERCAPTANO,MERCANCIAS VARIAS,2010-05-25,PELIGROSA,ADMINISTRADOR
2601,2338,BENZOTRIFLUORURO,MERCANCIAS VARIAS,2010-05-25,PELIGROSA,ADMINISTRADOR
2602,2339,2-BROMOBUTANO,MERCANCIAS VARIAS,2010-05-25,PELIGROSA,ADMINISTRADOR
2603,2340,2-BROMOETIL ETIL ITER,MERCANCIAS VARIAS,2010-05-25,PELIGROSA,ADMINISTRADOR
2604,2341,1-BROMO-3-METILBUTANO,MERCANCIAS VARIAS,2010-05-25,PELIGROSA,ADMINISTRADOR
2605,2342,BROMOMETILPROPANOS,MERCANCIAS VARIAS,2010-05-25,PELIGROSA,ADMINISTRADOR
2606,2343,2-BROMOPENTANO,MERCANCIAS VARIAS,2010-05-25,PELIGROSA,ADMINISTRADOR
2607,2344,BROMOPROPANOS,MERCANCIAS VARIAS,2010-05-25,PELIGROSA,ADMINISTRADOR
2608,2345,3-BROMOPROPINO,MERCANCIAS VARIAS,2010-05-25,PELIGROSA,ADMINISTRADOR
2609,2346,BUTANODIONA,MERCANCIAS VARIAS,2010-05-25,PELIGROSA,ADMINISTRADOR
2610,2347,BUTILMERCAPTANO,MERCANCIAS VARIAS,2010-05-25,PELIGROSA,ADMINISTRADOR
2611,2348,ACRILATOS DE BUTILO ESTABILIZADOS,MERCANCIAS VARIAS,2010-05-25,PELIGROSA,ADMINISTRADOR
2612,2350,BUTIL METIL ITER,MERCANCIAS VARIAS,2010-05-25,PELIGROSA,ADMINISTRADOR
2613,2351,NITRITOS DE BUTILO,MERCANCIAS VARIAS,2010-05-25,PELIGROSA,ADMINISTRADOR
2614,2352,BUTIL VINIL ITER ESTABILIZADO,MERCANCIAS VARIAS,2010-05-25,PELIGROSA,ADMINISTRADOR
2615,2353,CLORURO DE BUTIRILO,MERCANCIAS VARIAS,2010-05-25,PELIGROSA,ADMINISTRADOR
2616,2354,CLOROMETIL ITIL ITER,MERCANCIAS VARIAS,2010-05-25,PELIGROSA,ADMINISTRADOR
2617,2356,2-CLOROPROPANO,MERCANCIAS VARIAS,2010-05-25,PELIGROSA,ADMINISTRADOR
2618,2357,CICLOHEXILAMINA,MERCANCIAS VARIAS,2010-05-25,PELIGROSA,ADMINISTRADOR
2619,2358,CICLOOCTATETRAENO,MERCANCIAS VARIAS,2010-05-25,PELIGROSA,ADMINISTRADOR
2620,2359,DIALILAMINA,MERCANCIAS VARIAS,2010-05-25,PELIGROSA,ADMINISTRADOR
2621,2360,ITER DIALMLICO,MERCANCIAS VARIAS,2010-05-25,PELIGROSA,ADMINISTRADOR
2622,2361,DIISOBUTILAMINA,MERCANCIAS VARIAS,2010-05-25,PELIGROSA,ADMINISTRADOR
2623,2362,"1,1-DICLOROETANO",MERCANCIAS VARIAS,2010-05-25,PELIGROSA,ADMINISTRADOR
2624,2363,ETILMERCAPTANO,MERCANCIAS VARIAS,2010-05-25,PELIGROSA,ADMINISTRADOR
2625,2364,N-PROPILBENCENO,MERCANCIAS VARIAS,2010-05-25,PELIGROSA,ADMINISTRADOR
2626,2366,CARBONATO DE DIETILO,MERCANCIAS VARIAS,2010-05-25,PELIGROSA,ADMINISTRADOR
2627,2367,ALFA-METILVALERALDEHIDO,MERCANCIAS VARIAS,2010-05-25,PELIGROSA,ADMINISTRADOR
2628,2368,ALFA-PINENO,MERCANCIAS VARIAS,2010-05-25,PELIGROSA,ADMINISTRADOR
2629,2370,1-HEXENO,MERCANCIAS VARIAS,2010-05-25,PELIGROSA,ADMINISTRADOR
2630,2371,ISOPENTENOS,MERCANCIAS VARIAS,2010-05-25,PELIGROSA,ADMINISTRADOR
2631,2372,"1,2-DI-(DIMETILAMINO) ETANO",MERCANCIAS VARIAS,2010-05-25,PELIGROSA,ADMINISTRADOR
2632,2373,DIETOXIMETANO,MERCANCIAS VARIAS,2010-05-25,PELIGROSA,ADMINISTRADOR
2633,2374,"3,3-DIETOXIPROPENO",MERCANCIAS VARIAS,2010-05-25,PELIGROSA,ADMINISTRADOR
2634,2375,SULFURO DE DIETILO,MERCANCIAS VARIAS,2010-05-25,PELIGROSA,ADMINISTRADOR
2635,2376,"2,3-DIHIDROPIRANO",MERCANCIAS VARIAS,2010-05-25,PELIGROSA,ADMINISTRADOR
2636,2377,"1,1-DIMETOXIETANO",MERCANCIAS VARIAS,2010-05-25,PELIGROSA,ADMINISTRADOR
2637,2378,2-DIMETILAMINOACETO-NITRILO,MERCANCIAS VARIAS,2010-05-25,PELIGROSA,ADMINISTRADOR
2638,2379,"1,3-DIMETILBUTILAMINA",MERCANCIAS VARIAS,2010-05-25,PELIGROSA,ADMINISTRADOR
2639,2380,DIMETILDIETOXISILANO,MERCANCIAS VARIAS,2010-05-25,PELIGROSA,ADMINISTRADOR
2640,2381,DISULFURO DE DIMETILO,MERCANCIAS VARIAS,2010-05-25,PELIGROSA,ADMINISTRADOR
2641,2382,DIMETILHIDRAZINA SIMITRICA,MERCANCIAS VARIAS,2010-05-25,PELIGROSA,ADMINISTRADOR
2642,2383,DIPROPILAMINA,MERCANCIAS VARIAS,2010-05-25,PELIGROSA,ADMINISTRADOR
2643,2384,ITER DI-N-PROPMLICO,MERCANCIAS VARIAS,2010-05-25,PELIGROSA,ADMINISTRADOR
2644,2385,ISOBUTIRATO DE ETILO,MERCANCIAS VARIAS,2010-05-25,PELIGROSA,ADMINISTRADOR
2645,2386,1-ETILPIPERIDINA,MERCANCIAS VARIAS,2010-05-25,PELIGROSA,ADMINISTRADOR
2646,2387,FLUOROBENCENO,MERCANCIAS VARIAS,2010-05-25,PELIGROSA,ADMINISTRADOR
2647,2388,FLUOROTOLUENOS,MERCANCIAS VARIAS,2010-05-25,PELIGROSA,ADMINISTRADOR
2648,2389,FURANO,MERCANCIAS VARIAS,2010-05-25,PELIGROSA,ADMINISTRADOR
2649,2390,2-YODOBUTANO,MERCANCIAS VARIAS,2010-05-25,PELIGROSA,ADMINISTRADOR
2650,2391,YODOMETILPROPANOS,MERCANCIAS VARIAS,2010-05-25,PELIGROSA,ADMINISTRADOR
2651,2392,YODOPROPANOS,MERCANCIAS VARIAS,2010-05-25,PELIGROSA,ADMINISTRADOR
2652,2393,FORMIATO DE ISOBUTILO,MERCANCIAS VARIAS,2010-05-25,PELIGROSA,ADMINISTRADOR
2653,2394,PROPIONATO DE ISOBUTILO,MERCANCIAS VARIAS,2010-05-25,PELIGROSA,ADMINISTRADOR
2654,2395,CLORURO DE ISOBUTIRILO,MERCANCIAS VARIAS,2010-05-25,PELIGROSA,ADMINISTRADOR
2655,2396,METACRILALDEHIDO ESTABILIZADO,MERCANCIAS VARIAS,2010-05-25,PELIGROSA,ADMINISTRADOR
2656,2397,3-METIL-2-BUTANONA,MERCANCIAS VARIAS,2010-05-25,PELIGROSA,ADMINISTRADOR
2657,2398,METIL-TERC-BUTILITER,MERCANCIAS VARIAS,2010-05-25,PELIGROSA,ADMINISTRADOR
2658,2399,1-METILPIPERIDINA,MERCANCIAS VARIAS,2010-05-25,PELIGROSA,ADMINISTRADOR
2659,2400,ISOVALERIANATO DE METILO,MERCANCIAS VARIAS,2010-05-25,PELIGROSA,ADMINISTRADOR
2660,2401,PIPERIDINA,MERCANCIAS VARIAS,2010-05-25,PELIGROSA,ADMINISTRADOR
2661,2402,PROPANOTIOLES,MERCANCIAS VARIAS,2010-05-25,PELIGROSA,ADMINISTRADOR
2662,2403,ACETATO DE ISOPROPENILO,MERCANCIAS VARIAS,2010-05-25,PELIGROSA,ADMINISTRADOR
2663,2404,PROPIONITRILO,MERCANCIAS VARIAS,2010-05-25,PELIGROSA,ADMINISTRADOR
2664,2405,BUTIRATO DE ISOPROPILO,MERCANCIAS VARIAS,2010-05-25,PELIGROSA,ADMINISTRADOR
2665,2406,ISOBUTIRATO DE ISOPROPILO,MERCANCIAS VARIAS,2010-05-25,PELIGROSA,ADMINISTRADOR
2666,2407,CLOROFORMIATO DE ISOPROPILO,MERCANCIAS VARIAS,2010-05-25,PELIGROSA,ADMINISTRADOR
2667,2409,PROPIONATO DE ISOPROPILO,MERCANCIAS VARIAS,2010-05-25,PELIGROSA,ADMINISTRADOR
2668,2410,"1,2,3,6-TETRAHIDROPIRIDINA",MERCANCIAS VARIAS,2010-05-25,PELIGROSA,ADMINISTRADOR
2669,2411,BUTIRONITRILO,MERCANCIAS VARIAS,2010-05-25,PELIGROSA,ADMINISTRADOR
2670,2412,TETRAHIDROTIOFENO,MERCANCIAS VARIAS,2010-05-25,PELIGROSA,ADMINISTRADOR
2671,2413,ORTOTITANATO TETRAPROPMLICO,MERCANCIAS VARIAS,2010-05-25,PELIGROSA,ADMINISTRADOR
2672,2414,TIOFENO,MERCANCIAS VARIAS,2010-05-25,PELIGROSA,ADMINISTRADOR
2673,2416,BORATO DE TRIMETILO,MERCANCIAS VARIAS,2010-05-25,PELIGROSA,ADMINISTRADOR
2674,2417,FLUORURO DE CARBONILO,MERCANCIAS VARIAS,2010-05-25,PELIGROSA,ADMINISTRADOR
2675,2418,TETRAFLUORURO DE AZUFRE,MERCANCIAS VARIAS,2010-05-25,PELIGROSA,ADMINISTRADOR
2676,2419,BROMOTRIFLUOROETILENO,MERCANCIAS VARIAS,2010-05-25,PELIGROSA,ADMINISTRADOR
2677,2420,HEXAFLUOROACETONA,MERCANCIAS VARIAS,2010-05-25,PELIGROSA,ADMINISTRADOR
2678,2421,TRISXIDO DE NITRSGENO,MERCANCIAS VARIAS,2010-05-25,PELIGROSA,ADMINISTRADOR
2679,2422,2-OCTAFLUOROBUTENO (GAS REFRIGERANTE R 1318),MERCANCIAS VARIAS,2010-05-25,PELIGROSA,ADMINISTRADOR
2680,2424,OCTAFLUOROPROPANO (GAS REFRIGERANTE R 218),MERCANCIAS VARIAS,2010-05-25,PELIGROSA,ADMINISTRADOR
2681,2426,NITRATO AMSNICO LMQUIDO (EN SOLUCISN CONCENTRADA CALIENTE),MERCANCIAS VARIAS,2010-05-25,PELIGROSA,ADMINISTRADOR
2682,2427,CLORATO POTASICO EN SOLUCISN ACUOSA,MERCANCIAS VARIAS,2010-05-25,PELIGROSA,ADMINISTRADOR
2683,2428,CLORATO SSDICO EN SOLUCISN ACUOSA,MERCANCIAS VARIAS,2010-05-25,PELIGROSA,ADMINISTRADOR
2684,2429,CLORATO CALCICO EN SOLUCISN ACUOSA,MERCANCIAS VARIAS,2010-05-25,PELIGROSA,ADMINISTRADOR
2685,2430,"ALQUILFENOLES SSLIDOS, N.E.P. (INCLUIDOS LOS HOMSLOGOS C2 A C12)",MERCANCIAS VARIAS,2010-05-25,PELIGROSA,ADMINISTRADOR
2686,2431,ANISIDINAS,MERCANCIAS VARIAS,2010-05-25,PELIGROSA,ADMINISTRADOR
2687,2432,"N,N-DIETILANILINA",MERCANCIAS VARIAS,2010-05-25,PELIGROSA,ADMINISTRADOR
2688,2433,CLORONITROTOLUENOS LMQUIDOS,MERCANCIAS VARIAS,2010-05-25,PELIGROSA,ADMINISTRADOR
2689,2434,DIBENCILDICLOROSILANO,MERCANCIAS VARIAS,2010-05-25,PELIGROSA,ADMINISTRADOR
2690,2435,ETILFENILDICLOROSILANO,MERCANCIAS VARIAS,2010-05-25,PELIGROSA,ADMINISTRADOR
2691,2436,ACIDO TIOACITICO,MERCANCIAS VARIAS,2010-05-25,PELIGROSA,ADMINISTRADOR
2692,2437,METILFENILDICLOROSILANO,MERCANCIAS VARIAS,2010-05-25,PELIGROSA,ADMINISTRADOR
2693,2438,CLORURO DE TRIMETILACETILO,MERCANCIAS VARIAS,2010-05-25,PELIGROSA,ADMINISTRADOR
2694,2439,HIDROGENODIFLUORURO DE SODIO,MERCANCIAS VARIAS,2010-05-25,PELIGROSA,ADMINISTRADOR
2695,2440,CLORURO ESTANNICO PENTAHIDRATADO,MERCANCIAS VARIAS,2010-05-25,PELIGROSA,ADMINISTRADOR
2696,2441,TRICLORURO DE TITANIO PIROFSRICO O TRICLORURO DE TITANIO PIROFSRICO EN MEZCLA,MERCANCIAS VARIAS,2010-05-25,PELIGROSA,ADMINISTRADOR
2697,2442,CLORURO DE TRICLOROACETILO,MERCANCIAS VARIAS,2010-05-25,PELIGROSA,ADMINISTRADOR
2698,2443,OXITRICLORURO DE VANADIO,MERCANCIAS VARIAS,2010-05-25,PELIGROSA,ADMINISTRADOR
2699,2444,TETRACLORURO DE VANADIO,MERCANCIAS VARIAS,2010-05-25,PELIGROSA,ADMINISTRADOR
2700,2445,"ALQUILOS DE LITIO, LMQUIDOS",MERCANCIAS VARIAS,2010-05-25,PELIGROSA,ADMINISTRADOR
2701,2446,NITROCRESOLES SSLIDOS,MERCANCIAS VARIAS,2010-05-25,PELIGROSA,ADMINISTRADOR
2702,2447,FSSFORO BLANCO FUNDIDO,MERCANCIAS VARIAS,2010-05-25,PELIGROSA,ADMINISTRADOR
2703,2448,AZUFRE FUNDIDO,MERCANCIAS VARIAS,2010-05-25,PELIGROSA,ADMINISTRADOR
2704,2451,TRIFLUORURO DE NITRSGENO,MERCANCIAS VARIAS,2010-05-25,PELIGROSA,ADMINISTRADOR
2705,2452,ETILACETILENO ESTABILIZADO,MERCANCIAS VARIAS,2010-05-25,PELIGROSA,ADMINISTRADOR
2706,2453,FLUORURO DE ETILO (GAS REFRIGERANTE R 161),MERCANCIAS VARIAS,2010-05-25,PELIGROSA,ADMINISTRADOR
2707,2454,FLUORURO DE METILO (GAS REFRIGERANTE R 41),MERCANCIAS VARIAS,2010-05-25,PELIGROSA,ADMINISTRADOR
2708,2455,NITRITO DE METILO,MERCANCIAS VARIAS,2010-05-25,PELIGROSA,ADMINISTRADOR
2709,2456,2-CLOROPROPENO,MERCANCIAS VARIAS,2010-05-25,PELIGROSA,ADMINISTRADOR
2710,2457,"2,3-DIMETILBUTANO",MERCANCIAS VARIAS,2010-05-25,PELIGROSA,ADMINISTRADOR
2711,2458,HEXADIENO,MERCANCIAS VARIAS,2010-05-25,PELIGROSA,ADMINISTRADOR
2712,2459,2-METIL-1-BUTENO,MERCANCIAS VARIAS,2010-05-25,PELIGROSA,ADMINISTRADOR
2713,2460,2-METIL-2-BUTENO,MERCANCIAS VARIAS,2010-05-25,PELIGROSA,ADMINISTRADOR
2714,2461,METILPENTADIENO,MERCANCIAS VARIAS,2010-05-25,PELIGROSA,ADMINISTRADOR
2715,2463,HIDRURO ALUMMNICO,MERCANCIAS VARIAS,2010-05-25,PELIGROSA,ADMINISTRADOR
2716,2464,NITRATO DE BERILIO,MERCANCIAS VARIAS,2010-05-25,PELIGROSA,ADMINISTRADOR
2717,2465,"ACIDO DICLOROISO-CIANZRICO SECO O ACIDO DICLOROISOCIANZRICO, SALES DEL",MERCANCIAS VARIAS,2010-05-25,PELIGROSA,ADMINISTRADOR
2718,2466,SUPERSXIDO POTASICO,MERCANCIAS VARIAS,2010-05-25,PELIGROSA,ADMINISTRADOR
2719,2468,ACIDO TRICLORO-ISOCIANZRICO SECO,MERCANCIAS VARIAS,2010-05-25,PELIGROSA,ADMINISTRADOR
2720,2469,BROMATO DE CINC,MERCANCIAS VARIAS,2010-05-25,PELIGROSA,ADMINISTRADOR
2721,2470,FENILACETONITRILO LMQUIDO,MERCANCIAS VARIAS,2010-05-25,PELIGROSA,ADMINISTRADOR
2722,2471,TETRSXIDO DE OSMIO,MERCANCIAS VARIAS,2010-05-25,PELIGROSA,ADMINISTRADOR
2723,2473,ARSANILATO SSDICO,MERCANCIAS VARIAS,2010-05-25,PELIGROSA,ADMINISTRADOR
2724,2474,TIOFOSGENO,MERCANCIAS VARIAS,2010-05-25,PELIGROSA,ADMINISTRADOR
2725,2475,TRICLORURO DE VANADIO,MERCANCIAS VARIAS,2010-05-25,PELIGROSA,ADMINISTRADOR
2726,2477,ISOTIOCIANATO DE METILO,MERCANCIAS VARIAS,2010-05-25,PELIGROSA,ADMINISTRADOR
2727,2478,"ISOCIANATOS INFLAMABLES, TSXICOS, N.E.P. O ISOCIANATOS EN SOLUCISN, INFLAMABLES, TSXICOS, N.E.P.",MERCANCIAS VARIAS,2010-05-25,PELIGROSA,ADMINISTRADOR
2728,2480,ISOCIANATO DE METILO,MERCANCIAS VARIAS,2010-05-25,PELIGROSA,ADMINISTRADOR
2729,2481,ISOCIANATO DE ETILO,MERCANCIAS VARIAS,2010-05-25,PELIGROSA,ADMINISTRADOR
2730,2482,ISOCIANATO DE N-PROPILO,MERCANCIAS VARIAS,2010-05-25,PELIGROSA,ADMINISTRADOR
2731,2483,ISOCIANATO DE ISOPROPILO,MERCANCIAS VARIAS,2010-05-25,PELIGROSA,ADMINISTRADOR
2732,2484,ISOCIANATO DE TERC-BUTILO,MERCANCIAS VARIAS,2010-05-25,PELIGROSA,ADMINISTRADOR
2733,2485,ISOCIANATO DE N-BUTILO,MERCANCIAS VARIAS,2010-05-25,PELIGROSA,ADMINISTRADOR
2734,2486,ISOCIANATO DE ISOBUTILO,MERCANCIAS VARIAS,2010-05-25,PELIGROSA,ADMINISTRADOR
2735,2487,ISOCIANATO DE FENILO,MERCANCIAS VARIAS,2010-05-25,PELIGROSA,ADMINISTRADOR
2736,2488,ISOCIANATO DE CICLOHEXILO,MERCANCIAS VARIAS,2010-05-25,PELIGROSA,ADMINISTRADOR
2737,2490,ITER DICLOROISOPROPMLICO,MERCANCIAS VARIAS,2010-05-25,PELIGROSA,ADMINISTRADOR
2738,2491,ETANOLAMINA O ETANOLAMINA EN SOLUCISN,MERCANCIAS VARIAS,2010-05-25,PELIGROSA,ADMINISTRADOR
2739,2493,HEXAMETILENIMINA,MERCANCIAS VARIAS,2010-05-25,PELIGROSA,ADMINISTRADOR
2740,2495,PENTAFLUORURO DE YODO,MERCANCIAS VARIAS,2010-05-25,PELIGROSA,ADMINISTRADOR
2741,2496,ANHMDRIDO PROPISNICO,MERCANCIAS VARIAS,2010-05-25,PELIGROSA,ADMINISTRADOR
2742,2498,"1,2,3,6-TETRAHIDRO-BENZALDEHIDO",MERCANCIAS VARIAS,2010-05-25,PELIGROSA,ADMINISTRADOR
2743,2501,SXIDO DE TRI-(1-AZIRIDINIL) FOSFINA EN SOLUCISN,MERCANCIAS VARIAS,2010-05-25,PELIGROSA,ADMINISTRADOR
2744,2502,CLORURO DE VALERILO,MERCANCIAS VARIAS,2010-05-25,PELIGROSA,ADMINISTRADOR
2745,2503,TETRACLORURO DE CIRCONIO,MERCANCIAS VARIAS,2010-05-25,PELIGROSA,ADMINISTRADOR
2746,2504,TETRABROMOETANO,MERCANCIAS VARIAS,2010-05-25,PELIGROSA,ADMINISTRADOR
2747,2505,FLUORURO AMSNICO,MERCANCIAS VARIAS,2010-05-25,PELIGROSA,ADMINISTRADOR
2748,2506,SULFATO ACIDO DE AMONIO,MERCANCIAS VARIAS,2010-05-25,PELIGROSA,ADMINISTRADOR
2749,2507,ACIDO CLOROPLATMNICO SSLIDO,MERCANCIAS VARIAS,2010-05-25,PELIGROSA,ADMINISTRADOR
2750,2508,PENTACLORURO DE MOLIBDENO,MERCANCIAS VARIAS,2010-05-25,PELIGROSA,ADMINISTRADOR
2751,2509,SULFATO ACIDO DE POTASIO,MERCANCIAS VARIAS,2010-05-25,PELIGROSA,ADMINISTRADOR
2752,2511,ACIDO 2-CLOROPROPISNICO,MERCANCIAS VARIAS,2010-05-25,PELIGROSA,ADMINISTRADOR
2753,2512,"AMINOFENOLES (O-, M-, P-)",MERCANCIAS VARIAS,2010-05-25,PELIGROSA,ADMINISTRADOR
2754,2513,BROMURO DE BROMOACETILO,MERCANCIAS VARIAS,2010-05-25,PELIGROSA,ADMINISTRADOR
2755,2514,BROMOBENCENO,MERCANCIAS VARIAS,2010-05-25,PELIGROSA,ADMINISTRADOR
2756,2515,BROMOFORMO,MERCANCIAS VARIAS,2010-05-25,PELIGROSA,ADMINISTRADOR
2757,2516,TETRABROMURO DE CARBONO,MERCANCIAS VARIAS,2010-05-25,PELIGROSA,ADMINISTRADOR
2758,2517,"1-CLORO-1,1-DIFLUOROETANO (GAS REFRIGERANTE R 142 B)",MERCANCIAS VARIAS,2010-05-25,PELIGROSA,ADMINISTRADOR
2759,2518,"1,5,9-CICLODODECATRIENO",MERCANCIAS VARIAS,2010-05-25,PELIGROSA,ADMINISTRADOR
2760,2520,CICLOOCTADIENOS,MERCANCIAS VARIAS,2010-05-25,PELIGROSA,ADMINISTRADOR
2761,2521,DICETENO ESTABILIZADO,MERCANCIAS VARIAS,2010-05-25,PELIGROSA,ADMINISTRADOR
2762,2522,METACRILATO 2-DIMETILAMINOETMLICO,MERCANCIAS VARIAS,2010-05-25,PELIGROSA,ADMINISTRADOR
2763,2524,ORTOFORMIATO DE ETILO,MERCANCIAS VARIAS,2010-05-25,PELIGROSA,ADMINISTRADOR
2764,2525,OXALATO DE ETILO,MERCANCIAS VARIAS,2010-05-25,PELIGROSA,ADMINISTRADOR
2765,2526,FURFURILAMINA,MERCANCIAS VARIAS,2010-05-25,PELIGROSA,ADMINISTRADOR
2766,2527,ACRILATO DE ISOBUTILO ESTABILIZADO,MERCANCIAS VARIAS,2010-05-25,PELIGROSA,ADMINISTRADOR
2767,2528,ISOBUTIRATO DE ISOBUTILO,MERCANCIAS VARIAS,2010-05-25,PELIGROSA,ADMINISTRADOR
2768,2529,ACIDO ISOBUTMRICO,MERCANCIAS VARIAS,2010-05-25,PELIGROSA,ADMINISTRADOR
2769,2531,ACIDO METACRMLICO ESTABILIZADO,MERCANCIAS VARIAS,2010-05-25,PELIGROSA,ADMINISTRADOR
2770,2533,TRICLOROACETATO DE METILO,MERCANCIAS VARIAS,2010-05-25,PELIGROSA,ADMINISTRADOR
2771,2534,METILCLOROSILANO,MERCANCIAS VARIAS,2010-05-25,PELIGROSA,ADMINISTRADOR
2772,2535,4-METILMORFOLINA (N-METILMORFOLINA),MERCANCIAS VARIAS,2010-05-25,PELIGROSA,ADMINISTRADOR
2773,2536,METILTETRAHIDROFURANO,MERCANCIAS VARIAS,2010-05-25,PELIGROSA,ADMINISTRADOR
2774,2538,NITRONAFTALENO,MERCANCIAS VARIAS,2010-05-25,PELIGROSA,ADMINISTRADOR
2775,2541,TERPINOLENO,MERCANCIAS VARIAS,2010-05-25,PELIGROSA,ADMINISTRADOR
2776,2542,TRIBUTILAMINA,MERCANCIAS VARIAS,2010-05-25,PELIGROSA,ADMINISTRADOR
2777,2545,HAFNIO EN POLVO SECO,MERCANCIAS VARIAS,2010-05-25,PELIGROSA,ADMINISTRADOR
2778,2546,TITANIO EN POLVO SECO,MERCANCIAS VARIAS,2010-05-25,PELIGROSA,ADMINISTRADOR
2779,2547,SUPERSXIDO SSDICO,MERCANCIAS VARIAS,2010-05-25,PELIGROSA,ADMINISTRADOR
2780,2548,PENTAFLUORURO DE CLORO,MERCANCIAS VARIAS,2010-05-25,PELIGROSA,ADMINISTRADOR
2781,2552,"HIDRATO DE HEXAFLUORACETONA, LMQUIDO",MERCANCIAS VARIAS,2010-05-25,PELIGROSA,ADMINISTRADOR
2782,2554,CLORURO DE METILALILO,MERCANCIAS VARIAS,2010-05-25,PELIGROSA,ADMINISTRADOR
2783,2555,"NITROCELULOSA CON UN MMNIMO DEL 25%, EN MASA, DE AGUA",MERCANCIAS VARIAS,2010-05-25,PELIGROSA,ADMINISTRADOR
2784,2556,"NITROCELULOSA CON UN MMNIMO DEL 25%, EN MASA, DE ALCOHOL Y UN MAXIMO DEL 12,6%, EN MASA SECA, DE NITRSGENO",MERCANCIAS VARIAS,2010-05-25,PELIGROSA,ADMINISTRADOR
2785,2557,"NITROCELULOSA, CON UN MAXIMO DEL 12,6%, EN MASA SECA, DE NITRSGENO, MEZCLA CON O SIN PLASTIFICANTE, CON O SIN PIGMENTO",MERCANCIAS VARIAS,2010-05-25,PELIGROSA,ADMINISTRADOR
2786,2558,EPIBROMHIDRINA,MERCANCIAS VARIAS,2010-05-25,PELIGROSA,ADMINISTRADOR
2787,2560,2-METIL-2-PENTANOL,MERCANCIAS VARIAS,2010-05-25,PELIGROSA,ADMINISTRADOR
2788,2561,3-METIL-1-BUTENO,MERCANCIAS VARIAS,2010-05-25,PELIGROSA,ADMINISTRADOR
2789,2564,ACIDO TRICLOROACITICO EN SOLUCISN,MERCANCIAS VARIAS,2010-05-25,PELIGROSA,ADMINISTRADOR
2790,2565,DICICLOHEXILAMINA,MERCANCIAS VARIAS,2010-05-25,PELIGROSA,ADMINISTRADOR
2791,2567,PENTACLOROFENATO SSDICO,MERCANCIAS VARIAS,2010-05-25,PELIGROSA,ADMINISTRADOR
2792,2570,"CADMIO, COMPUESTO DE",MERCANCIAS VARIAS,2010-05-25,PELIGROSA,ADMINISTRADOR
2793,2571,ACIDOS ALQUILSULFZRICOS,MERCANCIAS VARIAS,2010-05-25,PELIGROSA,ADMINISTRADOR
2794,2572,FENILHIDRAZINA,MERCANCIAS VARIAS,2010-05-25,PELIGROSA,ADMINISTRADOR
2795,2573,CLORATO DE TALIO,MERCANCIAS VARIAS,2010-05-25,PELIGROSA,ADMINISTRADOR
2796,2574,FOSFATO DE TRICRESILO CON MAS DEL 3% DE ISSMERO ORTO,MERCANCIAS VARIAS,2010-05-25,PELIGROSA,ADMINISTRADOR
2797,2576,"OXIBROMURO DE FSSFORO, FUNDIDO",MERCANCIAS VARIAS,2010-05-25,PELIGROSA,ADMINISTRADOR
2798,2577,CLORURO DE FENILACETILO,MERCANCIAS VARIAS,2010-05-25,PELIGROSA,ADMINISTRADOR
2799,2578,TRISXIDO DE FSSFORO,MERCANCIAS VARIAS,2010-05-25,PELIGROSA,ADMINISTRADOR
2800,2579,PIPERAZINA,MERCANCIAS VARIAS,2010-05-25,PELIGROSA,ADMINISTRADOR
2801,2580,BROMURO DE ALUMINIO EN SOLUCISN,MERCANCIAS VARIAS,2010-05-25,PELIGROSA,ADMINISTRADOR
2802,2581,CLORURO DE ALUMINIO EN SOLUCISN,MERCANCIAS VARIAS,2010-05-25,PELIGROSA,ADMINISTRADOR
2803,2582,CLORURO FIRRICO EN SOLUCISN,MERCANCIAS VARIAS,2010-05-25,PELIGROSA,ADMINISTRADOR
2804,2583,"ACIDOS ALQUILSULFSNICOS SSLIDOS O ACIDOS ARILSULFSNICOS SSLIDOS, CON MAS DEL 5% DE ACIDO SULFZRICO LIBRE",MERCANCIAS VARIAS,2010-05-25,PELIGROSA,ADMINISTRADOR
2805,2584,"ACIDOS ALQUILSULFSNICOS LMQUIDOS O ACIDOS ARILSULFSNICOS LMQUIDOS, CON MAS DEL 5% DE ACIDO SULFZRICO LIBRE",MERCANCIAS VARIAS,2010-05-25,PELIGROSA,ADMINISTRADOR
2806,2585,"ACIDOS ALQUILSULFSNICOS SSLIDOS O ACIDOS ARILSULFSNICOS SSLIDOS, CON UN MAXIMO DEL 5% DE ACIDO SULFZRICO LIBRE",MERCANCIAS VARIAS,2010-05-25,PELIGROSA,ADMINISTRADOR
2807,2586,"ACIDOS ALQUILSULFSNICOS LMQUIDOS O ACIDOS ARILSULFSNICOS LMQUIDOS, CON UN MAXIMO DEL 5% DE ACIDO SULFZRICO LIBRE",MERCANCIAS VARIAS,2010-05-25,PELIGROSA,ADMINISTRADOR
2808,2587,BENZOQUINONA,MERCANCIAS VARIAS,2010-05-25,PELIGROSA,ADMINISTRADOR
2809,2588,"PLAGUICIDA, SSLIDO, TSXICO, N.E.P.",MERCANCIAS VARIAS,2010-05-25,PELIGROSA,ADMINISTRADOR
2810,2589,CLOROACETATO DE VINILO,MERCANCIAS VARIAS,2010-05-25,PELIGROSA,ADMINISTRADOR
2811,2590,"ASBESTO BLANCO (CRISOTILO, ACTINOLITA, ANTOFILITA, TREMOLITA)",MERCANCIAS VARIAS,2010-05-25,PELIGROSA,ADMINISTRADOR
2812,2591,XENSN LMQUIDO REFRIGERADO,MERCANCIAS VARIAS,2010-05-25,PELIGROSA,ADMINISTRADOR
2813,2599,CLOROTRIFLUOROMETANO Y TRIFLUOROMETANO EN MEZCLA AZEOTRSPICA CON APROXIMADAMENTE EL 60% DE CLOROTRIFLUOROMETANO (GAS REFRIGERANTE R 503),MERCANCIAS VARIAS,2010-05-25,PELIGROSA,ADMINISTRADOR
2814,2601,CICLOBUTANO,MERCANCIAS VARIAS,2010-05-25,PELIGROSA,ADMINISTRADOR
2815,2602,DICLORODIFLUOROMETANO Y DIFLUOROETANO EN MEZCLA AZEOTRSPICA CON APROXIMADAMENTE EL 74% DE DICLORODIFLUOROMETANO (GAS REFRIGERANTE R 500),MERCANCIAS VARIAS,2010-05-25,PELIGROSA,ADMINISTRADOR
2816,2603,CICLOHEPTATRIENO,MERCANCIAS VARIAS,2010-05-25,PELIGROSA,ADMINISTRADOR
2817,2604,DIETILETERATO DE TRIFLUORURO DE BORO,MERCANCIAS VARIAS,2010-05-25,PELIGROSA,ADMINISTRADOR
2818,2605,ISOCIANATO DE METOXIMETILO,MERCANCIAS VARIAS,2010-05-25,PELIGROSA,ADMINISTRADOR
2819,2606,ORTOSILICATO DE METILO,MERCANCIAS VARIAS,2010-05-25,PELIGROSA,ADMINISTRADOR
2820,2607,DMMERO DE LA ACROLEMNA ESTABILIZADO,MERCANCIAS VARIAS,2010-05-25,PELIGROSA,ADMINISTRADOR
2821,2608,NITROPROPANOS,MERCANCIAS VARIAS,2010-05-25,PELIGROSA,ADMINISTRADOR
2822,2609,BORATO DE TRIALILO,MERCANCIAS VARIAS,2010-05-25,PELIGROSA,ADMINISTRADOR
2823,2610,TRIALILAMINA,MERCANCIAS VARIAS,2010-05-25,PELIGROSA,ADMINISTRADOR
2824,2611,CLORHIDRINA PROPILINICA,MERCANCIAS VARIAS,2010-05-25,PELIGROSA,ADMINISTRADOR
2825,2612,METIL PROPIL ITER,MERCANCIAS VARIAS,2010-05-25,PELIGROSA,ADMINISTRADOR
2826,2614,ALCOHOL METALMLICO,MERCANCIAS VARIAS,2010-05-25,PELIGROSA,ADMINISTRADOR
2827,2615,ETIL PROPIL ITER,MERCANCIAS VARIAS,2010-05-25,PELIGROSA,ADMINISTRADOR
2828,2616,BORATO DE TRIISOPROPILO,MERCANCIAS VARIAS,2010-05-25,PELIGROSA,ADMINISTRADOR
2829,2617,METILCICLOHEXANOLES INFLAMABLES,MERCANCIAS VARIAS,2010-05-25,PELIGROSA,ADMINISTRADOR
2830,2618,VINILTOLUENOS ESTABILIZADOS,MERCANCIAS VARIAS,2010-05-25,PELIGROSA,ADMINISTRADOR
2831,2619,BENCILDIMETILAMINA,MERCANCIAS VARIAS,2010-05-25,PELIGROSA,ADMINISTRADOR
2832,2620,BUTIRATOS DE AMILO,MERCANCIAS VARIAS,2010-05-25,PELIGROSA,ADMINISTRADOR
2833,2621,ACETILMETILCARBINOL,MERCANCIAS VARIAS,2010-05-25,PELIGROSA,ADMINISTRADOR
2834,2622,GLICIDALDEHIDO,MERCANCIAS VARIAS,2010-05-25,PELIGROSA,ADMINISTRADOR
2835,2623,YESCAS SSLIDAS CON UN LMQUIDO INFLAMABLE,MERCANCIAS VARIAS,2010-05-25,PELIGROSA,ADMINISTRADOR
2836,2624,SILICIURO DE MAGNESIO,MERCANCIAS VARIAS,2010-05-25,PELIGROSA,ADMINISTRADOR
2837,2626,ACIDO CLSRICO EN SOLUCISN ACUOSA CON UN MAXIMO DEL 10% DE ACIDO CLSRICO,MERCANCIAS VARIAS,2010-05-25,PELIGROSA,ADMINISTRADOR
2838,2627,"NITRITOS INORGANICOS, N.E.P.",MERCANCIAS VARIAS,2010-05-25,PELIGROSA,ADMINISTRADOR
2839,2628,FLUOROACETATO DE POTASIO,MERCANCIAS VARIAS,2010-05-25,PELIGROSA,ADMINISTRADOR
2840,2629,FLUOROACETATO DE SODIO,MERCANCIAS VARIAS,2010-05-25,PELIGROSA,ADMINISTRADOR
2841,2630,SELENIATOS O SELENITOS,MERCANCIAS VARIAS,2010-05-25,PELIGROSA,ADMINISTRADOR
2842,2642,ACIDO FLUOROACITICO,MERCANCIAS VARIAS,2010-05-25,PELIGROSA,ADMINISTRADOR
2843,2643,BROMOACETATO DE METILO,MERCANCIAS VARIAS,2010-05-25,PELIGROSA,ADMINISTRADOR
2844,2644,YODURO DE METILO,MERCANCIAS VARIAS,2010-05-25,PELIGROSA,ADMINISTRADOR
2845,2645,BROMURO DE FENACILO,MERCANCIAS VARIAS,2010-05-25,PELIGROSA,ADMINISTRADOR
2846,2646,HEXACLOROCICLO-PENTADIENO,MERCANCIAS VARIAS,2010-05-25,PELIGROSA,ADMINISTRADOR
2847,2647,MALONONITRILO,MERCANCIAS VARIAS,2010-05-25,PELIGROSA,ADMINISTRADOR
2848,2648,"1,2-DIBROMO-3-BUTANONA",MERCANCIAS VARIAS,2010-05-25,PELIGROSA,ADMINISTRADOR
2849,2649,"1,3-DICLOROACETONA",MERCANCIAS VARIAS,2010-05-25,PELIGROSA,ADMINISTRADOR
2850,2650,"1,1-DICLORO-1-NITROETANO",MERCANCIAS VARIAS,2010-05-25,PELIGROSA,ADMINISTRADOR
2851,2651,"4,4-DIAMINODIFENILMETANO",MERCANCIAS VARIAS,2010-05-25,PELIGROSA,ADMINISTRADOR
2852,2653,YODURO DE BENCILO,MERCANCIAS VARIAS,2010-05-25,PELIGROSA,ADMINISTRADOR
2853,2655,FLUOROSILICATO DE POTASIO,MERCANCIAS VARIAS,2010-05-25,PELIGROSA,ADMINISTRADOR
2854,2656,QUINOLEMNA,MERCANCIAS VARIAS,2010-05-25,PELIGROSA,ADMINISTRADOR
2855,2657,DISULFURO DE SELENIO,MERCANCIAS VARIAS,2010-05-25,PELIGROSA,ADMINISTRADOR
2856,2659,CLOROACETATO SSDICO,MERCANCIAS VARIAS,2010-05-25,PELIGROSA,ADMINISTRADOR
2857,2660,NITROTOLUIDINAS (MONO),MERCANCIAS VARIAS,2010-05-25,PELIGROSA,ADMINISTRADOR
2858,2661,HEXACLOROACETONA,MERCANCIAS VARIAS,2010-05-25,PELIGROSA,ADMINISTRADOR
2859,2664,DIBROMOMETANO,MERCANCIAS VARIAS,2010-05-25,PELIGROSA,ADMINISTRADOR
2860,2667,BUTILTOLUENOS,MERCANCIAS VARIAS,2010-05-25,PELIGROSA,ADMINISTRADOR
2861,2668,CLOROACETONITRILO,MERCANCIAS VARIAS,2010-05-25,PELIGROSA,ADMINISTRADOR
2862,2669,CLOROCRESOLES EN SOLUCISN,MERCANCIAS VARIAS,2010-05-25,PELIGROSA,ADMINISTRADOR
2863,2670,CLORURO CIANZRICO,MERCANCIAS VARIAS,2010-05-25,PELIGROSA,ADMINISTRADOR
2864,2671,"AMINOPIRIDINAS (O-, M-, P-)",MERCANCIAS VARIAS,2010-05-25,PELIGROSA,ADMINISTRADOR
2865,2672,"AMONIACO EN SOLUCISN ACUOSA DE DENSIDAD RELATIVA COMPRENDIDA ENTRE 0,880 Y 0,957 A 15 0C, CON MAS DEL 10% PERO NO MAS DEL 35% DE AMONMACO",MERCANCIAS VARIAS,2010-05-25,PELIGROSA,ADMINISTRADOR
2866,2673,2-AMINO-4-CLOROFENOL,MERCANCIAS VARIAS,2010-05-25,PELIGROSA,ADMINISTRADOR
2867,2674,FLUOROSILICATO DE SODIO,MERCANCIAS VARIAS,2010-05-25,PELIGROSA,ADMINISTRADOR
2868,2676,ESTIBINA,MERCANCIAS VARIAS,2010-05-25,PELIGROSA,ADMINISTRADOR
2869,2677,HIDRSXIDO DE RUBIDIO EN SOLUCISN,MERCANCIAS VARIAS,2010-05-25,PELIGROSA,ADMINISTRADOR
2870,2678,HIDRSXIDO DE RUBIDIO,MERCANCIAS VARIAS,2010-05-25,PELIGROSA,ADMINISTRADOR
2871,2679,HIDRSXIDO DE LITIO EN SOLUCISN,MERCANCIAS VARIAS,2010-05-25,PELIGROSA,ADMINISTRADOR
2872,2680,HIDRSXIDO DE LITIO,MERCANCIAS VARIAS,2010-05-25,PELIGROSA,ADMINISTRADOR
2873,2681,HIDRSXIDO DE CESIO EN SOLUCISN,MERCANCIAS VARIAS,2010-05-25,PELIGROSA,ADMINISTRADOR
2874,2682,HIDRSXIDO DE CESIO,MERCANCIAS VARIAS,2010-05-25,PELIGROSA,ADMINISTRADOR
2875,2683,SULFURO AMSNICO EN SOLUCISN,MERCANCIAS VARIAS,2010-05-25,PELIGROSA,ADMINISTRADOR
2876,2684,3-DIETILAMINOPROPILAMINA,MERCANCIAS VARIAS,2010-05-25,PELIGROSA,ADMINISTRADOR
2877,2685,"N,N-DIETILETILENDIAMINA",MERCANCIAS VARIAS,2010-05-25,PELIGROSA,ADMINISTRADOR
2878,2686,2-DIETILAMINOETANOL,MERCANCIAS VARIAS,2010-05-25,PELIGROSA,ADMINISTRADOR
2879,2687,NITRITO DE DICICLOHEXILAMONIO,MERCANCIAS VARIAS,2010-05-25,PELIGROSA,ADMINISTRADOR
2880,2688,1-BROMO-3-CLOROPROPANO,MERCANCIAS VARIAS,2010-05-25,PELIGROSA,ADMINISTRADOR
2881,2689,ALFA-MONOCLORHIDRINA DEL GLICEROL,MERCANCIAS VARIAS,2010-05-25,PELIGROSA,ADMINISTRADOR
2882,2690,"N,N-BUTIL IMIDAZOL",MERCANCIAS VARIAS,2010-05-25,PELIGROSA,ADMINISTRADOR
2883,2691,PENTABROMURO DE FSSFORO,MERCANCIAS VARIAS,2010-05-25,PELIGROSA,ADMINISTRADOR
2884,2692,TRIBROMURO DE BORO,MERCANCIAS VARIAS,2010-05-25,PELIGROSA,ADMINISTRADOR
2885,2693,"BISULFITOS EN SOLUCISN ACUOSA, N.E.P.",MERCANCIAS VARIAS,2010-05-25,PELIGROSA,ADMINISTRADOR
2886,2698,"ANHMDRIDOS TETRAHIDROFTALICOS CON MAS DEL 0,05% DE ANHMDRIDO MALEICO",MERCANCIAS VARIAS,2010-05-25,PELIGROSA,ADMINISTRADOR
2887,2699,ACIDO TRIFLUOROACITICO,MERCANCIAS VARIAS,2010-05-25,PELIGROSA,ADMINISTRADOR
2888,2705,1-PENTOL,MERCANCIAS VARIAS,2010-05-25,PELIGROSA,ADMINISTRADOR
2889,2707,DIMETILDIOXANOS,MERCANCIAS VARIAS,2010-05-25,PELIGROSA,ADMINISTRADOR
2890,2709,BUTILBENCENOS,MERCANCIAS VARIAS,2010-05-25,PELIGROSA,ADMINISTRADOR
2891,2710,DIPROPILCETONA,MERCANCIAS VARIAS,2010-05-25,PELIGROSA,ADMINISTRADOR
2892,2713,ACRIDINA,MERCANCIAS VARIAS,2010-05-25,PELIGROSA,ADMINISTRADOR
2893,2714,RESINATO DE CINC,MERCANCIAS VARIAS,2010-05-25,PELIGROSA,ADMINISTRADOR
2894,2715,RESINATO ALUMMNICO,MERCANCIAS VARIAS,2010-05-25,PELIGROSA,ADMINISTRADOR
2895,2716,"1,4-BUTINODIOL",MERCANCIAS VARIAS,2010-05-25,PELIGROSA,ADMINISTRADOR
2896,2717,ALCANFOR SINTITICO,MERCANCIAS VARIAS,2010-05-25,PELIGROSA,ADMINISTRADOR
2897,2719,BROMATO BARICO,MERCANCIAS VARIAS,2010-05-25,PELIGROSA,ADMINISTRADOR
2898,2720,NITRATO CRSMICO,MERCANCIAS VARIAS,2010-05-25,PELIGROSA,ADMINISTRADOR
2899,2721,CLORATO DE COBRE,MERCANCIAS VARIAS,2010-05-25,PELIGROSA,ADMINISTRADOR
2900,2722,NITRATO DE LITIO,MERCANCIAS VARIAS,2010-05-25,PELIGROSA,ADMINISTRADOR
2901,2723,CLORATO MAGNISICO,MERCANCIAS VARIAS,2010-05-25,PELIGROSA,ADMINISTRADOR
2902,2724,NITRATO DE MANGANESO,MERCANCIAS VARIAS,2010-05-25,PELIGROSA,ADMINISTRADOR
2903,2725,NITRATO DE NMQUEL,MERCANCIAS VARIAS,2010-05-25,PELIGROSA,ADMINISTRADOR
2904,2726,NITRITO DE NMQUEL,MERCANCIAS VARIAS,2010-05-25,PELIGROSA,ADMINISTRADOR
2905,2727,NITRATO DE TALIO,MERCANCIAS VARIAS,2010-05-25,PELIGROSA,ADMINISTRADOR
2906,2728,NITRATO DE CIRCONIO,MERCANCIAS VARIAS,2010-05-25,PELIGROSA,ADMINISTRADOR
2907,2729,HEXACLOROBENCENO,MERCANCIAS VARIAS,2010-05-25,PELIGROSA,ADMINISTRADOR
2908,2730,NITROANISOL LMQUIDO,MERCANCIAS VARIAS,2010-05-25,PELIGROSA,ADMINISTRADOR
2909,2732,NITROBROMOBENCENOS LMQUIDOS,MERCANCIAS VARIAS,2010-05-25,PELIGROSA,ADMINISTRADOR
2910,2733,"AMINAS INFLAMABLES, CORROSIVAS, N.E.P. O POLIAMINAS INFLAMABLES, CORROSIVAS, N.E.P.",MERCANCIAS VARIAS,2010-05-25,PELIGROSA,ADMINISTRADOR
2911,2734,"AMINAS LMQUIDAS, CORROSIVAS, INFLAMABLES, N.E.P. O POLIAMINAS LMQUIDAS, CORROSIVAS, INFLAMABLES, N.E.P.",MERCANCIAS VARIAS,2010-05-25,PELIGROSA,ADMINISTRADOR
2912,2735,"AMINAS LMQUIDAS, CORROSIVAS, N.E.P. O POLIAMINAS LMQUIDAS, CORROSIVAS, N.E.P.",MERCANCIAS VARIAS,2010-05-25,PELIGROSA,ADMINISTRADOR
2913,2738,N-BUTILANILINA,MERCANCIAS VARIAS,2010-05-25,PELIGROSA,ADMINISTRADOR
2914,2739,ANHIDRIDO BUTMRICO,MERCANCIAS VARIAS,2010-05-25,PELIGROSA,ADMINISTRADOR
2915,2740,CLOROFORMIATO DE N-PROPILO,MERCANCIAS VARIAS,2010-05-25,PELIGROSA,ADMINISTRADOR
2916,2741,HIPOCLORITO BARICO CON MAS DEL 22% DE CLORO ACTIVO,MERCANCIAS VARIAS,2010-05-25,PELIGROSA,ADMINISTRADOR
2917,2742,"CLOROFORMIATOS TSXICOS, CORROSIVOS, INFLAMABLES, N.E.P.",MERCANCIAS VARIAS,2010-05-25,PELIGROSA,ADMINISTRADOR
2918,2743,CLOROFORMIATO DE N-BUTILO,MERCANCIAS VARIAS,2010-05-25,PELIGROSA,ADMINISTRADOR
2919,2744,CLOROFORMIATO DE CICLOBUTILO,MERCANCIAS VARIAS,2010-05-25,PELIGROSA,ADMINISTRADOR
2920,2745,CLOROFORMIATO DE CLOROMETILO,MERCANCIAS VARIAS,2010-05-25,PELIGROSA,ADMINISTRADOR
2921,2746,CLOROFORMIATO DE FENILO,MERCANCIAS VARIAS,2010-05-25,PELIGROSA,ADMINISTRADOR
2922,2747,CLOROFORMIATO DE TERC-BUTILCICLOHEXILO,MERCANCIAS VARIAS,2010-05-25,PELIGROSA,ADMINISTRADOR
2923,2748,CLOROFORMIATO DE 2-ETILHEXILO,MERCANCIAS VARIAS,2010-05-25,PELIGROSA,ADMINISTRADOR
2924,2749,TETRAMETILSILANO,MERCANCIAS VARIAS,2010-05-25,PELIGROSA,ADMINISTRADOR
2925,2750,"1,3-DICLORO-2-PROPANOL",MERCANCIAS VARIAS,2010-05-25,PELIGROSA,ADMINISTRADOR
2926,2751,CLORURO DE DIETILTIOFOSFORILO,MERCANCIAS VARIAS,2010-05-25,PELIGROSA,ADMINISTRADOR
2927,2752,"1,2-EPOXI-3-ETOXIPROPANO",MERCANCIAS VARIAS,2010-05-25,PELIGROSA,ADMINISTRADOR
2928,2753,N-ETILBENCILTOLUIDINAS LMQUIDAS,MERCANCIAS VARIAS,2010-05-25,PELIGROSA,ADMINISTRADOR
2929,2754,N-ETILTOLUIDINAS,MERCANCIAS VARIAS,2010-05-25,PELIGROSA,ADMINISTRADOR
2930,2757,"PLAGUICIDA A BASE DE CARBAMATO, SSLIDO, TSXICO",MERCANCIAS VARIAS,2010-05-25,PELIGROSA,ADMINISTRADOR
2931,2758,"PLAGUICIDA A BASE DE CARBAMATO, LMQUIDO, INFLAMABLE, TSXICO, DE PUNTO DE INFLAMACISN INFERIOR A 230C",MERCANCIAS VARIAS,2010-05-25,PELIGROSA,ADMINISTRADOR
2932,2759,"PLAGUICIDA ARSENICAL SSLIDO, TSXICO",MERCANCIAS VARIAS,2010-05-25,PELIGROSA,ADMINISTRADOR
2933,2760,"PLAGUICIDA ARSENICAL LMQUIDO, INFLAMABLE, TSXICO, DE PUNTO DE INFLAMACISN INFERIOR A 230C",MERCANCIAS VARIAS,2010-05-25,PELIGROSA,ADMINISTRADOR
2934,2761,"PLAGUICIDA ORGANOCLORADO, SSLIDO, TSXICO",MERCANCIAS VARIAS,2010-05-25,PELIGROSA,ADMINISTRADOR
2935,2762,"PLAGUICIDA ORGANOCLORADO, LMQUIDO, INFLAMABLE, TSXICO, DE PUNTO DE INFLAMACISN INFERIOR A 230C",MERCANCIAS VARIAS,2010-05-25,PELIGROSA,ADMINISTRADOR
2936,2763,"PLAGUICIDA A BASE DE TRIAZINA, SSLIDO, TSXICO",MERCANCIAS VARIAS,2010-05-25,PELIGROSA,ADMINISTRADOR
2937,2764,"PLAGUICIDA A BASE DE TRIAZINA, LMQUIDO, INFLAMABLE, TSXICO, DE PUNTO DE INFLAMACISN INFERIOR A 230C",MERCANCIAS VARIAS,2010-05-25,PELIGROSA,ADMINISTRADOR
2938,2771,"PLAGUICIDA A BASE DE TIOCARBAMATO, SSLIDO, TSXICO",MERCANCIAS VARIAS,2010-05-25,PELIGROSA,ADMINISTRADOR
2939,2772,"PLAGUICIDA A BASE DE TIOCARBAMATO, LMQUIDO, INFLAMABLE, TSXICO, DE PUNTO DE INFLAMACISN INFERIOR A 230C",MERCANCIAS VARIAS,2010-05-25,PELIGROSA,ADMINISTRADOR
2940,2775,"PLAGUICIDA A BASE DE COBRE, SSLIDO, TSXICO",MERCANCIAS VARIAS,2010-05-25,PELIGROSA,ADMINISTRADOR
2941,2776,"PLAGUICIDA A BASE DE COBRE, LMQUIDO, INFLAMABLE, TSXICO, DE PUNTO DE INFLAMACISN INFERIOR A 230C",MERCANCIAS VARIAS,2010-05-25,PELIGROSA,ADMINISTRADOR
2942,2777,"PLAGUICIDA A BASE DE MERCURIO, SSLIDO, TSXICO",MERCANCIAS VARIAS,2010-05-25,PELIGROSA,ADMINISTRADOR
2943,2778,"PLAGUICIDA A BASE DE MERCURIO, LMQUIDO, INFLAMABLE, TSXICO, DE PUNTO DE INFLAMACISN INFERIOR A 230C",MERCANCIAS VARIAS,2010-05-25,PELIGROSA,ADMINISTRADOR
2944,2779,"PLAGUICIDA A BASE DE NITROFENOLES SUSTITUIDOS, SSLIDO, TSXICO",MERCANCIAS VARIAS,2010-05-25,PELIGROSA,ADMINISTRADOR
2945,2780,"PLAGUICIDA A BASE DE NITROFENOLES SUSTITUIDOS, LMQUIDO, INFLAMABLE, TSXICO, DE PUNTO DE INFLAMACISN INFERIOR A 230C",MERCANCIAS VARIAS,2010-05-25,PELIGROSA,ADMINISTRADOR
2946,2781,"PLAGUICIDA A BASE DE DIPIRIDILO, SSLIDO, TSXICO",MERCANCIAS VARIAS,2010-05-25,PELIGROSA,ADMINISTRADOR
2947,2782,"PLAGUICIDA A BASE DE DIPIRIDILO, LMQUIDO, INFLAMABLE, TSXICO, DE PUNTO DE INFLAMACISN INFERIOR A 230C",MERCANCIAS VARIAS,2010-05-25,PELIGROSA,ADMINISTRADOR
2948,2783,"PLAGUICIDA A BASE DE ORGANOFSSFORO, SSLIDO, TSXICO",MERCANCIAS VARIAS,2010-05-25,PELIGROSA,ADMINISTRADOR
2949,2784,"PLAGUICIDA A BASE DE ORGANOFSSFORO, LMQUIDO, INFLAMABLE, TSXICO, DE PUNTO DE INFLAMACISN INFERIOR A 230C",MERCANCIAS VARIAS,2010-05-25,PELIGROSA,ADMINISTRADOR
2950,2785,4-TIAPENTANAL,MERCANCIAS VARIAS,2010-05-25,PELIGROSA,ADMINISTRADOR
2951,2786,"PLAGUICIDA A BASE DE ORGANOESTAQO, SSLIDO, TSXICO",MERCANCIAS VARIAS,2010-05-25,PELIGROSA,ADMINISTRADOR
2952,2787,"PLAGUICIDA A BASE DE ORGANOESTAQO, LMQUIDO, INFLAMABLE, TSXICO, DE PUNTO DE INFLAMACISN INFERIOR A 230C",MERCANCIAS VARIAS,2010-05-25,PELIGROSA,ADMINISTRADOR
2953,2788,"COMPUESTO DE ORGANOESTAQO, LMQUIDO, N.E.P.",MERCANCIAS VARIAS,2010-05-25,PELIGROSA,ADMINISTRADOR
2954,2789,"ACIDO ACITICO GLACIAL O ACIDO ACITICO EN SOLUCISN CON MAS DEL 80%, EN MASA, DE ACIDO",MERCANCIAS VARIAS,2010-05-25,PELIGROSA,ADMINISTRADOR
2955,2790,"ACIDO ACITICO EN SOLUCISN CON UN MMNIMO DEL 50% Y UN MAXIMO DEL 80%, EN MASA, DE ACIDO",MERCANCIAS VARIAS,2010-05-25,PELIGROSA,ADMINISTRADOR
2956,2793,"VIRUTAS, TORNEADURAS O RASPADURAS DE METALES FERROSOS EN UNA FORMA SUSCEPTIBLE DE CALENTAMIENTO ESPONTANEO",MERCANCIAS VARIAS,2010-05-25,PELIGROSA,ADMINISTRADOR
2957,2794,ACUMULADORES ELICTRICOS DE ELECTROLITO LMQUIDO ACIDO,MERCANCIAS VARIAS,2010-05-25,PELIGROSA,ADMINISTRADOR
2958,2795,ACUMULADORES ELICTRICOS DE ELECTROLITO LMQUIDO ALCALINO,MERCANCIAS VARIAS,2010-05-25,PELIGROSA,ADMINISTRADOR
2959,2796,ACIDO SULFZRICO CON UN MAXIMO DEL 51% DE ACIDO O ELECTROLITO ACIDO PARA BATERMAS,MERCANCIAS VARIAS,2010-05-25,PELIGROSA,ADMINISTRADOR
2960,2797,ELECTROLITO ALCALINO PARA ACUMULADORES,MERCANCIAS VARIAS,2010-05-25,PELIGROSA,ADMINISTRADOR
2961,2798,DICLOROFENILFOSFINA,MERCANCIAS VARIAS,2010-05-25,PELIGROSA,ADMINISTRADOR
2962,2799,TIODICLOROFENILFOSFINA,MERCANCIAS VARIAS,2010-05-25,PELIGROSA,ADMINISTRADOR
2963,2800,ACUMULADORES ELICTRICOS NO DERRAMABLES DE ELECTROLITO LMQUIDO,MERCANCIAS VARIAS,2010-05-25,PELIGROSA,ADMINISTRADOR
2964,2801,"COLORANTE LMQUIDO CORROSIVO, N.E.P. O MATERIA INTERMEDIA PARA COLORANTES, LMQUIDA, CORROSIVA, N.E.P.",MERCANCIAS VARIAS,2010-05-25,PELIGROSA,ADMINISTRADOR
2965,2802,CLORURO DE COBRE,MERCANCIAS VARIAS,2010-05-25,PELIGROSA,ADMINISTRADOR
2966,2803,GALIO,MERCANCIAS VARIAS,2010-05-25,PELIGROSA,ADMINISTRADOR
2967,2805,"HIDRURO DE LITIO, FUNDIDO, SSLIDO",MERCANCIAS VARIAS,2010-05-25,PELIGROSA,ADMINISTRADOR
2968,2806,NITRURO DE LITIO,MERCANCIAS VARIAS,2010-05-25,PELIGROSA,ADMINISTRADOR
2969,2807,MATERIAL MAGNETIZADO,MERCANCIAS VARIAS,2010-05-25,PELIGROSA,ADMINISTRADOR
2970,2809,MERCURIO,MERCANCIAS VARIAS,2010-05-25,PELIGROSA,ADMINISTRADOR
2971,2810,"LMQUIDO TSXICO, ORGANICO, N.E.P.",MERCANCIAS VARIAS,2010-05-25,PELIGROSA,ADMINISTRADOR
2972,2811,"SSLIDO TSXICO, ORGANICO, N.E.P.",MERCANCIAS VARIAS,2010-05-25,PELIGROSA,ADMINISTRADOR
2973,2812,ALUMINATO SSDICO SSLIDO,MERCANCIAS VARIAS,2010-05-25,PELIGROSA,ADMINISTRADOR
2974,2813,"SSLIDO QUE REACCIONA CON EL AGUA, N.E.P.",MERCANCIAS VARIAS,2010-05-25,PELIGROSA,ADMINISTRADOR
2975,2814,SUSTANCIA INFECCIOSA PARA EL SER HUMANO,MERCANCIAS VARIAS,2010-05-25,PELIGROSA,ADMINISTRADOR
2976,2815,N-AMINOETILPIPERAZINA,MERCANCIAS VARIAS,2010-05-25,PELIGROSA,ADMINISTRADOR
2977,2817,DIHIDROFLUORURO AMSNICO EN SOLUCISN,MERCANCIAS VARIAS,2010-05-25,PELIGROSA,ADMINISTRADOR
2978,2818,POLISULFURO DE AMONIO EN SOLUCISN,MERCANCIAS VARIAS,2010-05-25,PELIGROSA,ADMINISTRADOR
2979,2819,FOSFATO ACIDO DE AMILO,MERCANCIAS VARIAS,2010-05-25,PELIGROSA,ADMINISTRADOR
2980,2820,ACIDO BUTMRICO,MERCANCIAS VARIAS,2010-05-25,PELIGROSA,ADMINISTRADOR
2981,2821,FENOL EN SOLUCISN,MERCANCIAS VARIAS,2010-05-25,PELIGROSA,ADMINISTRADOR
2982,2822,2-CLOROPIRIDINA,MERCANCIAS VARIAS,2010-05-25,PELIGROSA,ADMINISTRADOR
2983,2823,ACIDO CROTSNICO SSLIDO,MERCANCIAS VARIAS,2010-05-25,PELIGROSA,ADMINISTRADOR
2984,2826,CLOROTIOFORMIATO DE ETILO,MERCANCIAS VARIAS,2010-05-25,PELIGROSA,ADMINISTRADOR
2985,2829,ACIDO CAPROICO,MERCANCIAS VARIAS,2010-05-25,PELIGROSA,ADMINISTRADOR
2986,2830,LITIOFERROSILICIO,MERCANCIAS VARIAS,2010-05-25,PELIGROSA,ADMINISTRADOR
2987,2831,"1,1,1-TRICLOROETANO",MERCANCIAS VARIAS,2010-05-25,PELIGROSA,ADMINISTRADOR
2988,2834,ACIDO FOSFOROSO,MERCANCIAS VARIAS,2010-05-25,PELIGROSA,ADMINISTRADOR
2989,2835,HIDRURO SSDICO ALUMMNICO,MERCANCIAS VARIAS,2010-05-25,PELIGROSA,ADMINISTRADOR
2990,2837,BISULFATOS EN SOLUCISN ACUOSA,MERCANCIAS VARIAS,2010-05-25,PELIGROSA,ADMINISTRADOR
2991,2838,BUTIRATO DE VINILO ESTABILIZADO,MERCANCIAS VARIAS,2010-05-25,PELIGROSA,ADMINISTRADOR
2992,2839,ALDOL,MERCANCIAS VARIAS,2010-05-25,PELIGROSA,ADMINISTRADOR
2993,2840,BUTIRALDOXIMA,MERCANCIAS VARIAS,2010-05-25,PELIGROSA,ADMINISTRADOR
2994,2841,DI-N-AMILAMINA,MERCANCIAS VARIAS,2010-05-25,PELIGROSA,ADMINISTRADOR
2995,2842,NITROETANO,MERCANCIAS VARIAS,2010-05-25,PELIGROSA,ADMINISTRADOR
2996,2844,CALCIOMANGANESOSILICIO,MERCANCIAS VARIAS,2010-05-25,PELIGROSA,ADMINISTRADOR
2997,2845,"LMQUIDO PIROFSRICO ORGANICO, N.E.P.",MERCANCIAS VARIAS,2010-05-25,PELIGROSA,ADMINISTRADOR
2998,2846,"SSLIDO PIROFSRICO ORGANICO, N.E.P.",MERCANCIAS VARIAS,2010-05-25,PELIGROSA,ADMINISTRADOR
2999,2849,3-CLORO-1-PROPANOL,MERCANCIAS VARIAS,2010-05-25,PELIGROSA,ADMINISTRADOR
3000,2850,TETRAMERO DEL PROPILENO,MERCANCIAS VARIAS,2010-05-25,PELIGROSA,ADMINISTRADOR
3001,2851,TRIFLUORURO DE BORO DIHIDRATADO,MERCANCIAS VARIAS,2010-05-25,PELIGROSA,ADMINISTRADOR
3002,2852,"SULFURO DE DIPICRILO HUMIDIFICADO CON UN MMNIMO DEL 10%, EN MASA, DE AGUA",MERCANCIAS VARIAS,2010-05-25,PELIGROSA,ADMINISTRADOR
3003,2853,FLUOROSILICATO MAGNISICO,MERCANCIAS VARIAS,2010-05-25,PELIGROSA,ADMINISTRADOR
3004,2854,FLUOROSILICATO AMSNICO,MERCANCIAS VARIAS,2010-05-25,PELIGROSA,ADMINISTRADOR
3005,2855,FLUOROSILICATO DE CINC,MERCANCIAS VARIAS,2010-05-25,PELIGROSA,ADMINISTRADOR
3006,2856,"FLUOROSILICATOS, N.E.P.",MERCANCIAS VARIAS,2010-05-25,PELIGROSA,ADMINISTRADOR
3007,2857,MAQUINAS REFRIGERADORAS QUE CONTENGAN GASES  NO INFLAMABLES NI TSXICOS O AMONMACO EN SOLUCISN (ONU 2672),MERCANCIAS VARIAS,2010-05-25,PELIGROSA,ADMINISTRADOR
3008,2858,"CIRCONIO SECO, EN FORMA DE ALAMBRE ENROLLADO, DE LAMINAS METALICAS ACABADAS O DE TIRAS (DE UN GROSOR INFERIOR A 254 MICRONES PERO NO INFERIOR A 18 MICRONES)",MERCANCIAS VARIAS,2010-05-25,PELIGROSA,ADMINISTRADOR
3009,2859,METAVANADATO AMSNICO,MERCANCIAS VARIAS,2010-05-25,PELIGROSA,ADMINISTRADOR
3010,2861,POLIVANADATO AMSNICO,MERCANCIAS VARIAS,2010-05-25,PELIGROSA,ADMINISTRADOR
3011,2862,PENTSXIDO DE VANADIO NO FUNDIDO,MERCANCIAS VARIAS,2010-05-25,PELIGROSA,ADMINISTRADOR
3012,2863,VANADATO DE SODIO Y AMONIO,MERCANCIAS VARIAS,2010-05-25,PELIGROSA,ADMINISTRADOR
3013,2864,METAVANADATO POTASICO,MERCANCIAS VARIAS,2010-05-25,PELIGROSA,ADMINISTRADOR
3014,2865,SULFATO DE HIDROXILAMINA,MERCANCIAS VARIAS,2010-05-25,PELIGROSA,ADMINISTRADOR
3015,2869,MEZCLAS DE TRICLORURO DE TITANIO,MERCANCIAS VARIAS,2010-05-25,PELIGROSA,ADMINISTRADOR
3016,2870,BOROHIDRURO DE ALUMINIO,MERCANCIAS VARIAS,2010-05-25,PELIGROSA,ADMINISTRADOR
3017,2871,ANTIMONIO EN POLVO,MERCANCIAS VARIAS,2010-05-25,PELIGROSA,ADMINISTRADOR
3018,2872,DIBROMOCLOROPROPANOS,MERCANCIAS VARIAS,2010-05-25,PELIGROSA,ADMINISTRADOR
3019,2873,DIBUTILAMINOETANOL,MERCANCIAS VARIAS,2010-05-25,PELIGROSA,ADMINISTRADOR
3020,2874,ALCOHOL FURFURMLICO,MERCANCIAS VARIAS,2010-05-25,PELIGROSA,ADMINISTRADOR
3021,2875,HEXACLOROFENO,MERCANCIAS VARIAS,2010-05-25,PELIGROSA,ADMINISTRADOR
3022,2876,RESORCINOL,MERCANCIAS VARIAS,2010-05-25,PELIGROSA,ADMINISTRADOR
3023,2878,"TITANIO, ESPONJA DE, EN GRANULOS O EN POLVO",MERCANCIAS VARIAS,2010-05-25,PELIGROSA,ADMINISTRADOR
3024,2879,OXICLORURO DE SELENIO,MERCANCIAS VARIAS,2010-05-25,PELIGROSA,ADMINISTRADOR
3025,2880,"HIPOCLORITO CALCICO HIDRATADO O HIPOCLORITO CALCICO HIDRATADO EN MEZCLA, CON NO MENOS DEL 5,5% PERO NO MAS DEL 16% DE AGUA",MERCANCIAS VARIAS,2010-05-25,PELIGROSA,ADMINISTRADOR
3026,3815120,CATALIZADOR DE METAL SECO,MERCANCIAS VARIAS,2010-05-25,PELIGROSA,ADMINISTRADOR
3027,2900,SUSTANCIA INFECCIOSA  PARA LOS ANIMALES ZNICAMENTE,MERCANCIAS VARIAS,2010-05-25,PELIGROSA,ADMINISTRADOR
3028,2901,CLORURO DE BROMO,MERCANCIAS VARIAS,2010-05-25,PELIGROSA,ADMINISTRADOR
3029,2902,"PLAGUICIDA LMQUIDO, TSXICO, N.E.P.",MERCANCIAS VARIAS,2010-05-25,PELIGROSA,ADMINISTRADOR
3030,2903,"PLAGUICIDA LMQUIDO, TSXICO, INFLAMABLE, N.E.P., DE PUNTO DE INFLAMACISN NO INFERIOR A 230C",MERCANCIAS VARIAS,2010-05-25,PELIGROSA,ADMINISTRADOR
3031,2904,CLOROFENOLATOS LMQUIDOS O FENOLATOS LMQUIDOS,MERCANCIAS VARIAS,2010-05-25,PELIGROSA,ADMINISTRADOR
3032,2905,CLOROFENOLATOS SSLIDOS O FENOLATOS SSLIDOS,MERCANCIAS VARIAS,2010-05-25,PELIGROSA,ADMINISTRADOR
3033,2907,"MEZCLAS DE DINITRATO DE ISOSORBIDA CON UN MMNIMO DEL 60% DE LACTOSA, MANOSA, ALMIDSN O FOSFATO ACIDO DE CALCIO",MERCANCIAS VARIAS,2010-05-25,PELIGROSA,ADMINISTRADOR
3034,2908,"MATERIALES RADIACTIVOS, BULTOS EXCEPTUADOS-EMBALAJES/ENVASES VACMOS",MERCANCIAS VARIAS,2010-05-25,PELIGROSA,ADMINISTRADOR
3035,2909,"MATERIALES RADIACTIVOS, BULTOS EXCEPTUADOS-ARTMCULOS MANUFACTURADOS DE URANIO NATURAL O URANIO EMPOBRECIDO O TORIO NATURAL",MERCANCIAS VARIAS,2010-05-25,PELIGROSA,ADMINISTRADOR
3036,2910,"MATERIALES RADIACTIVOS, BULTOS EXCEPTUADOS-CANTIDADES LIMITADAS DE MATERIALES",MERCANCIAS VARIAS,2010-05-25,PELIGROSA,ADMINISTRADOR
3037,2911,"MATERIALES RADIACTIVOS, BULTOS EXCEPTUADOS-INSTRUMENTOS O ARTMCULOS",MERCANCIAS VARIAS,2010-05-25,PELIGROSA,ADMINISTRADOR
3038,2912,"MATERIALES RADIACTIVOS, BAJA ACTIVIDAD ESPECMFICA (BAE-I), NO FISIONABLES O FISIONABLES EXCEPTUADOS",MERCANCIAS VARIAS,2010-05-25,PELIGROSA,ADMINISTRADOR
3039,2913,"MATERIALES RADIACTIVOS, OBJETOS CONTAMINADOS EN LA SUPERFICIE (OCS-I U OCS-II), NO FISIONABLES O FISIONABLES EXCEPTUADOS",MERCANCIAS VARIAS,2010-05-25,PELIGROSA,ADMINISTRADOR
3040,2915,"MATERIALES RADIACTIVOS, BULTOS DEL TIPO A, NO EN FORMA ESPECIAL, NO FISIONABLES O FISIONABLES EXCEPTUADOS",MERCANCIAS VARIAS,2010-05-25,PELIGROSA,ADMINISTRADOR
3041,2916,"MATERIALES RADIACTIVOS, BULTOS DEL TIPO B(U), NO FISIONABLES O FISIONABLES EXCEPTUADOS",MERCANCIAS VARIAS,2010-05-25,PELIGROSA,ADMINISTRADOR
3042,2917,"MATERIALES RADIACTIVOS, BULTOS DEL TIPO B(M), NO FISIONABLES O FISIONABLES EXCEPTUADOS",MERCANCIAS VARIAS,2010-05-25,PELIGROSA,ADMINISTRADOR
3043,2919,"MATERIALES RADIACTIVOS, TRANSPORTADOS EN VIRTUD DE ARREGLOS ESPECIALES, NO FISIONABLES O FISIONABLES EXCEPTUADOS",MERCANCIAS VARIAS,2010-05-25,PELIGROSA,ADMINISTRADOR
3044,2920,"LMQUIDO CORROSIVO INFLAMABLE, N.E.P.",MERCANCIAS VARIAS,2010-05-25,PELIGROSA,ADMINISTRADOR
3045,2921,"SSLIDO CORROSIVO INFLAMABLE, N.E.P.",MERCANCIAS VARIAS,2010-05-25,PELIGROSA,ADMINISTRADOR
3046,2922,"LMQUIDO CORROSIVO, TSXICO, N.E.P.",MERCANCIAS VARIAS,2010-05-25,PELIGROSA,ADMINISTRADOR
3047,2923,"SSLIDO CORROSIVO, TSXICO, N.E.P.",MERCANCIAS VARIAS,2010-05-25,PELIGROSA,ADMINISTRADOR
3048,2924,"LMQUIDO INFLAMABLE, CORROSIVO, N.E.P.",MERCANCIAS VARIAS,2010-05-25,PELIGROSA,ADMINISTRADOR
3049,2925,"SSLIDO INFLAMABLE, CORROSIVO, ORGANICO, N.E.P.",MERCANCIAS VARIAS,2010-05-25,PELIGROSA,ADMINISTRADOR
3050,2926,"SSLIDO INFLAMABLE, TSXICO, ORGANICO, N.E.P.",MERCANCIAS VARIAS,2010-05-25,PELIGROSA,ADMINISTRADOR
3051,2927,"LMQUIDO TSXICO, CORROSIVO, ORGANICO, N.E.P.",MERCANCIAS VARIAS,2010-05-25,PELIGROSA,ADMINISTRADOR
3052,2928,"SSLIDO TSXICO, CORROSIVO, ORGANICO, N.E.P.",MERCANCIAS VARIAS,2010-05-25,PELIGROSA,ADMINISTRADOR
3053,2929,"LMQUIDO TSXICO, INFLAMABLE, ORGANICO, N.E.P.",MERCANCIAS VARIAS,2010-05-25,PELIGROSA,ADMINISTRADOR
3054,2930,"SSLIDO TSXICO, INFLAMABLE, ORGANICO, N.E.P.",MERCANCIAS VARIAS,2010-05-25,PELIGROSA,ADMINISTRADOR
3055,2931,SULFATO DE VANADILO,MERCANCIAS VARIAS,2010-05-25,PELIGROSA,ADMINISTRADOR
3056,2933,2-CLOROPROPIONATO DE METILO,MERCANCIAS VARIAS,2010-05-25,PELIGROSA,ADMINISTRADOR
3057,2934,2-CLOROPROPIONATO DE ISOPROPILO,MERCANCIAS VARIAS,2010-05-25,PELIGROSA,ADMINISTRADOR
3058,2935,2-CLOROPROPIONATO DE ETILO,MERCANCIAS VARIAS,2010-05-25,PELIGROSA,ADMINISTRADOR
3059,2936,ACIDO TIOLACTICO,MERCANCIAS VARIAS,2010-05-25,PELIGROSA,ADMINISTRADOR
3060,2937,ALCOHOL ALFA-METILBENCMLICO LMQUIDO,MERCANCIAS VARIAS,2010-05-25,PELIGROSA,ADMINISTRADOR
3061,2940,9-FOSFABICICLONONANOS (FOSFINAS DE CICLOOCTADIENO),MERCANCIAS VARIAS,2010-05-25,PELIGROSA,ADMINISTRADOR
3062,2941,FLUORANILINAS,MERCANCIAS VARIAS,2010-05-25,PELIGROSA,ADMINISTRADOR
3063,2942,2-TRIFLUOROMETILANILINA,MERCANCIAS VARIAS,2010-05-25,PELIGROSA,ADMINISTRADOR
3064,2943,TETRAHIDROFURFURILAMINA,MERCANCIAS VARIAS,2010-05-25,PELIGROSA,ADMINISTRADOR
3065,2945,N-METILBUTILAMINA,MERCANCIAS VARIAS,2010-05-25,PELIGROSA,ADMINISTRADOR
3066,2946,2-AMINO-5-DIETILAMINOPENTANO,MERCANCIAS VARIAS,2010-05-25,PELIGROSA,ADMINISTRADOR
3067,2947,CLOROACETATO DE ISOPROPILO,MERCANCIAS VARIAS,2010-05-25,PELIGROSA,ADMINISTRADOR
3068,2948,3-TRIFLUOROMETILANILINA,MERCANCIAS VARIAS,2010-05-25,PELIGROSA,ADMINISTRADOR
3069,2949,HIDROSULFURO SSDICO (SULFHIDRATO SSDICO) CON UN MMNIMO DEL 25% DE AGUA DE CRISTALIZACISN,MERCANCIAS VARIAS,2010-05-25,PELIGROSA,ADMINISTRADOR
3070,2950,"GRANULOS DE MAGNESIO RECUBIERTOS, EN PARTMCULAS DE UN MMNIMO DE 149 MICRONES",MERCANCIAS VARIAS,2010-05-25,PELIGROSA,ADMINISTRADOR
3071,2956,"5-TERC-BUTIL-2,4,6-TRINITRO-M-XILENO (ALMIZCLE XILENO)",MERCANCIAS VARIAS,2010-05-25,PELIGROSA,ADMINISTRADOR
3072,2965,DIMETILETERATO DE TRIFLUORURO DE BORO,MERCANCIAS VARIAS,2010-05-25,PELIGROSA,ADMINISTRADOR
3073,2966,TIOGLICOL,MERCANCIAS VARIAS,2010-05-25,PELIGROSA,ADMINISTRADOR
3074,2967,ACIDO SULFAMICO,MERCANCIAS VARIAS,2010-05-25,PELIGROSA,ADMINISTRADOR
3075,2968,MANEB ESTABILIZADO O PREPARADOS DE MANEB ESTABILIZADOS CONTRA EL CALENTAMIENTO ESPONTANEO,MERCANCIAS VARIAS,2010-05-25,PELIGROSA,ADMINISTRADOR
3076,2969,SEMILLAS DE RICINO O HARINA DE RICINO O TORTA DE RICINO O RICINO EN COPOS,MERCANCIAS VARIAS,2010-05-25,PELIGROSA,ADMINISTRADOR
3077,2977,"MATERIALES RADIACTIVOS, HEXAFLUORURO DE URANIO, FISIONABLE",MERCANCIAS VARIAS,2010-05-25,PELIGROSA,ADMINISTRADOR
3078,2978,"MATERIALES RADIACTIVOS, HEXAFLUORURO DE URANIO, NO FISIONABLE O FISIONABLE EXCEPTUADO",MERCANCIAS VARIAS,2010-05-25,PELIGROSA,ADMINISTRADOR
3079,2983,SXIDO DE ETILENO Y SXIDO DE PROPILENO EN MEZCLA CON UN MAXIMO DEL 30% DE SXIDO DE ETILENO,MERCANCIAS VARIAS,2010-05-25,PELIGROSA,ADMINISTRADOR
3080,2984,PERSXIDO DE HIDRSGENO EN SOLUCISN ACUOSA CON UN MMNIMO DEL 8% PERO MENOS DEL 20% DE PERSXIDO DE HIDRSGENO (ESTABILIZADA SEGZN SEA NECESARIO),MERCANCIAS VARIAS,2010-05-25,PELIGROSA,ADMINISTRADOR
3081,2985,"CLOROSILANOS, INFLAMABLES, CORROSIVOS, N.E.P.",MERCANCIAS VARIAS,2010-05-25,PELIGROSA,ADMINISTRADOR
3082,2986,"CLOROSILANOS, CORROSIVOS, INFLAMABLES, N.E.P.",MERCANCIAS VARIAS,2010-05-25,PELIGROSA,ADMINISTRADOR
3083,2987,"CLOROSILANOS, CORROSIVOS, N.E.P.",MERCANCIAS VARIAS,2010-05-25,PELIGROSA,ADMINISTRADOR
3084,2988,"CLOROSILANOS QUE REACCIONAN CON EL AGUA, INFLAMABLES, CORROSIVOS, N.E.P.",MERCANCIAS VARIAS,2010-05-25,PELIGROSA,ADMINISTRADOR
3085,2989,FOSFITO DIBASICO DE PLOMO,MERCANCIAS VARIAS,2010-05-25,PELIGROSA,ADMINISTRADOR
3086,2990,APARATOS DE SALVAMENTO AUTOINFLABLES,MERCANCIAS VARIAS,2010-05-25,PELIGROSA,ADMINISTRADOR
3087,2991,"PLAGUICIDA A BASE DE CARBAMATO, LMQUIDO, TSXICO, INFLAMABLE, DE PUNTO DE INFLAMACISN NO INFERIOR A 23 0C",MERCANCIAS VARIAS,2010-05-25,PELIGROSA,ADMINISTRADOR
3088,2992,"PLAGUICIDA A BASE DE CARBAMATO, LMQUIDO, TSXICO",MERCANCIAS VARIAS,2010-05-25,PELIGROSA,ADMINISTRADOR
3089,2993,"PLAGUICIDA ARSENICAL, LMQUIDO, TSXICO, INFLAMABLE, DE PUNTO DE INFLAMACISN NO INFERIOR A 23 0C",MERCANCIAS VARIAS,2010-05-25,PELIGROSA,ADMINISTRADOR
3090,2994,"PLAGUICIDA ARSENICAL, LMQUIDO, TSXICO",MERCANCIAS VARIAS,2010-05-25,PELIGROSA,ADMINISTRADOR
3091,2995,"PLAGUICIDA ORGANOCLORADO, LMQUIDO, TSXICO, INFLAMABLE, DE PUNTO DE INFLAMACISN NO INFERIOR A 23 0C",MERCANCIAS VARIAS,2010-05-25,PELIGROSA,ADMINISTRADOR
3092,2996,"PLAGUICIDA ORGANOCLORADO, LMQUIDO, TSXICO",MERCANCIAS VARIAS,2010-05-25,PELIGROSA,ADMINISTRADOR
3093,2997,"PLAGUICIDA A BASE DE TRIAZINA, LMQUIDO, TSXICO, INFLAMABLE, DE PUNTO DE INFLAMACISN NO INFERIOR A 23 0C",MERCANCIAS VARIAS,2010-05-25,PELIGROSA,ADMINISTRADOR
3094,2998,"PLAGUICIDA A BASE DE TRIAZINA, LMQUIDO, TSXICO",MERCANCIAS VARIAS,2010-05-25,PELIGROSA,ADMINISTRADOR
3095,3005,"PLAGUICIDA A BASE DE TIOCARBAMATO, LMQUIDO, TSXICO, INFLAMABLE, DE PUNTO DE INFLAMACISN NO INFERIOR A 23 0C",MERCANCIAS VARIAS,2010-05-25,PELIGROSA,ADMINISTRADOR
3096,3006,"PLAGUICIDA A BASE DE TIOCARBAMATO, LMQUIDO, TSXICO",MERCANCIAS VARIAS,2010-05-25,PELIGROSA,ADMINISTRADOR
3097,3009,"PLAGUICIDA A BASE DE COBRE, LMQUIDO, TSXICO, INFLAMABLE, DE PUNTO DE INFLAMACISN NO INFERIOR A 23 0C",MERCANCIAS VARIAS,2010-05-25,PELIGROSA,ADMINISTRADOR
3098,3010,"PLAGUICIDA A BASE DE COBRE, LMQUIDO, TSXICO",MERCANCIAS VARIAS,2010-05-25,PELIGROSA,ADMINISTRADOR
3099,3011,"PLAGUICIDA A BASE DE MERCURIO, LMQUIDO, TSXICO, INFLAMABLE, DE PUNTO DE INFLAMACISN NO INFERIOR A 23 0C",MERCANCIAS VARIAS,2010-05-25,PELIGROSA,ADMINISTRADOR
3100,3012,"PLAGUICIDA A BASE DE MERCURIO, LMQUIDO, TSXICO",MERCANCIAS VARIAS,2010-05-25,PELIGROSA,ADMINISTRADOR
3101,3013,"PLAGUICIDA A BASE DE NITROFENOLES SUSTITUIDOS, LMQUIDO, TSXICO, INFLAMABLE, DE PUNTO DE INFLAMACISN NO INFERIOR A 23 0C",MERCANCIAS VARIAS,2010-05-25,PELIGROSA,ADMINISTRADOR
3102,3014,"PLAGUICIDA A BASE DE NITROFENOLES SUSTITUIDOS, LMQUIDO, TSXICO",MERCANCIAS VARIAS,2010-05-25,PELIGROSA,ADMINISTRADOR
3103,3015,"PLAGUICIDA A BASE DE DIPIRIDILO, LMQUIDO, TSXICO, INFLAMABLE, DE PUNTO DE INFLAMACISN NO INFERIOR A 23 0C",MERCANCIAS VARIAS,2010-05-25,PELIGROSA,ADMINISTRADOR
3104,3016,"PLAGUICIDA A BASE DE DIPIRIDILO, LMQUIDO, TSXICO",MERCANCIAS VARIAS,2010-05-25,PELIGROSA,ADMINISTRADOR
3105,3017,"PLAGUICIDA A BASE DE ORGANOFSSFORO, LMQUIDO, TSXICO, INFLAMABLE, DE PUNTO DE INFLAMACISN NO INFERIOR A 23 0C",MERCANCIAS VARIAS,2010-05-25,PELIGROSA,ADMINISTRADOR
3106,3018,"PLAGUICIDA A BASE DE ORGANOFSSFORO, LMQUIDO, TSXICO",MERCANCIAS VARIAS,2010-05-25,PELIGROSA,ADMINISTRADOR
3107,3019,"PLAGUICIDA A BASE DE ORGANOESTAQO, LMQUIDO, TSXICO, INFLAMABLE, DE PUNTO DE INFLAMACISN NO INFERIOR A 23 0C",MERCANCIAS VARIAS,2010-05-25,PELIGROSA,ADMINISTRADOR
3108,3020,"PLAGUICIDA A BASE DE ORGANOESTAQO, LMQUIDO, TSXICO",MERCANCIAS VARIAS,2010-05-25,PELIGROSA,ADMINISTRADOR
3109,3021,"PLAGUICIDA LMQUIDO, INFLAMABLE, TSXICO, N.E.P., DE PUNTO DE INFLAMACISN INFERIOR A 230C",MERCANCIAS VARIAS,2010-05-25,PELIGROSA,ADMINISTRADOR
3110,3022,"SXIDO DE 1,2-BUTILENO ESTABILIZADO",MERCANCIAS VARIAS,2010-05-25,PELIGROSA,ADMINISTRADOR
3111,3023,2-METIL-2-HEPTANOTIOL,MERCANCIAS VARIAS,2010-05-25,PELIGROSA,ADMINISTRADOR
3112,3024,"PLAGUICIDA A BASE DE DERIVADOS DE LA CUMARINA, LMQUIDO, INFLAMABLE, TSXICO, DE PUNTO DE INFLAMACISN INFERIOR A 23 0C",MERCANCIAS VARIAS,2010-05-25,PELIGROSA,ADMINISTRADOR
3113,3025,"PLAGUICIDA A BASE DE DERIVADOS DE LA CUMARINA, LMQUIDO, TSXICO, INFLAMABLE, DE PUNTO DE INFLAMACISN NO INFERIOR A 23 0C",MERCANCIAS VARIAS,2010-05-25,PELIGROSA,ADMINISTRADOR
3114,3026,"PLAGUICIDA A BASE DE DERIVADOS DE LA CUMARINA, LMQUIDO, TSXICO",MERCANCIAS VARIAS,2010-05-25,PELIGROSA,ADMINISTRADOR
3115,3027,"PLAGUICIDA A BASE DE DERIVADOS DE LA CUMARINA, SSLIDO, TSXICO",MERCANCIAS VARIAS,2010-05-25,PELIGROSA,ADMINISTRADOR
3116,3028,ACUMULADORES ELICTRICOS SECOS QUE CONTIENEN HIDRSXIDO DE POTASIO SSLIDO,MERCANCIAS VARIAS,2010-05-25,PELIGROSA,ADMINISTRADOR
3117,3048,PLAGUICIDA A BASE DE FOSFURO DE ALUMINIO,MERCANCIAS VARIAS,2010-05-25,PELIGROSA,ADMINISTRADOR
3118,3051,ALQUILOS DE ALUMINIO,MERCANCIAS VARIAS,2010-05-25,PELIGROSA,ADMINISTRADOR
3119,3052,HALUROS DE ALQUILOS DE ALUMINIO LMQUIDOS,MERCANCIAS VARIAS,2010-05-25,PELIGROSA,ADMINISTRADOR
3120,3053,ALQUILOS DE MAGNESIO,MERCANCIAS VARIAS,2010-05-25,PELIGROSA,ADMINISTRADOR
3121,3054,CICLOHEXILMERCAPTANO,MERCANCIAS VARIAS,2010-05-25,PELIGROSA,ADMINISTRADOR
3122,3055,2-(2-AMINOETOXI)ETANOL,MERCANCIAS VARIAS,2010-05-25,PELIGROSA,ADMINISTRADOR
3123,3056,N-HEPTALDEHIDO,MERCANCIAS VARIAS,2010-05-25,PELIGROSA,ADMINISTRADOR
3124,3057,CLORURO DE TRIFLUOROACETILO,MERCANCIAS VARIAS,2010-05-25,PELIGROSA,ADMINISTRADOR
3125,3064,NITROGLICERINA EN SOLUCISN ALCOHSLICA CON MAS DEL 1% PERO NO MAS DEL 5% DE NITROGLICERINA,MERCANCIAS VARIAS,2010-05-25,PELIGROSA,ADMINISTRADOR
3126,2208,"BEBIDAS ALCOHSLICAS, CON MAS DEL 70% DE ALCOHOL EN VOLUMEN",MERCANCIAS VARIAS,2010-05-25,NORMAL,ADMINISTRADOR
3127,1263,"PINTURA (INCLUYE PINTURA, LACA, ESMALTE, COLORANTE, GOMA LACA, BARNIZ, BETZN, ENCAUSTICO, APRESTO LMQUIDO Y BASE LMQUIDA PARA LACAS) O PRODUCTOS PARA PINTURA (INCLUYE COMPUESTOS DISOLVENTES O REDUCTORES DE PINTURA)",MERCANCIAS VARIAS,2010-05-25,PELIGROSA,ADMINISTRADOR
3128,3070,"MEZCLA DE SXIDO DE ETILENO Y DICLORODIFLUOROMETANO, CON UN MAXIMO DEL 12,5% DE SXIDO DE ETILENO",MERCANCIAS VARIAS,2010-05-25,PELIGROSA,ADMINISTRADOR
3129,3071,"MERCAPTANOS LMQUIDOS, TSXICOS, INFLAMABLES, N.E.P. O MEZCLA DE MERCAPTANOS LMQUIDOS, TSXICOS, INFLAMABLES, N.E.P.",MERCANCIAS VARIAS,2010-05-25,PELIGROSA,ADMINISTRADOR
3130,3072,APARATOS DE SALVAMENTO NO AUTOINFLABLES QUE CONTENGAN MERCANCMAS PELIGROSAS COMO MATERIAL ACCESORIO,MERCANCIAS VARIAS,2010-05-25,PELIGROSA,ADMINISTRADOR
3131,3073,VINILPIRIDINAS ESTABILIZADAS,MERCANCIAS VARIAS,2010-05-25,PELIGROSA,ADMINISTRADOR
3132,3076,HIDRUROS DE ALQUILOS DE ALUMINIO,MERCANCIAS VARIAS,2010-05-25,PELIGROSA,ADMINISTRADOR
3133,3077,"SUSTANCIA SSLIDA POTENCIALMENTE PELIGROSA PARA EL MEDIO AMBIENTE, N.E.P.",MERCANCIAS VARIAS,2010-05-25,PELIGROSA,ADMINISTRADOR
3134,3078,"CERIO, TORNEADURAS O POLVO GRANULADO",MERCANCIAS VARIAS,2010-05-25,PELIGROSA,ADMINISTRADOR
3135,3079,METACRILONITRILO ESTABILIZADO,MERCANCIAS VARIAS,2010-05-25,PELIGROSA,ADMINISTRADOR
3136,3080,"ISOCIANATOS TSXICOS, INFLAMABLES, N.E.P. O ISOCIANATOS EN SOLUCISN, TSXICOS, INFLAMABLES, N.E.P.",MERCANCIAS VARIAS,2010-05-25,PELIGROSA,ADMINISTRADOR
3137,3082,"SUSTANCIA LMQUIDA POTENCIALMENTE PELIGROSA PARA EL MEDIO AMBIENTE, N.E.P.",MERCANCIAS VARIAS,2010-05-25,PELIGROSA,ADMINISTRADOR
3138,3083,FLUORURO DE PERCLORILO,MERCANCIAS VARIAS,2010-05-25,PELIGROSA,ADMINISTRADOR
3139,3084,"SSLIDO CORROSIVO COMBURENTE, N.E.P.",MERCANCIAS VARIAS,2010-05-25,PELIGROSA,ADMINISTRADOR
3140,3085,"SSLIDO COMBURENTE, CORROSIVO, N.E.P.",MERCANCIAS VARIAS,2010-05-25,PELIGROSA,ADMINISTRADOR
3141,3086,"SSLIDO TSXICO, COMBURENTE, N.E.P.",MERCANCIAS VARIAS,2010-05-25,PELIGROSA,ADMINISTRADOR
3142,3087,"SSLIDO COMBURENTE, TSXICO, N.E.P.",MERCANCIAS VARIAS,2010-05-25,PELIGROSA,ADMINISTRADOR
3143,3088,"SSLIDO ORGANICO QUE EXPERIMENTA CALENTAMIENTO ESPONTANEO, N.E.P.",MERCANCIAS VARIAS,2010-05-25,PELIGROSA,ADMINISTRADOR
3144,3089,"POLVO METALICO INFLAMABLE, N.E.P.",MERCANCIAS VARIAS,2010-05-25,PELIGROSA,ADMINISTRADOR
3145,8507,BATERMAS DE LITIO,MERCANCIAS VARIAS,2010-05-25,PELIGROSA,ADMINISTRADOR
3146,3090,BATERMAS DE LITIO INSTALADAS EN UN APARATO O BATERMAS DE LITIO EMBALADAS CON UN APARATO,MERCANCIAS VARIAS,2010-05-25,PELIGROSA,ADMINISTRADOR
3147,3092,1-METOXI-2-PROPANOL,MERCANCIAS VARIAS,2010-05-25,PELIGROSA,ADMINISTRADOR
3148,3093,LMQUIDO CORROSIVO COMBURENTE N.E.P.,MERCANCIAS VARIAS,2010-05-25,PELIGROSA,ADMINISTRADOR
3149,3094,"LMQUIDO CORROSIVO QUE REACCIONA CON EL AGUA, N.E.P.",MERCANCIAS VARIAS,2010-05-25,PELIGROSA,ADMINISTRADOR
3150,3095,"SSLIDO CORROSIVO QUE EXPERIMENTA CALENTAMIENTO ESPONTANEO, N.E.P.",MERCANCIAS VARIAS,2010-05-25,PELIGROSA,ADMINISTRADOR
3151,3096,"SSLIDO CORROSIVO QUE REACCIONA CON EL AGUA, N.E.P.",MERCANCIAS VARIAS,2010-05-25,PELIGROSA,ADMINISTRADOR
3152,3097,"SSLIDO INFLAMABLE, COMBURENTE, N.E.P.",MERCANCIAS VARIAS,2010-05-25,PELIGROSA,ADMINISTRADOR
3153,3098,"LMQUIDO COMBURENTE, CORROSIVO, N.E.P.",MERCANCIAS VARIAS,2010-05-25,PELIGROSA,ADMINISTRADOR
3154,3099,"LMQUIDO COMBURENTE, TSXICO, N.E.P.",MERCANCIAS VARIAS,2010-05-25,PELIGROSA,ADMINISTRADOR
3155,3100,"SSLIDO COMBURENTE QUE EXPERIMENTA CALENTAMIENTO ESPONTANEO, N.E.P.",MERCANCIAS VARIAS,2010-05-25,PELIGROSA,ADMINISTRADOR
3156,3101,PERSXIDO ORGANICO LMQUIDO TIPO B,MERCANCIAS VARIAS,2010-05-25,PELIGROSA,ADMINISTRADOR
3157,3102,PERSXIDO ORGANICO SSLIDO TIPO B,MERCANCIAS VARIAS,2010-05-25,PELIGROSA,ADMINISTRADOR
3158,3103,PERSXIDO ORGANICO LMQUIDO TIPO C,MERCANCIAS VARIAS,2010-05-25,PELIGROSA,ADMINISTRADOR
3159,3104,PERSXIDO ORGANICO SSLIDO TIPO C,MERCANCIAS VARIAS,2010-05-25,PELIGROSA,ADMINISTRADOR
3160,3105,PERSXIDO ORGANICO LMQUIDO TIPO D,MERCANCIAS VARIAS,2010-05-25,PELIGROSA,ADMINISTRADOR
3161,3106,PERSXIDO ORGANICO SSLIDO TIPO D,MERCANCIAS VARIAS,2010-05-25,PELIGROSA,ADMINISTRADOR
3162,3107,PERSXIDO ORGANICO LMQUIDO TIPO E,MERCANCIAS VARIAS,2010-05-25,PELIGROSA,ADMINISTRADOR
3163,3108,PERSXIDO ORGANICO SSLIDO TIPO E,MERCANCIAS VARIAS,2010-05-25,PELIGROSA,ADMINISTRADOR
3164,3109,PERSXIDO ORGANICO LMQUIDO TIPO F,MERCANCIAS VARIAS,2010-05-25,PELIGROSA,ADMINISTRADOR
3165,3110,PERSXIDO ORGANICO SSLIDO TIPO F,MERCANCIAS VARIAS,2010-05-25,PELIGROSA,ADMINISTRADOR
3166,3111,"PERSXIDO ORGANICO LMQUIDO TIPO B, CON TEMPERATURA REGULADA",MERCANCIAS VARIAS,2010-05-25,PELIGROSA,ADMINISTRADOR
3167,3112,"PERSXIDO ORGANICO SSLIDO TIPO B, CON TEMPERATURA REGULADA",MERCANCIAS VARIAS,2010-05-25,PELIGROSA,ADMINISTRADOR
3168,3113,"PERSXIDO ORGANICO LMQUIDO TIPO C, CON TEMPERATURA REGULADA",MERCANCIAS VARIAS,2010-05-25,PELIGROSA,ADMINISTRADOR
3169,3114,"PERSXIDO ORGANICO SSLIDO TIPO C, CON TEMPERATURA REGULADA",MERCANCIAS VARIAS,2010-05-25,PELIGROSA,ADMINISTRADOR
3170,3115,"PERSXIDO ORGANICO LMQUIDO TIPO D, CON TEMPERATURA REGULADA",MERCANCIAS VARIAS,2010-05-25,PELIGROSA,ADMINISTRADOR
3171,3116,"PERSXIDO ORGANICO SSLIDO TIPO D, CON TEMPERATURA REGULADA",MERCANCIAS VARIAS,2010-05-25,PELIGROSA,ADMINISTRADOR
3172,3117,"PERSXIDO ORGANICO LMQUIDO TIPO E, CON TEMPERATURA REGULADA",MERCANCIAS VARIAS,2010-05-25,PELIGROSA,ADMINISTRADOR
3173,3118,"PERSXIDO ORGANICO SSLIDO TIPO E, CON TEMPERATURA REGULADA",MERCANCIAS VARIAS,2010-05-25,PELIGROSA,ADMINISTRADOR
3174,3119,"PERSXIDO ORGANICO LMQUIDO TIPO F, CON TEMPERATURA REGULADA",MERCANCIAS VARIAS,2010-05-25,PELIGROSA,ADMINISTRADOR
3175,3120,"PERSXIDO ORGANICO SSLIDO TIPO F, CON TEMPERATURA REGULADA",MERCANCIAS VARIAS,2010-05-25,PELIGROSA,ADMINISTRADOR
3176,3121,"SSLIDO COMBURENTE QUE REACCIONA CON EL AGUA, N.E.P.",MERCANCIAS VARIAS,2010-05-25,PELIGROSA,ADMINISTRADOR
3177,3122,"LMQUIDO TSXICO, COMBURENTE, N.E.P.",MERCANCIAS VARIAS,2010-05-25,PELIGROSA,ADMINISTRADOR
3178,3123,"LMQUIDO TSXICO QUE REACCIONA CON EL AGUA, N.E.P.",MERCANCIAS VARIAS,2010-05-25,PELIGROSA,ADMINISTRADOR
3179,3124,"SSLIDO TSXICO QUE EXPERIMENTA CALENTAMIENTO ESPONTANEO, N.E.P.",MERCANCIAS VARIAS,2010-05-25,PELIGROSA,ADMINISTRADOR
3180,3125,"SSLIDO TSXICO QUE REACCIONA CON EL AGUA, N.E.P.",MERCANCIAS VARIAS,2010-05-25,PELIGROSA,ADMINISTRADOR
3181,3126,"SSLIDO QUE EXPERIMENTA CALENTAMIENTO ESPONTANEO, CORROSIVO, ORGANICO, N.E.P.",MERCANCIAS VARIAS,2010-05-25,PELIGROSA,ADMINISTRADOR
3182,3127,"SSLIDO QUE EXPERIMENTA CALENTAMIENTO ESPONTANEO, COMBURENTE, N.E.P.",MERCANCIAS VARIAS,2010-05-25,PELIGROSA,ADMINISTRADOR
3183,3128,"SSLIDO QUE EXPERIMENTA CALENTAMIENTO ESPONTANEO, TSXICO, ORGANICO, N.E.P.",MERCANCIAS VARIAS,2010-05-25,PELIGROSA,ADMINISTRADOR
3184,3129,"LMQUIDO QUE REACCIONA CON EL AGUA, CORROSIVO, N.E.P.",MERCANCIAS VARIAS,2010-05-25,PELIGROSA,ADMINISTRADOR
3185,3130,"LMQUIDO QUE REACCIONA CON EL AGUA, TSXICO, N.E.P.",MERCANCIAS VARIAS,2010-05-25,PELIGROSA,ADMINISTRADOR
3186,3131,"SSLIDO QUE REACCIONA CON EL AGUA, CORROSIVO, N.E.P.",MERCANCIAS VARIAS,2010-05-25,PELIGROSA,ADMINISTRADOR
3187,3132,"SSLIDO QUE REACCIONA CON EL AGUA, INFLAMABLE, N.E.P.",MERCANCIAS VARIAS,2010-05-25,PELIGROSA,ADMINISTRADOR
3188,3133,"SSLIDO QUE REACCIONA CON EL AGUA, COMBURENTE, N.E.P.",MERCANCIAS VARIAS,2010-05-25,PELIGROSA,ADMINISTRADOR
3189,3134,"SSLIDO QUE REACCIONA CON EL AGUA, TSXICO, N.E.P.",MERCANCIAS VARIAS,2010-05-25,PELIGROSA,ADMINISTRADOR
3190,3135,"SSLIDO QUE REACCIONA CON EL AGUA Y QUE EXPERIMENTA CALENTAMIENTO ESPONTANEO, N.E.P.",MERCANCIAS VARIAS,2010-05-25,PELIGROSA,ADMINISTRADOR
3191,3136,TRIFLUOROMETANO LMQUIDO REFRIGERADO,MERCANCIAS VARIAS,2010-05-25,PELIGROSA,ADMINISTRADOR
3192,3137,"SSLIDO COMBURENTE, INFLAMABLE, N.E.P.",MERCANCIAS VARIAS,2010-05-25,PELIGROSA,ADMINISTRADOR
3193,3138,"MEZCLA LMQUIDA, REFRIGERADA, CON UN 71,5%, COMO MMNIMO, DE ETILENO, UN 22,5%, COMO MAXIMO, DE ACETILENO Y UN 6%, COMO MAXIMO, DE PROPILENO",MERCANCIAS VARIAS,2010-05-25,PELIGROSA,ADMINISTRADOR
3194,3139,"LMQUIDO COMBURENTE, N.E.P.",MERCANCIAS VARIAS,2010-05-25,PELIGROSA,ADMINISTRADOR
3195,3140,"ALCALOIDES LMQUIDOS, N.E.P. O SALES DE ALCALOIDES LMQUIDAS, N.E.P.",MERCANCIAS VARIAS,2010-05-25,PELIGROSA,ADMINISTRADOR
3196,3141,"ANTIMONIO, COMPUESTO INORGANICO LMQUIDO DE, N.E.P.",MERCANCIAS VARIAS,2010-05-25,PELIGROSA,ADMINISTRADOR
3197,3142,"DESINFECTANTE LMQUIDO, TSXICO, N.E.P.",MERCANCIAS VARIAS,2010-05-25,PELIGROSA,ADMINISTRADOR
3198,3143,"COLORANTE SSLIDO, TSXICO, N.E.P. O MATERIA INTERMEDIA PARA COLORANTES, SSLIDA, TSXICA, N.E.P.",MERCANCIAS VARIAS,2010-05-25,PELIGROSA,ADMINISTRADOR
3199,3144,"NICOTINA, COMPUESTO LMQUIDO DE, N.E.P., O PREPARADO LMQUIDO A BASE DE NICOTINA, N.E.P.",MERCANCIAS VARIAS,2010-05-25,PELIGROSA,ADMINISTRADOR
3200,3145,"ALQUILFENOLES LMQUIDOS, N.E.P. (INCLUIDOS LOS HOMSLOGOS C2 A C12)",MERCANCIAS VARIAS,2010-05-25,PELIGROSA,ADMINISTRADOR
3201,3146,"COMPUESTO DE ORGANOESTAQO SSLIDO, N.E.P.",MERCANCIAS VARIAS,2010-05-25,PELIGROSA,ADMINISTRADOR
3202,3147,"COLORANTE SSLIDO, CORROSIVO, N.E.P. O MATERIA INTERMEDIA PARA COLORANTES, SSLIDA, CORROSIVA, N.E.P.",MERCANCIAS VARIAS,2010-05-25,PELIGROSA,ADMINISTRADOR
3203,3148,"LMQUIDO QUE REACCIONA CON EL AGUA, N.E.P.",MERCANCIAS VARIAS,2010-05-25,PELIGROSA,ADMINISTRADOR
3204,3149,"PERSXIDO DE HIDRSGENO Y ACIDO PEROXIACITICO, EN MEZCLA, CON ACIDO(S), AGUA Y UN MAXIMO DEL 5% DE ACIDO PEROXIACITICO, ESTABILIZADA",MERCANCIAS VARIAS,2010-05-25,PELIGROSA,ADMINISTRADOR
3205,3150,"DISPOSITIVOS PEQUEQOS ACCIONADOS POR HIDROCARBUROS GASEOSOS O RECARGAS DE HIDROCARBUROS GASEOSOS PARA DISPOSITIVOS PEQUEQOS, CON DISPOSITIVO DE DESCARGA",MERCANCIAS VARIAS,2010-05-25,PELIGROSA,ADMINISTRADOR
3206,3151,DIFENILOS POLIHALOGENADOS LMQUIDOS O TERFENILOS POLIHALOGENADOS LMQUIDOS,MERCANCIAS VARIAS,2010-05-25,PELIGROSA,ADMINISTRADOR
3207,3152,DIFENILOS POLIHALOGENADOS SSLIDOS O TERFENILOS POLIHALOGENADOS SSLIDOS,MERCANCIAS VARIAS,2010-05-25,PELIGROSA,ADMINISTRADOR
3208,3153,PERFLUORO(ITER METILVINMLICO),MERCANCIAS VARIAS,2010-05-25,PELIGROSA,ADMINISTRADOR
3209,3154,PERFLUORO(ITER ETILVINMLICO),MERCANCIAS VARIAS,2010-05-25,PELIGROSA,ADMINISTRADOR
3210,3155,PENTACLOROFENOL,MERCANCIAS VARIAS,2010-05-25,PELIGROSA,ADMINISTRADOR
3211,3156,"GAS COMPRIMIDO, COMBURENTE, N.E.P.",MERCANCIAS VARIAS,2010-05-25,PELIGROSA,ADMINISTRADOR
3212,3157,"GAS LICUADO, COMBURENTE, N.E.P.",MERCANCIAS VARIAS,2010-05-25,PELIGROSA,ADMINISTRADOR
3213,3158,"GAS LICUADO, REFRIGERADO, N.E.P.",MERCANCIAS VARIAS,2010-05-25,PELIGROSA,ADMINISTRADOR
3214,3214,"1,1,1,2-TETRAFLUOROETANO (GAS REFRIGERANTE R 134A)",MERCANCIAS VARIAS,2010-05-25,PELIGROSA,ADMINISTRADOR
3215,3160,"GAS LICUADO TSXICO, INFLAMABLE, N.E.P.",MERCANCIAS VARIAS,2010-05-25,PELIGROSA,ADMINISTRADOR
3216,3161,"GAS LICUADO INFLAMABLE, N.E.P.",MERCANCIAS VARIAS,2010-05-25,PELIGROSA,ADMINISTRADOR
3217,3162,GAS LICUADO TSXICO N.E.P.,MERCANCIAS VARIAS,2010-05-25,PELIGROSA,ADMINISTRADOR
3218,3163,"GAS LICUADO, N.E.P.",MERCANCIAS VARIAS,2010-05-25,PELIGROSA,ADMINISTRADOR
3219,3164,"OBJETOS CON PRESISN INTERIOR, NEUMATICOS O HIDRAZLICOS (QUE CONTIENEN GAS ININFLAMABLE)",MERCANCIAS VARIAS,2010-05-25,PELIGROSA,ADMINISTRADOR
3220,3165,DEPSSITO DE COMBUSTIBLE DE GRUPO MOTOR DE CIRCUITO HIDRAZLICO DE AERONAVE (QUE CONTIENE UNA MEZCLA DE HIDRAZINA ANHIDRA Y METILHIDRAZINA) (COMBUSTIBLE M86),MERCANCIAS VARIAS,2010-05-25,PELIGROSA,ADMINISTRADOR
3221,3166,MOTOR DE COMBUSTISN INTERNA O VEHMCULO PROPULSADO POR GAS INFLAMABLE O VEHMCULO PROPULSADO POR LMQUIDO INFLAMABLE,MERCANCIAS VARIAS,2010-05-25,PELIGROSA,ADMINISTRADOR
3222,3167,"MUESTRA DE GAS INFLAMABLE, A PRESISN NORMAL, N.E.P., QUE NO SEA LMQUIDO REFRIGERADO",MERCANCIAS VARIAS,2010-05-25,PELIGROSA,ADMINISTRADOR
3223,3168,"MUESTRA DE GAS TSXICO, INFLAMABLE, A PRESISN NORMAL, N.E.P., QUE NO SEA LMQUIDO REFRIGERADO",MERCANCIAS VARIAS,2010-05-25,PELIGROSA,ADMINISTRADOR
3224,3169,"MUESTRA DE GAS TSXICO, A PRESISN NORMAL, N.E.P., QUE NO SEA LMQUIDO REFRIGERADO",MERCANCIAS VARIAS,2010-05-25,PELIGROSA,ADMINISTRADOR
3225,3170,SUBPRODUCTOS DE LA FUNDICISN DEL ALUMINIO O SUBPRODUCTOS DE LA REFUNDICISN DEL ALUMINIO,MERCANCIAS VARIAS,2010-05-25,PELIGROSA,ADMINISTRADOR
3226,3171,VEHMCULO ACCIONADO POR BATERMA O APARATO ACCIONADO POR BATERMA,MERCANCIAS VARIAS,2010-05-25,PELIGROSA,ADMINISTRADOR
3227,3172,"TOXINAS EXTRAMDAS DE UN MEDIO VIVO, LMQUIDAS, N.E.P.",MERCANCIAS VARIAS,2010-05-25,PELIGROSA,ADMINISTRADOR
3228,3174,DISULFURO DE TITANIO,MERCANCIAS VARIAS,2010-05-25,PELIGROSA,ADMINISTRADOR
3229,3175,"SSLIDO QUE CONTIENE LMQUIDO INFLAMABLE, N.E.P.",MERCANCIAS VARIAS,2010-05-25,PELIGROSA,ADMINISTRADOR
3230,3176,"SSLIDO INFLAMABLE ORGANICO, FUNDIDO, N.E.P.",MERCANCIAS VARIAS,2010-05-25,PELIGROSA,ADMINISTRADOR
3231,3178,"SSLIDO INFLAMABLE INORGANICO, N.E.P.",MERCANCIAS VARIAS,2010-05-25,PELIGROSA,ADMINISTRADOR
3232,3179,"SSLIDO INFLAMABLE, TSXICO, INORGANICO, N.E.P.",MERCANCIAS VARIAS,2010-05-25,PELIGROSA,ADMINISTRADOR
3233,3180,"SSLIDO INFLAMABLE, CORROSIVO, INORGANICO, N.E.P.",MERCANCIAS VARIAS,2010-05-25,PELIGROSA,ADMINISTRADOR
3234,3181,"SALES METALICAS DE COMPUESTOS ORGANICOS, INFLAMABLES, N.E.P.",MERCANCIAS VARIAS,2010-05-25,PELIGROSA,ADMINISTRADOR
3235,3182,"HIDRUROS METALICOS INFLAMABLES, N.E.P.",MERCANCIAS VARIAS,2010-05-25,PELIGROSA,ADMINISTRADOR
3236,3183,"LMQUIDO ORGANICO QUE EXPERIMENTA CALENTAMIENTO ESPONTANEO, N.E.P.",MERCANCIAS VARIAS,2010-05-25,PELIGROSA,ADMINISTRADOR
3237,3184,"LMQUIDO QUE EXPERIMENTA CALENTAMIENTO ESPONTANEO, TSXICO, ORGANICO, N.E.P.",MERCANCIAS VARIAS,2010-05-25,PELIGROSA,ADMINISTRADOR
3238,3185,"LMQUIDO QUE EXPERIMENTA CALENTAMIENTO ESPONTANEO, CORROSIVO, ORGANICO, N.E.P.",MERCANCIAS VARIAS,2010-05-25,PELIGROSA,ADMINISTRADOR
3239,3186,"LMQUIDO QUE EXPERIMENTA CALENTAMIENTO ESPONTANEO, INORGANICO, N.E.P.",MERCANCIAS VARIAS,2010-05-25,PELIGROSA,ADMINISTRADOR
3240,3187,"LMQUIDO QUE EXPERIMENTA CALENTAMIENTO ESPONTANEO, TSXICO, INORGANICO, N.E.P.",MERCANCIAS VARIAS,2010-05-25,PELIGROSA,ADMINISTRADOR
3241,3188,"LMQUIDO QUE EXPERIMENTA CALENTAMIENTO ESPONTANEO, CORROSIVO, INORGANICO, N.E.P.",MERCANCIAS VARIAS,2010-05-25,PELIGROSA,ADMINISTRADOR
3242,3189,"POLVO METALICO QUE EXPERIMENTA CALENTAMIENTO ESPONTANEO, N.E.P.",MERCANCIAS VARIAS,2010-05-25,PELIGROSA,ADMINISTRADOR
3243,3190,"SSLIDO QUE EXPERIMENTA CALENTAMIENTO ESPONTANEO, INORGANICO, N.E.P.",MERCANCIAS VARIAS,2010-05-25,PELIGROSA,ADMINISTRADOR
3244,3191,"SSLIDO QUE EXPERIMENTA CALENTAMIENTO ESPONTANEO, TSXICO, INORGANICO, N.E.P.",MERCANCIAS VARIAS,2010-05-25,PELIGROSA,ADMINISTRADOR
3245,3192,"SSLIDO QUE EXPERIMENTA CALENTAMIENTO ESPONTANEO, CORROSIVO, INORGANICO, N.E.P.",MERCANCIAS VARIAS,2010-05-25,PELIGROSA,ADMINISTRADOR
3246,3194,LMQUIDO PIROFSRICO INORGANICO N.E.P.,MERCANCIAS VARIAS,2010-05-25,PELIGROSA,ADMINISTRADOR
3247,3200,"SSLIDO PIROFSRICO INORGANICO, N.E.P.",MERCANCIAS VARIAS,2010-05-25,PELIGROSA,ADMINISTRADOR
3248,3205,"ALCOHOLATOS DE METALES ALCALINOTIRREOS, N.E.P.",MERCANCIAS VARIAS,2010-05-25,PELIGROSA,ADMINISTRADOR
3249,3206,"ALCOHOLATOS DE METALES ALCALINOS QUE EXPERIMENTAN CALENTAMIENTO ESPONTANEO, CORROSIVOS, N.E.P.",MERCANCIAS VARIAS,2010-05-25,PELIGROSA,ADMINISTRADOR
3250,3208,"SUSTANCIA METALICA QUE REACCIONA CON EL AGUA, N.E.P.",MERCANCIAS VARIAS,2010-05-25,PELIGROSA,ADMINISTRADOR
3251,3209,"SUSTANCIA METALICA QUE REACCIONA CON EL AGUA Y QUE EXPERIMENTA CALENTAMIENTO ESPONTANEO, N.E.P.",MERCANCIAS VARIAS,2010-05-25,PELIGROSA,ADMINISTRADOR
3252,3210,"CLORATOS INORGANICOS EN SOLUCISN ACUOSA, N.E.P.",MERCANCIAS VARIAS,2010-05-25,PELIGROSA,ADMINISTRADOR
3253,3211,"PERCLORATOS INORGANICOS EN SOLUCISN ACUOSA, N.E.P.",MERCANCIAS VARIAS,2010-05-25,PELIGROSA,ADMINISTRADOR
3254,3212,"HIPOCLORITOS INORGANICOS, N.E.P.",MERCANCIAS VARIAS,2010-05-25,PELIGROSA,ADMINISTRADOR
3255,3213,"BROMATOS INORGANICOS EN SOLUCISN ACUOSA, N.E.P.",MERCANCIAS VARIAS,2010-05-25,PELIGROSA,ADMINISTRADOR
3256,3214,"PERMANGANATOS INORGANICOS EN SOLUCISN ACUOSA, N.E.P.",MERCANCIAS VARIAS,2010-05-25,PELIGROSA,ADMINISTRADOR
3257,3215,"PERSULFATOS INORGANICOS, N.E.P.",MERCANCIAS VARIAS,2010-05-25,PELIGROSA,ADMINISTRADOR
3258,3216,"PERSULFATOS INORGANICOS EN SOLUCISN ACUOSA, N.E.P.",MERCANCIAS VARIAS,2010-05-25,PELIGROSA,ADMINISTRADOR
3259,3218,"NITRATOS INORGANICOS EN SOLUCISN ACUOSA, N.E.P.",MERCANCIAS VARIAS,2010-05-25,PELIGROSA,ADMINISTRADOR
3260,3219,"NITRITOS INORGANICOS EN SOLUCISN ACUOSA, N.E.P.",MERCANCIAS VARIAS,2010-05-25,PELIGROSA,ADMINISTRADOR
3261,3220,PENTAFLUOROETANO (GAS REFRIGERANTE R125),MERCANCIAS VARIAS,2010-05-25,PELIGROSA,ADMINISTRADOR
3262,3221,"LMQUIDO DE REACCISN ESPONTANEA, TIPO B",MERCANCIAS VARIAS,2010-05-25,PELIGROSA,ADMINISTRADOR
3263,3222,"SSLIDO DE REACCISN ESPONTANEA, TIPO B",MERCANCIAS VARIAS,2010-05-25,PELIGROSA,ADMINISTRADOR
3264,3223,"LMQUIDO DE REACCISN ESPONTANEA, TIPO C",MERCANCIAS VARIAS,2010-05-25,PELIGROSA,ADMINISTRADOR
3265,3224,"SSLIDO DE REACCISN ESPONTANEA, TIPO C",MERCANCIAS VARIAS,2010-05-25,PELIGROSA,ADMINISTRADOR
3266,3225,"LMQUIDO DE REACCISN ESPONTANEA, TIPO D",MERCANCIAS VARIAS,2010-05-25,PELIGROSA,ADMINISTRADOR
3267,3226,"SSLIDO DE REACCISN ESPONTANEA, TIPO D",MERCANCIAS VARIAS,2010-05-25,PELIGROSA,ADMINISTRADOR
3268,3227,"LMQUIDO DE REACCISN ESPONTANEA, TIPO E",MERCANCIAS VARIAS,2010-05-25,PELIGROSA,ADMINISTRADOR
3269,3228,"SSLIDO DE REACCISN ESPONTANEA, TIPO E",MERCANCIAS VARIAS,2010-05-25,PELIGROSA,ADMINISTRADOR
3270,3229,"LMQUIDO DE REACCISN ESPONTANEA, TIPO F",MERCANCIAS VARIAS,2010-05-25,PELIGROSA,ADMINISTRADOR
3271,3230,"SSLIDO DE REACCISN ESPONTANEA, TIPO F",MERCANCIAS VARIAS,2010-05-25,PELIGROSA,ADMINISTRADOR
3272,3231,"LMQUIDO DE REACCISN ESPONTANEA, TIPO B, CON TEMPERATURA REGULADA",MERCANCIAS VARIAS,2010-05-25,PELIGROSA,ADMINISTRADOR
3273,3232,"SSLIDO DE REACCISN ESPONTANEA, TIPO B, CON TEMPERATURA REGULADA",MERCANCIAS VARIAS,2010-05-25,PELIGROSA,ADMINISTRADOR
3274,3233,"LMQUIDO DE REACCISN ESPONTANEA, TIPO C, CON TEMPERATURA REGULADA",MERCANCIAS VARIAS,2010-05-25,PELIGROSA,ADMINISTRADOR
3275,3234,"SSLIDO DE REACCISN ESPONTANEA, TIPO C, CON TEMPERATURA REGULADA",MERCANCIAS VARIAS,2010-05-25,PELIGROSA,ADMINISTRADOR
3276,3235,"LMQUIDO DE REACCISN ESPONTANEA, TIPO D, CON TEMPERATURA REGULADA",MERCANCIAS VARIAS,2010-05-25,PELIGROSA,ADMINISTRADOR
3277,3236,"SSLIDO DE REACCISN ESPONTANEA, TIPO D, CON TEMPERATURA REGULADA",MERCANCIAS VARIAS,2010-05-25,PELIGROSA,ADMINISTRADOR
3278,3237,"LMQUIDO DE REACCISN ESPONTANEA, TIPO E, CON TEMPERATURA REGULADA",MERCANCIAS VARIAS,2010-05-25,PELIGROSA,ADMINISTRADOR
3279,3238,"SSLIDO DE REACCISN ESPONTANEA, TIPO E, CON TEMPERATURA REGULADA",MERCANCIAS VARIAS,2010-05-25,PELIGROSA,ADMINISTRADOR
3280,3239,"LMQUIDO DE REACCISN ESPONTANEA, TIPO F, CON TEMPERATURA REGULADA",MERCANCIAS VARIAS,2010-05-25,PELIGROSA,ADMINISTRADOR
3281,3240,"SSLIDO DE REACCISN ESPONTANEA, TIPO F, CON TEMPERATURA REGULADA",MERCANCIAS VARIAS,2010-05-25,PELIGROSA,ADMINISTRADOR
3282,3241,"2-BROMO-2-NITROPROPANO-1,3-DIOL",MERCANCIAS VARIAS,2010-05-25,PELIGROSA,ADMINISTRADOR
3283,3242,AZODICARBONAMIDA,MERCANCIAS VARIAS,2010-05-25,PELIGROSA,ADMINISTRADOR
3284,3243,"SSLIDOS QUE CONTIENEN LMQUIDO TSXICO, N.E.P.",MERCANCIAS VARIAS,2010-05-25,PELIGROSA,ADMINISTRADOR
3285,3244,"SSLIDOS QUE CONTIENEN LMQUIDO CORROSIVO, N.E.P.",MERCANCIAS VARIAS,2010-05-25,PELIGROSA,ADMINISTRADOR
3286,3245,MICROORGANISMOS MODIFICADOS GENITICAMENTE U ORGANISMOS MODIFICADOS GENITICAMENTE,MERCANCIAS VARIAS,2010-05-25,PELIGROSA,ADMINISTRADOR
3287,3246,CLORURO DE METANOSULFONILO,MERCANCIAS VARIAS,2010-05-25,PELIGROSA,ADMINISTRADOR
3288,3247,PEROXOBORATO DE SODIO ANHIDRO,MERCANCIAS VARIAS,2010-05-25,PELIGROSA,ADMINISTRADOR
3289,3248,"MEDICAMENTO LMQUIDO, INFLAMABLE, TSXICO, N.E.P.",MERCANCIAS VARIAS,2010-05-25,PELIGROSA,ADMINISTRADOR
3290,3249,"MEDICAMENTO SSLIDO, TSXICO, N.E.P.",MERCANCIAS VARIAS,2010-05-25,PELIGROSA,ADMINISTRADOR
3291,3250,ACIDO CLOROACITICO FUNDIDO,MERCANCIAS VARIAS,2010-05-25,PELIGROSA,ADMINISTRADOR
3292,3251,MONONITRATO-5-DE ISOSORBIDA,MERCANCIAS VARIAS,2010-05-25,PELIGROSA,ADMINISTRADOR
3293,3252,DIFLUOROMETANO (GAS REFRIGERANTE R32),MERCANCIAS VARIAS,2010-05-25,PELIGROSA,ADMINISTRADOR
3294,3253,TRIOXOSILICATO DE DISODIO,MERCANCIAS VARIAS,2010-05-25,PELIGROSA,ADMINISTRADOR
3295,3254,TRIBUTILFOSFANO,MERCANCIAS VARIAS,2010-05-25,PELIGROSA,ADMINISTRADOR
3296,3255,HIPOCLORITO DE TERC-BUTILO,MERCANCIAS VARIAS,2010-05-25,PELIGROSA,ADMINISTRADOR
3297,3256,"LMQUIDO A TEMPERATURA ELEVADA, INFLAMABLE, N.E.P., DE PUNTO DE INFLAMACISN SUPERIOR A 60 0C, A UNA TEMPERATURA IGUAL O SUPERIOR AL PUNTO DE INFLAMACISN",MERCANCIAS VARIAS,2010-05-25,PELIGROSA,ADMINISTRADOR
3298,3257,"LMQUIDO A TEMPERATURA ELEVADA, N.E.P., A UNA TEMPERATURA IGUAL O SUPERIOR A 1000C E INFERIOR A SU PUNTO DE INFLAMACISN (INCLUIDOS LOS METALES FUNDIDOS, LAS SALES FUNDIDAS, ETC.)",MERCANCIAS VARIAS,2010-05-25,PELIGROSA,ADMINISTRADOR
3299,3258,"SSLIDO A TEMPERATURA ELEVADA, N.E.P., A UNA TEMPERATURA IGUAL O SUPERIOR A 240 0C",MERCANCIAS VARIAS,2010-05-25,PELIGROSA,ADMINISTRADOR
3300,3259,"AMINAS SSLIDAS, CORROSIVAS, N.E.P., O POLIAMINAS SSLIDAS, CORROSIVAS, N.E.P.",MERCANCIAS VARIAS,2010-05-25,PELIGROSA,ADMINISTRADOR
3301,3260,"SSLIDO CORROSIVO, ACIDO, INORGANICO, N.E.P.",MERCANCIAS VARIAS,2010-05-25,PELIGROSA,ADMINISTRADOR
3302,3261,"SSLIDO CORROSIVO, ACIDO, ORGANICO, N.E.P.",MERCANCIAS VARIAS,2010-05-25,PELIGROSA,ADMINISTRADOR
3303,3262,"SSLIDO CORROSIVO, BASICO, INORGANICO, N.E.P.",MERCANCIAS VARIAS,2010-05-25,PELIGROSA,ADMINISTRADOR
3304,3263,"SSLIDO CORROSIVO, BASICO, ORGANICO, N.E.P.",MERCANCIAS VARIAS,2010-05-25,PELIGROSA,ADMINISTRADOR
3305,3264,"LMQUIDO CORROSIVO, ACIDO, INORGANICO, N.E.P.",MERCANCIAS VARIAS,2010-05-25,PELIGROSA,ADMINISTRADOR
3306,3265,"LMQUIDO CORROSIVO, ACIDO, ORGANICO, N.E.P.",MERCANCIAS VARIAS,2010-05-25,PELIGROSA,ADMINISTRADOR
3307,3266,"LMQUIDO CORROSIVO, BASICO, INORGANICO, N.E.P.",MERCANCIAS VARIAS,2010-05-25,PELIGROSA,ADMINISTRADOR
3308,3267,"LMQUIDO CORROSIVO, BASICO, ORGANICO, N.E.P.",MERCANCIAS VARIAS,2010-05-25,PELIGROSA,ADMINISTRADOR
3309,3268,INFLADORES DE BOLSAS NEUMATICAS O MSDULOS DE BOLSAS NEUMATICAS O PRETENSORES DE CINTURONES DE SEGURIDAD.,MERCANCIAS VARIAS,2010-05-25,PELIGROSA,ADMINISTRADOR
3310,3269,BOLSA DE RESINA POLIESTIRICA,MERCANCIAS VARIAS,2010-05-25,PELIGROSA,ADMINISTRADOR
3311,8421,"FILTROS DE MEMBRANAS NITROCELULSSICAS, CON UN MAXIMO DEL 12,6% DE NITRSGENO, POR MASA SECA",MERCANCIAS VARIAS,2010-05-25,NORMAL,ADMINISTRADOR
3312,3271,"ITERES, N.E.P.",MERCANCIAS VARIAS,2010-05-25,PELIGROSA,ADMINISTRADOR
3313,3272,"ISTERES, N.E.P.",MERCANCIAS VARIAS,2010-05-25,PELIGROSA,ADMINISTRADOR
3314,3273,"NITRILOS INFLAMABLES, TSXICOS, N.E.P.",MERCANCIAS VARIAS,2010-05-25,PELIGROSA,ADMINISTRADOR
3315,3274,"ALCOHOLATOS EN SOLUCISN, N.E.P. EN ALCOHOL",MERCANCIAS VARIAS,2010-05-25,PELIGROSA,ADMINISTRADOR
3316,3275,"NITRILOS TSXICOS, INFLAMABLES, N.E.P.",MERCANCIAS VARIAS,2010-05-25,PELIGROSA,ADMINISTRADOR
3317,3276,"NITRILOS TSXICOS LMQUIDOS, N.E.P.",MERCANCIAS VARIAS,2010-05-25,PELIGROSA,ADMINISTRADOR
3318,3277,"CLOROFORMIATOS TSXICOS, CORROSIVOS, N.E.P.",MERCANCIAS VARIAS,2010-05-25,PELIGROSA,ADMINISTRADOR
3319,3278,"COMPUESTO ORGANOFOSFORADO TSXICO LMQUIDO, N.E.P.",MERCANCIAS VARIAS,2010-05-25,PELIGROSA,ADMINISTRADOR
3320,3279,"COMPUESTO ORGANOFOSFORADO TSXICO, INFLAMABLE, N.E.P.",MERCANCIAS VARIAS,2010-05-25,PELIGROSA,ADMINISTRADOR
3321,3280,"COMPUESTO ORGANOARSENICAL, LMQUIDO, N.E.P.",MERCANCIAS VARIAS,2010-05-25,PELIGROSA,ADMINISTRADOR
3322,3281,"CARBONILOS METALICOS LMQUIDOS, N.E.P.",MERCANCIAS VARIAS,2010-05-25,PELIGROSA,ADMINISTRADOR
3323,3282,"COMPUESTO ORGANOMETALICO TSXICO, LMQUIDO, N.E.P.",MERCANCIAS VARIAS,2010-05-25,PELIGROSA,ADMINISTRADOR
3324,3283,"COMPUESTO DE SELENIO, SSLIDO, N.E.P.",MERCANCIAS VARIAS,2010-05-25,PELIGROSA,ADMINISTRADOR
3325,3284,"COMPUESTO DE TELURIO, N.E.P.",MERCANCIAS VARIAS,2010-05-25,PELIGROSA,ADMINISTRADOR
3326,3285,"COMPUESTO DE VANADIO, N.E.P.",MERCANCIAS VARIAS,2010-05-25,PELIGROSA,ADMINISTRADOR
3327,3286,"LMQUIDO INFLAMABLE, TSXICO, CORROSIVO, N.E.P.",MERCANCIAS VARIAS,2010-05-25,PELIGROSA,ADMINISTRADOR
3328,3287,"LMQUIDO TSXICO, INORGANICO, N.E.P.",MERCANCIAS VARIAS,2010-05-25,PELIGROSA,ADMINISTRADOR
3329,3288,"SSLIDO TSXICO, INORGANICO, N.E.P.",MERCANCIAS VARIAS,2010-05-25,PELIGROSA,ADMINISTRADOR
3330,3289,"LMQUIDO TSXICO, CORROSIVO, INORGANICO, N.E.P.",MERCANCIAS VARIAS,2010-05-25,PELIGROSA,ADMINISTRADOR
3331,3290,"SSLIDO TSXICO, CORROSIVO, INORGANICO, N.E.P.",MERCANCIAS VARIAS,2010-05-25,PELIGROSA,ADMINISTRADOR
3332,3291,"DESECHOS CLMNICOS, N.E.P. O DESECHOS (BIO)MIDICOS, N.E.P. O DESECHOS MIDICOS REGULADOS, N.E.P.",MERCANCIAS VARIAS,2010-05-25,PELIGROSA,ADMINISTRADOR
3333,3292,BATERMAS QUE CONTIENEN SODIO O ELEMENTOS DE BATERMA QUE CONTIENEN SODIO,MERCANCIAS VARIAS,2010-05-25,PELIGROSA,ADMINISTRADOR
3334,3293,"HIDRAZINA EN SOLUCISN ACUOSA CON UN MAXIMO DEL 37%, EN MASA, DE HIDRAZINA",MERCANCIAS VARIAS,2010-05-25,PELIGROSA,ADMINISTRADOR
3335,3294,"CIANURO DE HIDRSGENO EN SOLUCISN ALCOHSLICA, CON UN MAXIMO DEL 45% DE CIANURO DE HIDRSGENO",MERCANCIAS VARIAS,2010-05-25,PELIGROSA,ADMINISTRADOR
3336,3295,"HIDROCARBUROS LMQUIDOS, N.E.P.",MERCANCIAS VARIAS,2010-05-25,PELIGROSA,ADMINISTRADOR
3337,3296,HEPTAFLUOROPROPANO (GAS REFRIGERANTE R 227),MERCANCIAS VARIAS,2010-05-25,PELIGROSA,ADMINISTRADOR
3338,3297,"MEZCLA DE SXIDO DE ETILENO Y CLOROTETRAFLUOROETANO CON UN MAXIMO DEL 8,8% DE SXIDO DE ETILENO",MERCANCIAS VARIAS,2010-05-25,PELIGROSA,ADMINISTRADOR
3339,3298,"MEZCLA DE SXIDO DE ETILENO Y PENTAFLUOROETANO CON UN MAXIMO DEL 7,9% DE SXIDO DE ETILENO",MERCANCIAS VARIAS,2010-05-25,PELIGROSA,ADMINISTRADOR
3340,3299,"MEZCLA DE SXIDO DE ETILENO Y TETRAFLUOROETANO CON UN MAXIMO DEL 5,6% DE SXIDO DE ETILENO",MERCANCIAS VARIAS,2010-05-25,PELIGROSA,ADMINISTRADOR
3341,3300,"MEZCLA DE SXIDO DE ETILENO Y DISXIDO DE CARBONO, CON UN MAXIMO DEL 87% DE SXIDO DE ETILENO",MERCANCIAS VARIAS,2010-05-25,PELIGROSA,ADMINISTRADOR
3342,3301,"LMQUIDO CORROSIVO QUE EXPERIMENTA CALENTAMIENTO ESPONTANEO, N.E.P.",MERCANCIAS VARIAS,2010-05-25,PELIGROSA,ADMINISTRADOR
3343,3302,ACRILATO 2-DIMETILAMINOETMLICO,MERCANCIAS VARIAS,2010-05-25,PELIGROSA,ADMINISTRADOR
3344,3303,"GAS COMPRIMIDO, TSXICO, OXIDANTE, N.E.P.",MERCANCIAS VARIAS,2010-05-25,PELIGROSA,ADMINISTRADOR
3345,3304,"GAS COMPRIMIDO, TSXICO, CORROSIVO, N.E.P.",MERCANCIAS VARIAS,2010-05-25,PELIGROSA,ADMINISTRADOR
3346,3305,"GAS COMPRIMIDO, TSXICO, INFLAMABLE, CORROSIVO, N.E.P.",MERCANCIAS VARIAS,2010-05-25,PELIGROSA,ADMINISTRADOR
3347,3306,"GAS COMPRIMIDO, TSXICO, OXIDANTE, CORROSIVO, N.E.P.",MERCANCIAS VARIAS,2010-05-25,PELIGROSA,ADMINISTRADOR
3348,3307,"GAS LICUADO, TSXICO, OXIDANTE, N.E.P.",MERCANCIAS VARIAS,2010-05-25,PELIGROSA,ADMINISTRADOR
3349,3308,"GAS LICUADO, TSXICO, CORROSIVO, N.E.P.",MERCANCIAS VARIAS,2010-05-25,PELIGROSA,ADMINISTRADOR
3350,3309,"GAS LICUADO, TSXICO, INFLAMABLE, CORROSIVO, N.E.P",MERCANCIAS VARIAS,2010-05-25,PELIGROSA,ADMINISTRADOR
3351,3310,"GAS LICUADO, TSXICO, OXIDANTE, CORROSIVO, N.E.P",MERCANCIAS VARIAS,2010-05-25,PELIGROSA,ADMINISTRADOR
3352,3311,"GAS, LMQUIDO REFRIGERADO, OXIDANTE, N.E.P.",MERCANCIAS VARIAS,2010-05-25,PELIGROSA,ADMINISTRADOR
3353,3312,"GAS, LMQUIDO REFRIGERADO, INFLAMABLE, N.E.P.",MERCANCIAS VARIAS,2010-05-25,PELIGROSA,ADMINISTRADOR
3354,3313,PIGMENTOS ORGANICOS QUE EXPERIMENTAN UN CALENTAMIENTO ESPONTANEO,MERCANCIAS VARIAS,2010-05-25,PELIGROSA,ADMINISTRADOR
3355,3314,"COMPUESTO PARA EL MOLDEADO DE PLASTICOS EN FORMA DE PASTA, HOJA O CUERDA ESTIRADA QUE DESPRENDE VAPORES INFLAMABLES",MERCANCIAS VARIAS,2010-05-25,PELIGROSA,ADMINISTRADOR
3356,3315,MUESTRA QUMMICA TSXICA,MERCANCIAS VARIAS,2010-05-25,PELIGROSA,ADMINISTRADOR
3357,3316,EQUIPO QUMMICO O BOTIQUMN DE URGENCIA,MERCANCIAS VARIAS,2010-05-25,PELIGROSA,ADMINISTRADOR
3358,3317,"2-AMINO-4,6-DINITROFENOL, HUMIDIFICADO CON UNA PROPORCISN DE AGUA, EN MASA, NO INFERIOR AL 20%",MERCANCIAS VARIAS,2010-05-25,PELIGROSA,ADMINISTRADOR
3359,3318,"SOLUCISN ACUOSA DE AMONIACO, CON UNA DENSIDAD RELATIVA MENOR DE 0,880 A 150C, CON MAS DEL 50% DE AMONMACO",MERCANCIAS VARIAS,2010-05-25,PELIGROSA,ADMINISTRADOR
3360,3319,"MEZCLA DE NITROGLICERINA, DESENSIBILIZADA, SSLIDA, N.E.P. CON MAS DEL 2% PERO NO MAS DEL 10%, EN MASA, DE NITROGLICERINA",MERCANCIAS VARIAS,2010-05-25,PELIGROSA,ADMINISTRADOR
3361,3320,"BOROHIDRURO SSDICO Y SOLUCISN DE HIDRSXIDO SSDICO CON NO MAS DE 12% DE BOROHIDRURO SSDICO Y NO MAS DE 40%, EN MASA, DE HIDRSXIDO SSDICO",MERCANCIAS VARIAS,2010-05-25,PELIGROSA,ADMINISTRADOR
3362,3321,"MATERIALES RADIACTIVOS, BAJA ACTIVIDAD ESPECMFICA (BAE-II), NO FISIONABLES O FISIONABLES EXCEPTUADOS",MERCANCIAS VARIAS,2010-05-25,PELIGROSA,ADMINISTRADOR
3363,3322,"MATERIALES RADIACTIVOS, BAJA ACTIVIDAD ESPECMFICA (BAE-III), NO FISIONABLES O FISIONABLES EXCEPTUADOS",MERCANCIAS VARIAS,2010-05-25,PELIGROSA,ADMINISTRADOR
3364,3323,"MATERIALES RADIACTIVOS, BULTOS DEL TIPO C, NO FISIONABLES O FISIONABLES EXCEPTUADOS",MERCANCIAS VARIAS,2010-05-25,PELIGROSA,ADMINISTRADOR
3365,3324,"MATERIALES RADIACTIVOS, BAJA ACTIVIDAD ESPECMFICA (BAE-II), FISIONABLES",MERCANCIAS VARIAS,2010-05-25,PELIGROSA,ADMINISTRADOR
3366,3325,"MATERIALES RADIACTIVOS, BAJA ACTIVIDAD ESPECMFICA (BAE-III), FISIONABLES",MERCANCIAS VARIAS,2010-05-25,PELIGROSA,ADMINISTRADOR
3367,3326,"MATERIALES RADIACTIVOS, OBJETOS CONTAMINADOS EN LA SUPERFICIE (OCS-I U OCS-II), FISIONABLES",MERCANCIAS VARIAS,2010-05-25,PELIGROSA,ADMINISTRADOR
3368,3327,"MATERIALES RADIACTIVOS, BULTOS DEL TIPO A, FISIONABLES, NO EN FORMA ESPECIAL",MERCANCIAS VARIAS,2010-05-25,PELIGROSA,ADMINISTRADOR
3369,3328,"MATERIALES RADIACTIVOS, BULTOS DEL TIPO B(U), FISIONABLES",MERCANCIAS VARIAS,2010-05-25,PELIGROSA,ADMINISTRADOR
3370,3329,"MATERIALES RADIACTIVOS, BULTOS DEL TIPO B(M), FISIONABLES",MERCANCIAS VARIAS,2010-05-25,PELIGROSA,ADMINISTRADOR
3371,3330,"MATERIALES RADIACTIVOS, BULTOS DEL TIPO C, FISIONABLES",MERCANCIAS VARIAS,2010-05-25,PELIGROSA,ADMINISTRADOR
3372,3331,"MATERIALES RADIACTIVOS, TRANSPORTADOS EN VIRTUD DE ARREGLOS ESPECIALES, FISIONABLES",MERCANCIAS VARIAS,2010-05-25,PELIGROSA,ADMINISTRADOR
3373,3332,"MATERIALES RADIACTIVOS, BULTOS DEL TIPO A, EN FORMA ESPECIAL, NO FISIONABLES O FISIONABLES EXCEPTUADOS",MERCANCIAS VARIAS,2010-05-25,PELIGROSA,ADMINISTRADOR
3374,3333,"MATERIALES RADIACTIVOS, BULTOS DEL TIPO A, EN FORMA ESPECIAL, FISIONABLES",MERCANCIAS VARIAS,2010-05-25,PELIGROSA,ADMINISTRADOR
3375,3334,"LMQUIDO REGULADO PARA AVIACISN, N.E.P.",MERCANCIAS VARIAS,2010-05-25,PELIGROSA,ADMINISTRADOR
3376,3335,"SSLIDO REGULADO PARA AVIACISN, N.E.P.",MERCANCIAS VARIAS,2010-05-25,PELIGROSA,ADMINISTRADOR
3377,3336,"MERCAPTANOS, LMQUIDOS, INFLAMABLES, N.E.P., O MEZCLA DE MERCAPTANOS, LMQUIDOS, INFLAMABLES, N.E.P.",MERCANCIAS VARIAS,2010-05-25,PELIGROSA,ADMINISTRADOR
3378,3337,GAS REFRIGERANTE R 404A,MERCANCIAS VARIAS,2010-05-25,PELIGROSA,ADMINISTRADOR
3379,3338,GAS REFRIGERANTE R 407A,MERCANCIAS VARIAS,2010-05-25,PELIGROSA,ADMINISTRADOR
3380,3339,GAS REFRIGERANTE R 407B,MERCANCIAS VARIAS,2010-05-25,PELIGROSA,ADMINISTRADOR
3381,3340,GAS REFRIGERANTE R 407C,MERCANCIAS VARIAS,2010-05-25,PELIGROSA,ADMINISTRADOR
3382,3341,DISXIDO DE TIOUREA,MERCANCIAS VARIAS,2010-05-25,PELIGROSA,ADMINISTRADOR
3383,3342,XANTATOS,MERCANCIAS VARIAS,2010-05-25,PELIGROSA,ADMINISTRADOR
3384,3343,"MEZCLA DE NITROGLICERINA, DESENSIBILIZADA, LMQUIDA, INFLAMABLE, N.E.P., CON NO MAS DEL 30%, EN MASA, DE NITROGLICERINA",MERCANCIAS VARIAS,2010-05-25,PELIGROSA,ADMINISTRADOR
3385,3344,"MEZCLA DE TETRANITRATO DE PENTAERITRITA, DESENSIBILIZADA, SSLIDA, N.E.P., CON MAS DEL 10% PERO NO MAS DEL 20%, EN MASA, DE TETRANITRATO DE PENTAERITRITA",MERCANCIAS VARIAS,2010-05-25,PELIGROSA,ADMINISTRADOR
3386,3345,"PLAGUICIDA DERIVADO DEL ACIDO FENOXIACITICO, SSLIDO, TSXICO",MERCANCIAS VARIAS,2010-05-25,PELIGROSA,ADMINISTRADOR
3387,3346,"PLAGUICIDA DERIVADO DEL ACIDO FENOXIACITICO, LMQUIDO, INFLAMABLE, TSXICO, DE PUNTO DE INFLAMACISN INFERIOR A 230C",MERCANCIAS VARIAS,2010-05-25,PELIGROSA,ADMINISTRADOR
3388,3347,"PLAGUICIDA DERIVADO DEL ACIDO FENOXIACITICO, LMQUIDO, TSXICO, INFLAMABLE, DE PUNTO DE INFLAMACISN IGUAL O SUPERIOR A 230C",MERCANCIAS VARIAS,2010-05-25,PELIGROSA,ADMINISTRADOR
3389,3348,"PLAGUICIDA DERIVADO DEL ACIDO FENOXIACITICO, LMQUIDO, TSXICO",MERCANCIAS VARIAS,2010-05-25,PELIGROSA,ADMINISTRADOR
3390,3349,"PLAGUICIDA PIRETROIDEO, SSLIDO, TSXICO",MERCANCIAS VARIAS,2010-05-25,PELIGROSA,ADMINISTRADOR
3391,3350,"PLAGUICIDA PIRETROIDEO, LMQUIDO, INFLAMABLE, TSXICO, DE PUNTO DE INFLAMACISN INFERIOR A 230C",MERCANCIAS VARIAS,2010-05-25,PELIGROSA,ADMINISTRADOR
3392,3351,"PLAGUICIDA PIRETROIDEO, LMQUIDO, TSXICO, INFLAMABLE, DE PUNTO DE INFLAMACISN NO INFERIOR A 230C",MERCANCIAS VARIAS,2010-05-25,PELIGROSA,ADMINISTRADOR
3393,3352,"PLAGUICIDA PIRETROIDEO, LMQUIDO, TSXICO",MERCANCIAS VARIAS,2010-05-25,PELIGROSA,ADMINISTRADOR
3394,3354,"GAS INSECTICIDA, INFLAMABLE, N.E.P.",MERCANCIAS VARIAS,2010-05-25,PELIGROSA,ADMINISTRADOR
3395,3355,"GAS INSECTICIDA, TSXICO, INFLAMABLE, N.E.P.",MERCANCIAS VARIAS,2010-05-25,PELIGROSA,ADMINISTRADOR
3396,3356,GENERADOR QUMMICO DE OXMGENO.,MERCANCIAS VARIAS,2010-05-25,PELIGROSA,ADMINISTRADOR
3397,3357,"MEZCLA DE NITROGLICERINA, DESENSIBILIZADA, LMQUIDA, N.E.P., CON UN MAXIMO DEL 30%, EN MASA, DE NITROGLICERINA",MERCANCIAS VARIAS,2010-05-25,PELIGROSA,ADMINISTRADOR
3398,3358,"MAQUINAS REFRIGERADORAS QUE CONTENGAN GAS LMQUIDO INFLAMABLE, NO TSXICO",MERCANCIAS VARIAS,2010-05-25,PELIGROSA,ADMINISTRADOR
3399,3359,UNIDAD SOMETIDA A FUMIGACISN,MERCANCIAS VARIAS,2010-05-25,PELIGROSA,ADMINISTRADOR
3400,3360,"FIBRAS DE ORIGEN VEGETAL, SECAS",MERCANCIAS VARIAS,2010-05-25,PELIGROSA,ADMINISTRADOR
3401,3361,"CLOROSILANOS TSXICOS CORROSIVOS, N.E.P",MERCANCIAS VARIAS,2010-05-25,PELIGROSA,ADMINISTRADOR
3402,3362,"CLOROSILANOS TSXICOS CORROSIVOS INFLAMABLES, N.E.P",MERCANCIAS VARIAS,2010-05-25,PELIGROSA,ADMINISTRADOR
3403,3363,MERCANCMAS PELIGROSAS EN MAQUINARIA O MERCANCMAS PELIGROSAS EN APARATOS,MERCANCIAS VARIAS,2010-05-25,PELIGROSA,ADMINISTRADOR
3404,3364,"TRINITROFENOL (ACIDO PMCRICO) HUMIDIFICADO CON UN MMNIMO DEL 10%, EN MASA, DE AGUA",MERCANCIAS VARIAS,2010-05-25,PELIGROSA,ADMINISTRADOR
3405,3365,"TRINITROCLOROBENCENO (CLORURO DE PICRILO) HUMIDIFICADO CON UN MMNIMO DEL 10%, EN MASA, DE AGUA",MERCANCIAS VARIAS,2010-05-25,PELIGROSA,ADMINISTRADOR
3406,3366,"TRINITROTOLUENO (TNT) HUMIDIFICADO CON UN MMNIMO DEL 10%, EN MASA, DE AGUA",MERCANCIAS VARIAS,2010-05-25,PELIGROSA,ADMINISTRADOR
3407,3367,"TRINITROBENCENO HUMIDIFICADO CON UN MMNIMO DEL 10%, EN MASA, DE AGUA",MERCANCIAS VARIAS,2010-05-25,PELIGROSA,ADMINISTRADOR
3408,3368,"ACIDO TRINITROBENZOICO HUMIDIFICADO CON UN MMNIMO DE 10%, EN MASA, DE AGUA",MERCANCIAS VARIAS,2010-05-25,PELIGROSA,ADMINISTRADOR
3409,3369,"DINITRO-O-CRESOLATO SSDICO HUMIDIFICADO CON UN MMNIMO DEL 10%, EN MASA, DE AGUA",MERCANCIAS VARIAS,2010-05-25,PELIGROSA,ADMINISTRADOR
3410,3370,"NITRATO DE UREA HUMIDIFICADO CON UN MMNIMO DEL 10%, EN MASA, DE AGUA",MERCANCIAS VARIAS,2010-05-25,PELIGROSA,ADMINISTRADOR
3411,3371,2-METILBUTANAL,MERCANCIAS VARIAS,2010-05-25,PELIGROSA,ADMINISTRADOR
3412,3373,"SUSTANCIA BIOLSGICA, CATEGORMA B",MERCANCIAS VARIAS,2010-05-25,PELIGROSA,ADMINISTRADOR
3413,3374,ACETILENO EXENTO DE SOLVENTE,MERCANCIAS VARIAS,2010-05-25,PELIGROSA,ADMINISTRADOR
3414,3375,"EMULSISN DE NITRATO DE AMONIO O SUSPENSISN O GEL, EXPLOSIVOS INTERMEDIARIOS PARA VOLADURAS",MERCANCIAS VARIAS,2010-05-25,PELIGROSA,ADMINISTRADOR
3415,3376,"4-NITROFENILHIDRAZINA CON UN MMNIMO DEL 30%, EN MASA, DE AGUA",MERCANCIAS VARIAS,2010-05-25,PELIGROSA,ADMINISTRADOR
3416,3377,PERBORATO DE SODIO MONOHIDRATADO,MERCANCIAS VARIAS,2010-05-25,PELIGROSA,ADMINISTRADOR
3417,3378,CARBONATO SSDICO PEROXIHIDRATADO,MERCANCIAS VARIAS,2010-05-25,PELIGROSA,ADMINISTRADOR
3418,3379,"EXPLOSIVO  DESENSIBILIZADO, LMQUIDO, N.E.P.",MERCANCIAS VARIAS,2010-05-25,PELIGROSA,ADMINISTRADOR
3419,3380,"EXPLOSIVO  DESENSIBILIZADO, SSLIDO, N.E.P.",MERCANCIAS VARIAS,2010-05-25,PELIGROSA,ADMINISTRADOR
3420,3381,"LMQUIDO TSXICO  POR INHALACISN, N.E.P., CON TOXICIDAD POR INHALACISN INFERIOR O IGUAL A 200 ML/M3 Y CON CONCENTRACISN SATURADA DE VAPOR SUPERIOR O IGUAL A 500 CL50",MERCANCIAS VARIAS,2010-05-25,PELIGROSA,ADMINISTRADOR
3421,3382,"LMQUIDO TSXICO POR INHALACISN, N.E.P., CON TOXICIDAD POR INHALACISN INFERIOR O IGUAL A 1000 ML/M3 Y CON CONCENTRACISN SATURADA DE VAPOR SUPERIOR O IGUAL A 10 CL50",MERCANCIAS VARIAS,2010-05-25,PELIGROSA,ADMINISTRADOR
3422,3383,"LMQUIDO TSXICO POR INHALACISN, INFLAMABLE, N.E.P., CON TOXICIDAD POR INHALACISN INFERIOR O IGUAL A 200 ML/M3 Y CON CONCENTRACISN SATURADA DE VAPOR SUPERIOR O IGUAL A  500 CL50",MERCANCIAS VARIAS,2010-05-25,PELIGROSA,ADMINISTRADOR
3423,3384,"LMQUIDO TSXICO POR INHALACISN, INFLAMABLE, N.E.P., CON TOXICIDAD POR INHALACISN INFERIOR O IGUAL A 1000 ML/M3 Y CON CONCENTRACISN SATURADA DE VAPOR SUPERIOR O IGUAL A 10 CL50",MERCANCIAS VARIAS,2010-05-25,PELIGROSA,ADMINISTRADOR
3424,3385,"LMQUIDO TSXICO POR INHALACISN, HIDRORREACTIVO, N.E.P., CON TOXICIDAD POR INHALACISN INFERIOR O IGUAL A 200 ML/M3 Y CON CONCENTRACISN SATURADA DE VAPOR SUPERIOR O IGUAL A 500 CL50",MERCANCIAS VARIAS,2010-05-25,PELIGROSA,ADMINISTRADOR
3425,3386,"LMQUIDO TSXICO POR INHALACISN, HIDRORREACTIVO, N.E.P., CON TOXICIDAD POR INHALACISN INFERIOR O IGUAL A 1000 ML/M3 Y CON CONCENTRACISN SATURADA DE VAPOR SUPERIOR O IGUAL A 10 CL50",MERCANCIAS VARIAS,2010-05-25,PELIGROSA,ADMINISTRADOR
3426,3387,"LMQUIDO TSXICO POR INHALACISN, COMBURENTE, N.E.P., CON TOXICIDAD POR INHALACISN INFERIOR O IGUAL A 200 ML/M3 Y CON CONCENTRACISN SATURADA DE VAPOR SUPERIOR O IGUAL A 500 CL50",MERCANCIAS VARIAS,2010-05-25,PELIGROSA,ADMINISTRADOR
3427,3388,"LMQUIDO TSXICO POR INHALACISN, COMBURENTE, N.E.P., CON TOXICIDAD POR INHALACISN INFERIOR O IGUAL A 1000 ML/M3 Y CON CONCENTRACISN SATURADA DE VAPOR SUPERIOR O IGUAL A 10 CL50",MERCANCIAS VARIAS,2010-05-25,PELIGROSA,ADMINISTRADOR
3428,3389,"LMQUIDO TSXICO POR INHALACISN, CORROSIVO, N.E.P., CON TOXICIDAD POR INHALACISN INFERIOR O IGUAL A 200 ML/M3 Y CON CONCENTRACISN SATURADA DE VAPOR SUPERIOR O IGUAL A 500 CL50",MERCANCIAS VARIAS,2010-05-25,PELIGROSA,ADMINISTRADOR
3429,3390,"LMQUIDO TSXICO POR INHALACISN, CORROSIVO, N.E.P., CON TOXICIDAD POR INHALACISN INFERIOR O IGUAL A 1000 ML/M3 Y CON CONCENTRACISN SATURADA DE VAPOR SUPERIOR O IGUAL A 10 CL50",MERCANCIAS VARIAS,2010-05-25,PELIGROSA,ADMINISTRADOR
3430,3391,"SUSTANCIA ORGANOMETALICA, SSLIDA, PIROFSRICA",MERCANCIAS VARIAS,2010-05-25,PELIGROSA,ADMINISTRADOR
3431,3392,"SUSTANCIA ORGANOMETALICA, LMQUIDA, PIROFSRICA",MERCANCIAS VARIAS,2010-05-25,PELIGROSA,ADMINISTRADOR
3432,3393,"SUSTANCIA ORGANOMETALICA,   SSLIDA, PIROFSRICA, HIDRORREACTIVA",MERCANCIAS VARIAS,2010-05-25,PELIGROSA,ADMINISTRADOR
3433,3394,"SUSTANCIA ORGANOMETALICA,   LMQUIDA, PIROFSRICA, HIDRORREACTIVA",MERCANCIAS VARIAS,2010-05-25,PELIGROSA,ADMINISTRADOR
3434,3395,"SUSTANCIA ORGANOMETALICA,   SSLIDA, HIDRORREACTIVA",MERCANCIAS VARIAS,2010-05-25,PELIGROSA,ADMINISTRADOR
3435,3396,"SUSTANCIA ORGANOMETALICA,   SSLIDA, HIDRORREACTIVA, INFLAMABLE",MERCANCIAS VARIAS,2010-05-25,PELIGROSA,ADMINISTRADOR
3436,3397,"SUSTANCIA ORGANOMETALICA,  SSLIDA, HIDRORREACTIVA, QUE EXPERIMENTA CALENTAMIENTO ESPONTANEO",MERCANCIAS VARIAS,2010-05-25,PELIGROSA,ADMINISTRADOR
3437,3398,"SUSTANCIA ORGANOMETALICA, LMQUIDA,    HIDRORREACTIVA",MERCANCIAS VARIAS,2010-05-25,PELIGROSA,ADMINISTRADOR
3438,3399,"SUSTANCIA ORGANOMETALICA,  LMQUIDA,HIDRORREACTIVA, INFLAMABLE",MERCANCIAS VARIAS,2010-05-25,PELIGROSA,ADMINISTRADOR
3439,3400,"SUSTANCIA ORGANOMETALICA, SSLIDA, QUE EXPERIMENTA CALENTAMIENTO ESPONTANEO",MERCANCIAS VARIAS,2010-05-25,PELIGROSA,ADMINISTRADOR
3440,3401,"METALES ALCALINOS, AMALGAMA SSLIDA DE",MERCANCIAS VARIAS,2010-05-25,PELIGROSA,ADMINISTRADOR
3441,3402,"METALES ALCALINOTIRREOS, AMALGAMA SSLIDA DE",MERCANCIAS VARIAS,2010-05-25,PELIGROSA,ADMINISTRADOR
3442,3403,"POTASIO METALICO, ALEACIONES SSLIDAS DE",MERCANCIAS VARIAS,2010-05-25,PELIGROSA,ADMINISTRADOR
3443,3404,"POTASIO Y SODIO, ALEACIONES SSLIDAS DE",MERCANCIAS VARIAS,2010-05-25,PELIGROSA,ADMINISTRADOR
3444,3405,CLORATO DE BARIO EN SOLUCISN,MERCANCIAS VARIAS,2010-05-25,PELIGROSA,ADMINISTRADOR
3445,3406,PERCLORATO DE BARIO EN SOLUCISN,MERCANCIAS VARIAS,2010-05-25,PELIGROSA,ADMINISTRADOR
3446,2827,"CLORATO Y  CLORURO DE MAGNESIO  EN SOLUCISN, MEZCLA DE",MERCANCIAS VARIAS,2010-05-25,PELIGROSA,ADMINISTRADOR
3447,3408,PERCLORATO DE PLOMO EN SOLUCISN,MERCANCIAS VARIAS,2010-05-25,PELIGROSA,ADMINISTRADOR
3448,3409,CLORONITROBENCENOS LMQUIDOS,MERCANCIAS VARIAS,2010-05-25,PELIGROSA,ADMINISTRADOR
3449,3410,CLORHIDRATO DE 4-CLORO-O-TOLUIDINA EN SOLUCISN,MERCANCIAS VARIAS,2010-05-25,PELIGROSA,ADMINISTRADOR
3450,3411,BETA-NAFTILAMINA EN SOLUCISN,MERCANCIAS VARIAS,2010-05-25,PELIGROSA,ADMINISTRADOR
3451,3412,"ACIDO FSRMICO CON UN MMNIMO DE 10 % Y UN MAXIMO DE 85 %, EN MASA, DE ACIDO",MERCANCIAS VARIAS,2010-05-25,PELIGROSA,ADMINISTRADOR
3452,3413,CIANURO POTASICO EN SOLUCISN,MERCANCIAS VARIAS,2010-05-25,PELIGROSA,ADMINISTRADOR
3453,3414,CIANURO SSDICO EN SOLUCISN,MERCANCIAS VARIAS,2010-05-25,PELIGROSA,ADMINISTRADOR
3454,3415,FLUORURO SSDICO EN SOLUCISN,MERCANCIAS VARIAS,2010-05-25,PELIGROSA,ADMINISTRADOR
3455,3416,CLOROACETOFENONA  LMQUIDA,MERCANCIAS VARIAS,2010-05-25,PELIGROSA,ADMINISTRADOR
3456,3417,"BROMURO DE XILILO, SSLIDO",MERCANCIAS VARIAS,2010-05-25,PELIGROSA,ADMINISTRADOR
3457,3418,"TOLUILEN-2,4 -DIAMINA EN SOLUCISN",MERCANCIAS VARIAS,2010-05-25,PELIGROSA,ADMINISTRADOR
3458,3419,"TRIFLUORURO DE BORO Y ACIDO ACITICO, COMPLEJO SSLIDO DE",MERCANCIAS VARIAS,2010-05-25,PELIGROSA,ADMINISTRADOR
3459,3420,"TRIFLUORURO DE BORO Y ACIDO PROPISNICO, COMPLEJO SSLIDO DE",MERCANCIAS VARIAS,2010-05-25,PELIGROSA,ADMINISTRADOR
3460,3421,HIDRSGENODIFLUORURO DE POTASIO EN SOLUCISN,MERCANCIAS VARIAS,2010-05-25,PELIGROSA,ADMINISTRADOR
3461,3422,FLUORURO POTASICO EN SOLUCISN,MERCANCIAS VARIAS,2010-05-25,PELIGROSA,ADMINISTRADOR
3462,3423,HIDRSXIDO  DE TETRAMETILAMONIO SSLIDO,MERCANCIAS VARIAS,2010-05-25,PELIGROSA,ADMINISTRADOR
3463,3424,DINITRO-O-CRESOLATO AMSNICO EN SOLUCISN,MERCANCIAS VARIAS,2010-05-25,PELIGROSA,ADMINISTRADOR
3464,3425,ACIDO BROMOACITICO SSLIDO,MERCANCIAS VARIAS,2010-05-25,PELIGROSA,ADMINISTRADOR
3465,3426,ACRILAMIDA EN SOLUCISN,MERCANCIAS VARIAS,2010-05-25,PELIGROSA,ADMINISTRADOR
3466,3427,"CLORUROS DE CLOROBENCILO, SSLIDOS",MERCANCIAS VARIAS,2010-05-25,PELIGROSA,ADMINISTRADOR
3467,3428,"ISOCIANATO DE  3-CLORO-4-METILFENILO, SSLIDO",MERCANCIAS VARIAS,2010-05-25,PELIGROSA,ADMINISTRADOR
3468,3429,CLOROTOLUIDINAS LMQUIDAS,MERCANCIAS VARIAS,2010-05-25,PELIGROSA,ADMINISTRADOR
3469,3430,XILENOLES LMQUIDOS,MERCANCIAS VARIAS,2010-05-25,PELIGROSA,ADMINISTRADOR
3470,3431,NITROBENZOTRIFLUORUROS  SSLIDOS,MERCANCIAS VARIAS,2010-05-25,PELIGROSA,ADMINISTRADOR
3471,3432,DIFENILOS POLICLORADOS SSLIDOS,MERCANCIAS VARIAS,2010-05-25,PELIGROSA,ADMINISTRADOR
3472,3433,"ALQUILOS DE LITIO, SSLIDOS",MERCANCIAS VARIAS,2010-05-25,PELIGROSA,ADMINISTRADOR
3473,3434,NITROCRESOLES LMQUIDOS,MERCANCIAS VARIAS,2010-05-25,PELIGROSA,ADMINISTRADOR
3474,3436,"HIDRATO DE HEXAFLUORACETONA, SSLIDO",MERCANCIAS VARIAS,2010-05-25,PELIGROSA,ADMINISTRADOR
3475,3437,CLOROCRESOLES SSLIDOS,MERCANCIAS VARIAS,2010-05-25,PELIGROSA,ADMINISTRADOR
3476,3438,ALCOHOL ALFA-METILBENCMLICO  SSLIDO,MERCANCIAS VARIAS,2010-05-25,PELIGROSA,ADMINISTRADOR
3477,3439,"NITRILOS TSXICOS SSLIDOS, N.E.P.",MERCANCIAS VARIAS,2010-05-25,PELIGROSA,ADMINISTRADOR
3478,3440,"COMPUESTO DE SELENIO LMQUIDO, N.E.P.",MERCANCIAS VARIAS,2010-05-25,PELIGROSA,ADMINISTRADOR
3479,3441,CLORODINITROBENCENOS SSLIDOS,MERCANCIAS VARIAS,2010-05-25,PELIGROSA,ADMINISTRADOR
3480,3442,DICLOROANILINAS SSLIDAS,MERCANCIAS VARIAS,2010-05-25,PELIGROSA,ADMINISTRADOR
3481,3443,DINITROBENCENOS SSLIDOS,MERCANCIAS VARIAS,2010-05-25,PELIGROSA,ADMINISTRADOR
3482,3444,CLORHIDRATO DE NICOTINA SSLIDO,MERCANCIAS VARIAS,2010-05-25,PELIGROSA,ADMINISTRADOR
3483,3445,SULFATO DE NICOTINA SSLIDO,MERCANCIAS VARIAS,2010-05-25,PELIGROSA,ADMINISTRADOR
3484,3446,NITROTOLUENOS SSLIDOS,MERCANCIAS VARIAS,2010-05-25,PELIGROSA,ADMINISTRADOR
3485,3447,NITROXILENOS SSLIDOS,MERCANCIAS VARIAS,2010-05-25,PELIGROSA,ADMINISTRADOR
3486,3448,"GASES LACRIMSGENOS, SUSTANCIA SSLIDA PARA LA FABRICACISN DE, N.E.P.",MERCANCIAS VARIAS,2010-05-25,PELIGROSA,ADMINISTRADOR
3487,3449,CIANUROS DE BROMOBENCILO SSLIDOS,MERCANCIAS VARIAS,2010-05-25,PELIGROSA,ADMINISTRADOR
3488,3450,DIFENILCLOROARSINA SSLIDA,MERCANCIAS VARIAS,2010-05-25,PELIGROSA,ADMINISTRADOR
3489,3451,TOLUIDINAS SSLIDAS,MERCANCIAS VARIAS,2010-05-25,PELIGROSA,ADMINISTRADOR
3490,3452,XILIDINAS SSLIDAS,MERCANCIAS VARIAS,2010-05-25,PELIGROSA,ADMINISTRADOR
3491,7664,ACIDO FOSFSRICO SSLIDO,MERCANCIAS VARIAS,2010-05-25,PELIGROSA,ADMINISTRADOR
3492,3454,DINITROTOLUENOS SSLIDOS,MERCANCIAS VARIAS,2010-05-25,PELIGROSA,ADMINISTRADOR
3493,3455,CRESOLES SSLIDOS,MERCANCIAS VARIAS,2010-05-25,PELIGROSA,ADMINISTRADOR
3494,3456,ACIDO NITROSILSULFZRICO SSLIDO,MERCANCIAS VARIAS,2010-05-25,PELIGROSA,ADMINISTRADOR
3495,3457,CLORONITROTOLUENOS SSLIDOS,MERCANCIAS VARIAS,2010-05-25,PELIGROSA,ADMINISTRADOR
3496,3458,NITROANISOL SSLIDO,MERCANCIAS VARIAS,2010-05-25,PELIGROSA,ADMINISTRADOR
3497,3459,NITROBROMOBENCENOS SSLIDOS,MERCANCIAS VARIAS,2010-05-25,PELIGROSA,ADMINISTRADOR
3498,3460,N-ETILBENCILTOLUIDINAS SSLIDAS,MERCANCIAS VARIAS,2010-05-25,PELIGROSA,ADMINISTRADOR
3499,3461,"HALUROS DE ALQUILOS DE ALUMINIO, SSLIDOS",MERCANCIAS VARIAS,2010-05-25,PELIGROSA,ADMINISTRADOR
3500,3462,"TOXINAS EXTRAMDAS DE UN MEDIO VIVO, SSLIDAS, N.E.P.",MERCANCIAS VARIAS,2010-05-25,PELIGROSA,ADMINISTRADOR
3501,3463,"ACIDO PROPISNICO CON UN MMNIMO DE 90 %, EN MASA, DE ACIDO",MERCANCIAS VARIAS,2010-05-25,PELIGROSA,ADMINISTRADOR
3502,3464,"COMPUESTO ORGANOFOSFORADO TSXICO, SSLIDO, N.E.P.",MERCANCIAS VARIAS,2010-05-25,PELIGROSA,ADMINISTRADOR
3503,3465,"COMPUESTO ORGANOARSENICAL, SSLIDO, N.E.P.",MERCANCIAS VARIAS,2010-05-25,PELIGROSA,ADMINISTRADOR
3504,3466,"CARBONILOS METALICOS, SSLIDOS, N.E.P.",MERCANCIAS VARIAS,2010-05-25,PELIGROSA,ADMINISTRADOR
3505,3467,"COMPUESTO ORGANOMETALICO TSXICO, SSLIDO, N.E.P.",MERCANCIAS VARIAS,2010-05-25,PELIGROSA,ADMINISTRADOR
3506,3468,HIDRSGENO EN UN DISPOSITIVO DE ALMACENAMIENTO CON HIDRURO METALICO,MERCANCIAS VARIAS,2010-05-25,PELIGROSA,ADMINISTRADOR
3507,3469,"PINTURA INFLAMABLE, CORROSIVA  (INCLUYE PINTURA, LACA, ESMALTE, COLORANTE, GOMA LACA, BARNIZ, ABRILLANTADOR, ENCAUSTICO Y BASE LMQUIDA PARA LACAS) O PRODUCTOS PARA PINTURAS, INFLAMABLES, CORROSIVOS (INCLUIDOS SOLVENTES Y DILUYENTES PARA PINTURAS)",MERCANCIAS VARIAS,2010-05-25,PELIGROSA,ADMINISTRADOR
3508,34700000,"PINTURA CORROSIVA, INFLAMABLE  (INCLUYE PINTURA, LACA, ESMALTE, COLORANTE, GOMA LACA, BARNIZ, ABRILLANTADOR, ENCAUSTICO Y BASE LMQUIDA PARA LACAS) O PRODUCTOS PARA PINTURAS, CORROSIVOS, INFLAMABLES (INCLUIDOS SOLVENTES Y DILUYENTES PARA PINTURAS)",MERCANCIAS VARIAS,2010-05-25,PELIGROSA,ADMINISTRADOR
3509,3471,"HIDROGENODIFLUORUROS EN SOLUCISN, N.E.P.",MERCANCIAS VARIAS,2010-05-25,PELIGROSA,ADMINISTRADOR
3510,3472,ACIDO CROTSNICO LMQUIDO,MERCANCIAS VARIAS,2010-05-25,PELIGROSA,ADMINISTRADOR
3511,3473,CARTUCHOS PARA PILAS DE COMBUSTIBLE QUE CONTIENEN LMQUIDOS INFLAMABLES,MERCANCIAS VARIAS,2010-05-25,PELIGROSA,ADMINISTRADOR
3512,9980,PRODUCTOS VARIOS,MERCANCIAS VARIAS,2010-05-25,NORMAL,ADMINISTRADOR
3513,9980,PRODUCTOS VARIOS,MERCANCIAS VARIAS,2010-05-25,NORMAL,ADMINISTRADOR
3514,Y1,"DESECHOS CLíNICOS RESULTANTES DE LA ATENCIóN MéDICA PRESTADA EN HOSPITALES, CENTROS MéDICOS Y CLíNICAS.",MERCANCIAS VARIAS,2010-05-25,DESECHOS PELIGROSOS,ADMINISTRADOR
3515,Y10,"SUSTANCIAS Y ARTíCULOS DE DESECHO QUE CONTENGAN, O ESTéN CONTAMINADOS POR, BIFENILOS POLICLORADOS (PCB), TERFENILOS POLICLORADOS (PCT) O BIFENILOS POLIBROMADOS (PBB).",MERCANCIAS VARIAS,2010-05-25,DESECHOS PELIGROSOS,ADMINISTRADOR
3516,Y11,"RESIDUOS ALQUITRANADOS RESULTANTES DE LA REFINACIóN, DESTILACIóN O CUALQUIER OTRO TRATAMIENTO PIROLíTICO.",MERCANCIAS VARIAS,2010-05-25,DESECHOS PELIGROSOS,ADMINISTRADOR
3517,Y12,"DESECHOS RESULTANTES DE LA PRODUCCIóN, PREPARACIóN Y UTILIZACIóN DE TINTAS, COLORANTES, PIGMENTOS, PINTURAS, LACAS O BARNICES.",MERCANCIAS VARIAS,2010-05-25,DESECHOS PELIGROSOS,ADMINISTRADOR
3518,Y13,"DESECHOS RESULTANTES DE LA PRODUCCIóN, PREPARACIóN Y UTILIZACIóN DE RESINAS, LáTEX, PLASTIFICANTES O COLAS Y ADHESIVOS.",MERCANCIAS VARIAS,2010-05-25,DESECHOS PELIGROSOS,ADMINISTRADOR
3519,Y14,"SUSTANCIAS QUíMICAS DE DESECHO, NO IDENTIFICADAS O NUEVAS, RESULTANTES DE LA INVESTIGACIóN Y EL DESARROLLO O DE LAS ACTIVIDADES DE ENSEñANZA Y CUYOS EFECTOS EN EL SER HUMANO O EL MEDIO AMBIENTE NO SE CONOZCAN.",MERCANCIAS VARIAS,2010-05-25,DESECHOS PELIGROSOS,ADMINISTRADOR
3520,Y15,DESECHOS DE CARáCTER EXPLOSIVO QUE NO ESTéN SOMETIDOS A UNA LEGISLACIóN DIFERENTE.,MERCANCIAS VARIAS,2010-05-25,DESECHOS PELIGROSOS,ADMINISTRADOR
3521,Y16,DESECHOS RESULTANTES DE LA PRODUCCIóN. PREPARACIóN Y UTILIZACIóN DE PRODUCTOS QUíMICOS Y MATERIALES PARA FINES FOTOGRáFICOS.,MERCANCIAS VARIAS,2010-05-25,DESECHOS PELIGROSOS,ADMINISTRADOR
3522,Y17,DESECHOS RESULTANTES DEL TRATAMIENTO DE SUPERFICIE DE METALES Y PLáSTICOS.,MERCANCIAS VARIAS,2010-05-25,DESECHOS PELIGROSOS,ADMINISTRADOR
3523,Y18,RESIDUOS RESULTANTES DE LAS OPERACIONES DE ELIMINACIóN DE DESECHOS INDUSTRIALES.,MERCANCIAS VARIAS,2010-05-25,DESECHOS PELIGROSOS,ADMINISTRADOR
3524,Y19,DESECHOS QUE TENGAN COMO CONSTITUYENTES METALES CARBONILOS.,MERCANCIAS VARIAS,2010-05-25,DESECHOS PELIGROSOS,ADMINISTRADOR
3525,Y2,DESECHOS RESULTANTES DE LA PRODUCCIóN Y PREPARACIóN DE PRODUCTOS FARMACéUTICOS.,MERCANCIAS VARIAS,2010-05-25,DESECHOS PELIGROSOS,ADMINISTRADOR
3526,Y20,"DESECHOS QUE TENGAN COMO CONSTITUYENTES BERILIO, COMPUESTOS DE BERILIO",MERCANCIAS VARIAS,2010-05-25,DESECHOS PELIGROSOS,ADMINISTRADOR
3527,Y21,DESECHOS QUE TENGAN COMO CONSTITUYENTES COMPUESTOS DE CROMO HEXAVALENTE.,MERCANCIAS VARIAS,2010-05-25,DESECHOS PELIGROSOS,ADMINISTRADOR
3528,Y22,DESECHOS QUE TENGAN COMO CONSTITUYENTES COMPUESTOS DE COBRE.,MERCANCIAS VARIAS,2010-05-25,DESECHOS PELIGROSOS,ADMINISTRADOR
3529,Y23,DESECHOS QUE TENGAN COMO CONSTITUYENTES COMPUESTOS DE ZINC.,MERCANCIAS VARIAS,2010-05-25,DESECHOS PELIGROSOS,ADMINISTRADOR
3530,3530,"DESECHOS QUE TENGAN COMO CONSTITUYENTES ARSéNICO, COMPUESTOS DE ARSéNICO.",MERCANCIAS VARIAS,2010-05-25,DESECHOS PELIGROSOS,ADMINISTRADOR
3531,Y25,"DESECHOS QUE TENGAN COMO CONSTITUYENTES SELENIO, COMPUESTOS DE SELENIO.",MERCANCIAS VARIAS,2010-05-25,DESECHOS PELIGROSOS,ADMINISTRADOR
3532,Y26,"DESECHOS QUE TENGAN COMO CONSTITUYENTES CADMIO, COMPUESTOS DE CADMIO.",MERCANCIAS VARIAS,2010-05-25,DESECHOS PELIGROSOS,ADMINISTRADOR
3533,Y27,"DESECHOS QUE TENGAN COMO CONSTITUYENTES ANTIMONIO, COMPUESTOS DE ANTIMONIO.",MERCANCIAS VARIAS,2010-05-25,DESECHOS PELIGROSOS,ADMINISTRADOR
3534,Y28,"DESECHOS QUE TENGAN COMO CONSTITUYENTES TELURIO, COMPUESTOS DE TELURIO.",MERCANCIAS VARIAS,2010-05-25,DESECHOS PELIGROSOS,ADMINISTRADOR
3535,Y29,"DESECHOS QUE TENGAN COMO CONSTITUYENTES MERCURIO, COMPUESTOS DE MERCURIO.",MERCANCIAS VARIAS,2010-05-25,DESECHOS PELIGROSOS,ADMINISTRADOR
3536,Y3,DESECHOS DE MEDICAMENTOS Y PRODUCTOS FARMACéUTICOS.,MERCANCIAS VARIAS,2010-05-25,DESECHOS PELIGROSOS,ADMINISTRADOR
3537,Y30,"DESECHOS QUE TENGAN COMO CONSTITUYENTES TALIO, COMPUESTOS DE TALIO.",MERCANCIAS VARIAS,2010-05-25,DESECHOS PELIGROSOS,ADMINISTRADOR
3538,Y31,"DESECHOS QUE TENGAN COMO CONSTITUYENTES PLOMO, COMPUESTOS DE PLOMO.",MERCANCIAS VARIAS,2010-05-25,DESECHOS PELIGROSOS,ADMINISTRADOR
3539,Y32,"DESECHOS QUE TENGAN COMO CONSTITUYENTES COMPUESTOS INORGáNICOS DE FLúOR, CON EXCLUSIóN DEL FLUORURO CáLCICO",MERCANCIAS VARIAS,2010-05-25,DESECHOS PELIGROSOS,ADMINISTRADOR
3540,Y33,DESECHOS QUE TENGAN COMO CONSTITUYENTES CIANUROS INORGáNICOS.,MERCANCIAS VARIAS,2010-05-25,DESECHOS PELIGROSOS,ADMINISTRADOR
3541,Y34,DESECHOS QUE TENGAN COMO CONSTITUYENTES SOLUCIONES áCIDAS O áCIDOS EN FORMA SóLIDA.,MERCANCIAS VARIAS,2010-05-25,DESECHOS PELIGROSOS,ADMINISTRADOR
3542,Y35,DESECHOS QUE TENGAN COMO CONSTITUYENTES SOLUCIONES BáSICAS O BASES EN FORMA SóLIDA.,MERCANCIAS VARIAS,2010-05-25,DESECHOS PELIGROSOS,ADMINISTRADOR
3543,Y36,DESECHOS QUE TENGAN COMO CONSTITUYENTES ASBESTO (POLVO Y FIBRAS).,MERCANCIAS VARIAS,2010-05-25,DESECHOS PELIGROSOS,ADMINISTRADOR
3544,Y37,DESECHOS QUE TENGAN COMO CONSTITUYENTES COMPUESTOS ORGáNICOS DE FóSFORO.,MERCANCIAS VARIAS,2010-05-25,DESECHOS PELIGROSOS,ADMINISTRADOR
3545,Y38,DESECHOS QUE TENGAN COMO CONSTITUYENTES CIANUROS ORGáNICOS.,MERCANCIAS VARIAS,2010-05-25,DESECHOS PELIGROSOS,ADMINISTRADOR
3546,Y39,"DESECHOS QUE TENGAN COMO CONSTITUYENTES FENOLES, COMPUESTOS FENóLICOS, CON INCLUSIóN DE CLOROFENOLES.",MERCANCIAS VARIAS,2010-05-25,DESECHOS PELIGROSOS,ADMINISTRADOR
3547,Y4,"DESECHOS RESULTANTES DE LA PRODUCCIóN, LA PREPARACIóN Y LA UTILIZACIóN DE BIOCIDAS Y PRODUCTOS FITOFARMACéUTICOS.",MERCANCIAS VARIAS,2010-05-25,DESECHOS PELIGROSOS,ADMINISTRADOR
3548,Y40,DESECHOS QUE TENGAN COMO CONSTITUYENTES ETERES.,MERCANCIAS VARIAS,2010-05-25,DESECHOS PELIGROSOS,ADMINISTRADOR
3549,Y41,DESECHOS QUE TENGAN COMO CONSTITUYENTES SOLVENTES ORGáNICOS HALOGENADOS.,MERCANCIAS VARIAS,2010-05-25,DESECHOS PELIGROSOS,ADMINISTRADOR
3550,Y42,"DESECHOS QUE TENGAN COMO CONSTITUYENTES DISOLVENTES ORGáNICOS, CON EXCLUSIóN DE DISOLVENTES HALOGENADOS.",MERCANCIAS VARIAS,2010-05-25,DESECHOS PELIGROSOS,ADMINISTRADOR
3551,Y43,DESECHOS QUE TENGAN COMO CONSTITUYENTES CUALQUIER SUSTANCIA DEL GRUPO DE LOS DIBENZOFURANOS POLICLORADOS.,MERCANCIAS VARIAS,2010-05-25,DESECHOS PELIGROSOS,ADMINISTRADOR
3552,Y44,DESECHOS QUE TENGAN COMO CONSTITUYENTES CUALQUIER SUSTANCIA DEL GRUPO DE LAS DIBENZOPARADIOXINAS POLICLORADAS.,MERCANCIAS VARIAS,2010-05-25,DESECHOS PELIGROSOS,ADMINISTRADOR
3553,Y45,COMPUESTOS ORGANOHALOGENADOS,MERCANCIAS VARIAS,2010-05-25,DESECHOS PELIGROSOS,ADMINISTRADOR
3554,Y5,"DESECHOS RESULTANTES DE LA FABRICACIóN, PREPARACIóN Y UTILIZACIóN DE PRODUCTOS QUíMICOS PARA LA PRESERVACIóN DE LA MADERA.",MERCANCIAS VARIAS,2010-05-25,DESECHOS PELIGROSOS,ADMINISTRADOR
3555,Y6,"DESECHOS RESULTANTES DE LA PRODUCCIóN, LA PREPARACIóN Y LA UTILIZACIóN DE DISOLVENTES ORGáNICOS.",MERCANCIAS VARIAS,2010-05-25,DESECHOS PELIGROSOS,ADMINISTRADOR
3556,Y7,"DESECHOS QUE CONTENGAN CIANUROS, RESULTANTES DEL TRATAMIENTO TéRMICO Y LAS OPERACIONES DE TEMPLE.",MERCANCIAS VARIAS,2010-05-25,DESECHOS PELIGROSOS,ADMINISTRADOR
3557,Y8,DESECHOS DE ACEITES MINERALES NO APTOS PARA EL USO A QUE ESTABAN DESTINADOS.,MERCANCIAS VARIAS,2010-05-25,DESECHOS PELIGROSOS,ADMINISTRADOR
3558,Y9,MEZCLAS Y EMULSIONES DE DESECHOS DE ACEITE Y AGUA O DE HIDROCARBUROS Y AGUA.,MERCANCIAS VARIAS,2010-05-25,DESECHOS PELIGROSOS,ADMINISTRADOR
3559,2802,SOAG PROT PUMP,QUIMICOS,2013-02-08,NORMAL,SERGIO ABRAHAM SALCEDO PERALTA
3560,2802,SOAG PROT PUMP,QUIMICOS,2013-02-08,NORMAL,SERGIO ABRAHAM SALCEDO PERALTA
3561,0,AQUAPEC HV-505HC,QUIMICOS,2016-01-21,NORMAL,JEFFERSON BUSTOS
3562,8705,MAQUINARIA PERFORADORA AUTOPULSADO MARCA ATLAS COPCO// CON SUS ACCESORIOS//,MERCANCIAS VARIAS,2016-09-07,NORMAL,MARLY KATHERIN SANCHEZ SALAMANCA
3563,8705,M�QUINA PERFORADORA AUTOPULSADO MARCA ATLAS COPCO Y SUS ACCESORIOS.,MERCANCIAS VARIAS,2016-09-07,NORMAL,SERGIO ABRAHAM SALCEDO PERALTA
3564,4419,"SANDUCHERAS, TIJERAS PARA HIERVAS DE COCINA, KIT DE HERRAMIENTAS, LONCHERA EL�CTRICA, SART�N ANTI ADHERENTE DE 16 CM",MERCANCIAS VARIAS,2017-08-30,NORMAL,SERGIO ABRAHAM SALCEDO PERALTA
3565,120809,"SANDUCHERAS. COLCHONES INFLABLES, BOMBAS PARA INFLAR, SILLAS PARA CAMPING, CARPAS PARA DOS PERSONAS, SILLAS INFLABLES, SARTENES, OLLAS, BOLWS DE VIDRIO",MERCANCIAS VARIAS,2017-09-04,NORMAL,CAROLL JULITH RUIZ RAMIREZ
3566,840701,"MEDIDORES DE AGUA, PISTONES ROTATIVOS, ACOPLES METALICOS",MERCANCIAS VARIAS,2017-09-05,NORMAL,CAROLL JULITH RUIZ RAMIREZ
3567,420206,BOLSAS REUTILIZABLES,MERCANCIAS VARIAS,2017-09-07,NORMAL,CAROLL JULITH RUIZ RAMIREZ
3568,820509,REPUESTOS,MERCANCIAS VARIAS,2017-09-11,NORMAL,CAROLL JULITH RUIZ RAMIREZ
3569,29909,LUMINARIA,MERCANCIAS VARIAS,2017-09-12,NORMAL,CAROLL JULITH RUIZ RAMIREZ
3570,340109,PA�ITOS HUMEDOS,MERCANCIAS VARIAS,2017-09-12,NORMAL,CAROLL JULITH RUIZ RAMIREZ
3571,751501,SILLAS,MERCANCIAS VARIAS,2017-09-13,NORMAL,CAROLL JULITH RUIZ RAMIREZ
3572,441901,SARTEN DE 21CM,MERCANCIAS VARIAS,2017-09-16,NORMAL,CAROLL JULITH RUIZ RAMIREZ
3573,194409,ELEMENTOS DE SEGURIDAD INDUSTRIAL,MERCANCIAS VARIAS,2017-09-18,NORMAL,CAROLL JULITH RUIZ RAMIREZ
3574,411908,ARTICULOS DE HOGAR,MERCANCIAS VARIAS,2017-09-18,NORMAL,CAROLL JULITH RUIZ RAMIREZ
3575,42003,ROLLOS DE LAMINA DE POLIPROPILENO,MERCANCIAS VARIAS,2017-09-19,NORMAL,RUDDY ALEJANDRA FRANCO MONROY
3576,852609,"RADIOS, ANTENAS Y SUS BATERIAS",MERCANCIAS VARIAS,2017-09-19,NORMAL,CAROLL JULITH RUIZ RAMIREZ
3577,841401,VENTILADORES,MERCANCIAS VARIAS,2017-09-22,NORMAL,CAROLL JULITH RUIZ RAMIREZ
3578,9684,COMPUTADORES,MERCANCIAS VARIAS,2017-09-26,NORMAL,RUDDY ALEJANDRA FRANCO MONROY
3579,848201,BANDAS DE RODAMIENTO,MERCANCIAS VARIAS,2017-09-27,NORMAL,CAROLL JULITH RUIZ RAMIREZ
3580,876701,FUENTES DE PODER INTERRUMPIBLE,MERCANCIAS VARIAS,2017-09-27,NORMAL,CAROLL JULITH RUIZ RAMIREZ
3581,441902,UTENSILIOS DE COCINA,MERCANCIAS VARIAS,2017-09-28,NORMAL,CAROLL JULITH RUIZ RAMIREZ
3582,853101,ELEMENTOS DE PROTECCION,MERCANCIAS VARIAS,2017-09-28,NORMAL,CAROLL JULITH RUIZ RAMIREZ
3583,340101,PA�ITOS HUMEDOS - ACEITE DE OLIVA,MERCANCIAS VARIAS,2017-10-02,NORMAL,CAROLL JULITH RUIZ RAMIREZ
3584,320701,VITRINAS,MERCANCIAS VARIAS,2017-10-03,NORMAL,CAROLL JULITH RUIZ RAMIREZ
3585,420206,MENAJE,MERCANCIAS VARIAS,2017-10-04,NORMAL,CAROLL JULITH RUIZ RAMIREZ
3586,420206,MENAJE,MERCANCIAS VARIAS,2017-10-04,NORMAL,CAROLL JULITH RUIZ RAMIREZ
3587,2558451,"ILUMINACIONES DE ESCENARIO, MUEBLES PARA SONIDO, MATERIAL PROMOCIONA: CATALOGOS, BOLIGRAFOS. PARTES PARA ILUMINACION: SOPORTES PARA LUCES, CIRCUITOS PARA LUCES, CORREAS PARA LUCES, FORROS PARA LUCES, LAMPARAS, TORNILLOS, LENTES, INTERRUPTORES, FUENTE PARA LUCES",MERCANCIAS VARIAS,2017-10-05,NORMAL,RUDDY ALEJANDRA FRANCO MONROY
3588,392001,LAMINAS,MERCANCIAS VARIAS,2017-10-05,NORMAL,CAROLL JULITH RUIZ RAMIREZ
3589,984712,UNIDADES DE TRATAMIENTO ODONTOLOGICO,MERCANCIAS VARIAS,2017-10-05,NORMAL,RUDDY ALEJANDRA FRANCO MONROY
3590,831101,COMPONENTES PARA TV Y CONTROLES,MERCANCIAS VARIAS,2017-10-06,NORMAL,CAROLL JULITH RUIZ RAMIREZ
3591,87954411,AVOCADO OIL-PRESERVED,MERCANCIAS VARIAS,2017-10-06,NORMAL,RUDDY ALEJANDRA FRANCO MONROY
3592,98525411,EQUIPOS PARA EL SECTOR AUTROMOTRIZ,MERCANCIAS VARIAS,2017-10-06,NORMAL,RUDDY ALEJANDRA FRANCO MONROY
3593,58851220,INSUMOS MEDICOS,MERCANCIAS VARIAS,2017-10-09,NORMAL,RUDDY ALEJANDRA FRANCO MONROY
3594,75894756,CAMI BUSO,MERCANCIAS VARIAS,2017-10-09,NORMAL,RUDDY ALEJANDRA FRANCO MONROY
3595,8958525,MORTERO PARA LA CONSTRUCCION,MERCANCIAS VARIAS,2017-10-10,NORMAL,RUDDY ALEJANDRA FRANCO MONROY
3596,845214,ACERO BALASTICO,MERCANCIAS VARIAS,2017-10-11,NORMAL,RUDDY ALEJANDRA FRANCO MONROY
3597,2636,"ALIMENTOS, SUPLEMENTOS DIETARIOS",MERCANCIAS VARIAS,2017-10-11,NORMAL,SERGIO ABRAHAM SALCEDO PERALTA
3598,88954156,"ALTAVOZ, PROCESADOR DE AUDIO, MEZCLADORES DE AUDIO, CROSSOVER DE AUDIO, ECUALIZADOR, AMPLIFICADORES, MICROFONOS, AUDIFONOS, INTERFAZ, ADAPTADOR, Y PARTES PARA AUDIO: CIRCUITO, INTEGRADO, TWEETER, ALTAVOZ AMPLIFICADO",MERCANCIAS VARIAS,2017-10-11,NORMAL,RUDDY ALEJANDRA FRANCO MONROY
3599,120808,PLACAS Y BALDOSAS DE CERAMICA SIN BARNIZAR NI ESMALTAR PARA PAVIMENTACION,MERCANCIAS VARIAS,2017-10-12,NORMAL,CAROLL JULITH RUIZ RAMIREZ
3600,78951125,CHAIN LINK FOK,MERCANCIAS VARIAS,2017-10-12,NORMAL,RUDDY ALEJANDRA FRANCO MONROY
3601,9871444,PARTES DE MAQUINA PARA LA INDUSTRIA PLASTICA,MERCANCIAS VARIAS,2017-10-12,NORMAL,RUDDY ALEJANDRA FRANCO MONROY
3602,98411,"BOLSA PARA LAVAR , SET DE PEDICURE RUTH, FAJA ROSA C/BAND AJU",MERCANCIAS VARIAS,2017-10-13,NORMAL,RUDDY ALEJANDRA FRANCO MONROY
3603,420207,PLACA TERMICA,MERCANCIAS VARIAS,2017-10-13,NORMAL,CAROLL JULITH RUIZ RAMIREZ
3604,123654,MEDICAMENTOS PARA CONSUMO HUMANO,MERCANCIAS VARIAS,2017-10-18,NORMAL,RUDDY ALEJANDRA FRANCO MONROY
3605,22544,BANCOS DE PODER POTATILES,MERCANCIAS VARIAS,2017-10-18,NORMAL,RUDDY ALEJANDRA FRANCO MONROY
3606,87854411,FRASCO DE VIDRIO AVON FEMME FLANKER,MERCANCIAS VARIAS,2017-10-18,NORMAL,RUDDY ALEJANDRA FRANCO MONROY
3607,85562114,MAQUINAS BORDADORAS INDUSTRIALES,MERCANCIAS VARIAS,2017-10-20,NORMAL,RUDDY ALEJANDRA FRANCO MONROY
3608,896541,VIDRIO LAMINADO,MERCANCIAS VARIAS,2017-10-20,NORMAL,RUDDY ALEJANDRA FRANCO MONROY
3609,86456153,BOMBA APTAR PURBLANCA X 50ML,MERCANCIAS VARIAS,2017-10-20,NORMAL,RUDDY ALEJANDRA FRANCO MONROY
3610,58945641,PAPEL,MERCANCIAS VARIAS,2017-10-21,NORMAL,RUDDY ALEJANDRA FRANCO MONROY
3611,6445414,PANEL LACADO,MERCANCIAS VARIAS,2017-10-23,NORMAL,RUDDY ALEJANDRA FRANCO MONROY
3612,86545645,EMPAQUE DE CAUCHO,MERCANCIAS VARIAS,2017-10-23,NORMAL,RUDDY ALEJANDRA FRANCO MONROY
3613,8744141,ADITIVO DIESEL,MERCANCIAS VARIAS,2017-10-23,NORMAL,RUDDY ALEJANDRA FRANCO MONROY
3614,85644232,DISPOSITIVO PARA REPELER ROEDORES,MERCANCIAS VARIAS,2017-10-24,NORMAL,RUDDY ALEJANDRA FRANCO MONROY
3615,654871,PRODUCTOS MEDICOS,MERCANCIAS VARIAS,2017-10-24,NORMAL,RUDDY ALEJANDRA FRANCO MONROY
3616,554411,"PARTES Y ACCESORIOS PARA COMPUTADORES, IMPRESORAS Y EQUIPOS DE COMUNICACI�N. COMBO TECLADO Y MOUSE. MALETINES  / MORRALES. MOUSE, TECLADOS, MULTIREGULARES CARGADORES, MICROFONOS /AUDIFONOS, ESTACION DE TRABAJO, UNIDADES DE PODER, GUAYAS, CABLES",MERCANCIAS VARIAS,2017-10-25,NORMAL,RUDDY ALEJANDRA FRANCO MONROY
3617,120809,SILICA ZEODENT,MERCANCIAS VARIAS,2017-10-25,NORMAL,CAROLL JULITH RUIZ RAMIREZ
3618,54654511,CERAMICA,MERCANCIAS VARIAS,2017-10-25,NORMAL,RUDDY ALEJANDRA FRANCO MONROY
3619,7856544,TEJIDO PLANO LAMINA EN FIBRA DE VIDRIO EN PVC PARA PERSIANAS TIPO BLACKOUT,MERCANCIAS VARIAS,2017-10-26,NORMAL,RUDDY ALEJANDRA FRANCO MONROY
3620,840702,MOTORES CON HELICES Y BASES,MERCANCIAS VARIAS,2017-10-26,NORMAL,CAROLL JULITH RUIZ RAMIREZ
3621,98901,REFRIGERADORES Y REPUESTOS,MERCANCIAS VARIAS,2017-10-27,NORMAL,CAROLL JULITH RUIZ RAMIREZ
3622,74774124,ROLLOS DE TELA,MERCANCIAS VARIAS,2017-10-27,NORMAL,RUDDY ALEJANDRA FRANCO MONROY
3623,120808,LAVADORAS Y REPUESTOS,MERCANCIAS VARIAS,2017-10-28,NORMAL,CAROLL JULITH RUIZ RAMIREZ
3624,89897744,ESTUCHE PUR BLANCA EDT X 50ML,MERCANCIAS VARIAS,2017-10-30,NORMAL,RUDDY ALEJANDRA FRANCO MONROY
3625,84865456,"CONTROLADOR DE LUZ, MAQUINA DE HUMO, PARTES: CIRCUITO PARA LUCES, LED, REACTOR, BOMBA, TERMISTOR, CONTROL REMOTO, FILTRO, MANGUERA SILICONADA",MERCANCIAS VARIAS,2017-11-01,NORMAL,RUDDY ALEJANDRA FRANCO MONROY
3626,84556211,JUNTAS DE ESTANQUEIDAD,MERCANCIAS VARIAS,2017-11-02,NORMAL,RUDDY ALEJANDRA FRANCO MONROY
3627,84894544,PARTES PARA LICUADORAS,MERCANCIAS VARIAS,2017-11-08,NORMAL,RUDDY ALEJANDRA FRANCO MONROY
3628,896521,"MASILLAS ,BARNIZ  FILTRO PAPEL,  TEXTURIZANTE , DICROM , CATALIZADOR, MULTIFILLER, KRONOX KIT",MERCANCIAS VARIAS,2017-11-09,NORMAL,RUDDY ALEJANDRA FRANCO MONROY
3629,57541,GATO HIDRAULICO,MERCANCIAS VARIAS,2017-11-10,NORMAL,RUDDY ALEJANDRA FRANCO MONROY
3630,87451,"CORRECTOR DE POSTURA, VASO PITILLO RAPUNZE",MERCANCIAS VARIAS,2017-11-10,NORMAL,RUDDY ALEJANDRA FRANCO MONROY
3631,89541,MULTIPLICADOR DE FUERZA,MERCANCIAS VARIAS,2017-11-11,NORMAL,RUDDY ALEJANDRA FRANCO MONROY
3632,84897456,PLANTA MEZCLADORA ALTRON AMP-25 M3 PARA PRODUCCI�N DE CONCRETO CON ACCESORIOS,MERCANCIAS VARIAS,2017-11-16,NORMAL,RUDDY ALEJANDRA FRANCO MONROY
3633,120867,MAQUINA EMBOTELLADORA,MERCANCIAS VARIAS,2017-11-17,NORMAL,CAROLL JULITH RUIZ RAMIREZ
3634,95645645,"REGULADOR DE VOLTAJE, PCB, TRANSFORMADOR/",MERCANCIAS VARIAS,2017-11-22,NORMAL,RUDDY ALEJANDRA FRANCO MONROY
3635,8657,ARTESANIAS,MERCANCIAS VARIAS,2017-11-25,NORMAL,CAROLL JULITH RUIZ RAMIREZ
3636,746578,FILTROS,MERCANCIAS VARIAS,2017-11-27,NORMAL,CAROLL JULITH RUIZ RAMIREZ
3637,87564564,REVESTIMIENTO INTERNO (MANGAS) PARA CALZADO,MERCANCIAS VARIAS,2017-11-27,NORMAL,RUDDY ALEJANDRA FRANCO MONROY
3638,98521411,LONA ACRILICA,MERCANCIAS VARIAS,2017-11-28,NORMAL,RUDDY ALEJANDRA FRANCO MONROY
3639,11111,BOMBAS CONTRA INCENDIO,MERCANCIAS VARIAS,2017-11-29,NORMAL,CAROLL JULITH RUIZ RAMIREZ
3640,56456415,BALINERAS,MERCANCIAS VARIAS,2017-12-01,NORMAL,RUDDY ALEJANDRA FRANCO MONROY
3641,18585454,MATERIAL DE EMPAQUE,MERCANCIAS VARIAS,2017-12-01,NORMAL,RUDDY ALEJANDRA FRANCO MONROY
3642,420203,MAQUINAS LITOGRAFICAS,MERCANCIAS VARIAS,2017-12-05,NORMAL,CAROLL JULITH RUIZ RAMIREZ
3643,1016041,ROBOT PUTZMEISTER SIKA PM 500,MERCANCIAS VARIAS,2017-12-05,NORMAL,ANYI NATALY BAHAMON SANCHEZ
3644,12345,MATERIAL VARIO,MERCANCIAS VARIAS,2017-12-05,NORMAL,ANYI NATALY BAHAMON SANCHEZ
3645,240717,CILINDROS,MERCANCIAS VARIAS,2017-12-05,NORMAL,DIANA LUZ RIVERA ROJAS
3646,87654343,TAPA ENSAMBALADA CAPSULA SNAP NEO EVOLUTION X 18 PP NEGRO,MERCANCIAS VARIAS,2017-12-05,NORMAL,RUDDY ALEJANDRA FRANCO MONROY
3647,12345,PLACAS METALICAS,MERCANCIAS VARIAS,2017-12-06,NORMAL,DIANA LUZ RIVERA ROJAS
3648,9098,RECIPIENTES PLASTICOS,MERCANCIAS VARIAS,2017-12-06,NORMAL,CAROLL JULITH RUIZ RAMIREZ
3649,12345,ATLAS COPCO E2C,MERCANCIAS VARIAS,2017-12-06,NORMAL,ANYI NATALY BAHAMON SANCHEZ
3650,12345,RETROEXCAVADORA VOLVO 290 CNL,MERCANCIAS VARIAS,2017-12-06,NORMAL,ANYI NATALY BAHAMON SANCHEZ
3651,223231,PLASTICOS,MERCANCIAS VARIAS,2017-12-08,NORMAL,DIANA LUZ RIVERA ROJAS
3652,63552,CEPILLOS Y BROCHAS ( INDUSTRIA FERRETERA),MERCANCIAS VARIAS,2017-12-09,NORMAL,DIANA LUZ RIVERA ROJAS
3653,1234567,ESTANTE Y ARMARIO DE ZAPATOS,MERCANCIAS VARIAS,2017-12-11,NORMAL,ANYI NATALY BAHAMON SANCHEZ
3654,1234567,NO USAR.,MERCANCIAS VARIAS,2017-12-11,NORMAL,ANYI NATALY BAHAMON SANCHEZ
3655,62568645,ELECTRICOS Y LUJOS,MERCANCIAS VARIAS,2017-12-12,NORMAL,RUDDY ALEJANDRA FRANCO MONROY
3656,123456,CASCOS PARA MOTOCICLISTAS Y PARTE,MERCANCIAS VARIAS,2017-12-12,NORMAL,ANYI NATALY BAHAMON SANCHEZ
3657,12345,PRODUCTO QUIMICOS PARA PROCESAR CAUCHO,MERCANCIAS VARIAS,2017-12-12,NORMAL,ANYI NATALY BAHAMON SANCHEZ
3658,896567,MINI BRACKETS,MERCANCIAS VARIAS,2017-12-14,NORMAL,CAROLL JULITH RUIZ RAMIREZ
3659,12348,QUIMICO ACELERADOR DE FLUJO,MERCANCIAS VARIAS,2017-12-14,NORMAL,DIANA LUZ RIVERA ROJAS
3660,134567,PRENSAS TERMICAS,MERCANCIAS VARIAS,2017-12-15,NORMAL,DIANA LUZ RIVERA ROJAS
3661,45545451,INVERSORES SOLARES,MERCANCIAS VARIAS,2017-12-15,NORMAL,RUDDY ALEJANDRA FRANCO MONROY
3662,123486,POLVOS SOLUBLES,MERCANCIAS VARIAS,2017-12-15,NORMAL,DIANA LUZ RIVERA ROJAS
3663,1234567,PARED/PVC,MERCANCIAS VARIAS,2017-12-15,NORMAL,ANYI NATALY BAHAMON SANCHEZ
3664,1234567,DESINFECTANTES,MERCANCIAS VARIAS,2017-12-15,NORMAL,ANYI NATALY BAHAMON SANCHEZ
3665,98844515,LAMINA PLASTICA FLEXIBLE IMITACION GRANO DE CUERO,MERCANCIAS VARIAS,2017-12-16,NORMAL,RUDDY ALEJANDRA FRANCO MONROY
3666,126545,CORONA,MERCANCIAS VARIAS,2017-12-16,NORMAL,DIANA LUZ RIVERA ROJAS
3667,45021100,CEBOLLA AMARILLA,MERCANCIAS VARIAS,2017-12-17,NORMAL,DIANA LUZ RIVERA ROJAS
3668,45021102,NO USAR,MERCANCIAS VARIAS,2017-12-17,NORMAL,DIANA LUZ RIVERA ROJAS
3669,87653,MATERIALES DE CONSTRUCCION,MERCANCIAS VARIAS,2017-12-18,NORMAL,DIANA LUZ RIVERA ROJAS
3670,60980,ESTRUCTURAS METALICAS,MERCANCIAS VARIAS,2017-12-18,NORMAL,CAROLL JULITH RUIZ RAMIREZ
3671,43265,SNACKS,MERCANCIAS VARIAS,2017-12-19,NORMAL,DIANA LUZ RIVERA ROJAS
3672,34231,MOLDES PARA INYECCI�N DE PVC,MERCANCIAS VARIAS,2017-12-20,NORMAL,DIANA LUZ RIVERA ROJAS
3673,234564,BOMBAS DE LOCI�N,MERCANCIAS VARIAS,2017-12-21,NORMAL,DIANA LUZ RIVERA ROJAS
3674,89561145,DIVISORES BOLEADORA/AMASADORA PARA EL SECTOR PANADERO Y SUS ACCESORIOS,MERCANCIAS VARIAS,2017-12-22,NORMAL,RUDDY ALEJANDRA FRANCO MONROY
3675,94663,MANI,MERCANCIAS VARIAS,2017-12-22,NORMAL,DIANA LUZ RIVERA ROJAS
3676,890768,TELEVISORES,MERCANCIAS VARIAS,2017-12-29,NORMAL,CAROLL JULITH RUIZ RAMIREZ
3677,98398324,TPU MATERIAL PARA INYECTAR (POLIURETANO TERMOPLASTICO),MERCANCIAS VARIAS,2018-01-02,NORMAL,RUDDY ALEJANDRA FRANCO MONROY
3678,86543,ACOPLADORES,MERCANCIAS VARIAS,2018-01-03,NORMAL,DIANA LUZ RIVERA ROJAS
3679,76543,ALIMENTO PARA MASCOTAS,MERCANCIAS VARIAS,2018-01-09,NORMAL,DIANA LUZ RIVERA ROJAS
3680,987654,ROLLOS GRAMA CINTETICA,MERCANCIAS VARIAS,2018-01-10,NORMAL,DIANA LUZ RIVERA ROJAS
3681,12345678,FUMIGADORAS,MERCANCIAS VARIAS,2018-01-11,NORMAL,ANYI NATALY BAHAMON SANCHEZ
3682,12345678,LAMPARAS PARA AUTOMOTORES / PUBLICIDAD,MERCANCIAS VARIAS,2018-01-13,NORMAL,ANYI NATALY BAHAMON SANCHEZ
3683,12345678,JAB�N LIQUIDO,MERCANCIAS VARIAS,2018-01-16,NORMAL,ANYI NATALY BAHAMON SANCHEZ
3684,12345678,MATERIA PRIMA PARA RESTAURANTES,MERCANCIAS VARIAS,2018-01-17,NORMAL,ANYI NATALY BAHAMON SANCHEZ
3685,12345678,ART�CULOS PARA MASCOTAS,MERCANCIAS VARIAS,2018-01-18,NORMAL,ANYI NATALY BAHAMON SANCHEZ
3686,12345678,ART�CULOS PARA MASCOTAS,MERCANCIAS VARIAS,2018-01-18,NORMAL,ANYI NATALY BAHAMON SANCHEZ
3687,12345678,ROLLOS DE MATERIAL SINTETICO,MERCANCIAS VARIAS,2018-01-19,NORMAL,ANYI NATALY BAHAMON SANCHEZ
3688,12345678,BANDA TRANSPORTADORA,MERCANCIAS VARIAS,2018-01-22,NORMAL,ANYI NATALY BAHAMON SANCHEZ
3689,12345678,PLASTIC FILAMENT,MERCANCIAS VARIAS,2018-01-22,NORMAL,ANYI NATALY BAHAMON SANCHEZ
3690,95561564,MOLINO COLOIDAL,MERCANCIAS VARIAS,2018-01-22,NORMAL,RUDDY ALEJANDRA FRANCO MONROY
3691,34577423,HERRAMIENTAS PERFORACION PETROLERA,MERCANCIAS VARIAS,2018-01-23,NORMAL,DIANA LUZ RIVERA ROJAS
3692,90589,DIESEL GENERATOR SET,MERCANCIAS VARIAS,2018-01-24,NORMAL,CAROLL JULITH RUIZ RAMIREZ
3693,78415615,GLUTAMATO MONOSODICO,MERCANCIAS VARIAS,2018-01-25,NORMAL,RUDDY ALEJANDRA FRANCO MONROY
3694,46389,FIBRA DE COCO,MERCANCIAS VARIAS,2018-01-27,NORMAL,LLERMAN ADRIAN TIQUE OCHA
3695,12345678,POLIETILENO,MERCANCIAS VARIAS,2018-01-27,NORMAL,ANYI NATALY BAHAMON SANCHEZ
3696,88438847,ESTILIZADOR TUBULAR,MERCANCIAS VARIAS,2018-01-28,NORMAL,RUDDY ALEJANDRA FRANCO MONROY
3697,67523441,IMPERMEABLES,MERCANCIAS VARIAS,2018-01-31,NORMAL,DIANA LUZ RIVERA ROJAS
3698,12345,MATERAS,MERCANCIAS VARIAS,2018-02-01,NORMAL,LLERMAN ADRIAN TIQUE OCHA
3699,99897,ADAPTADORES DE CORRIENTE,MERCANCIAS VARIAS,2018-02-02,NORMAL,CAROLL JULITH RUIZ RAMIREZ
3700,48978945,DEAMIZYME,MERCANCIAS VARIAS,2018-02-02,NORMAL,RUDDY ALEJANDRA FRANCO MONROY
3701,45454512,COMPRESOR DE AIRE DIESEL,MERCANCIAS VARIAS,2018-02-06,NORMAL,RUDDY ALEJANDRA FRANCO MONROY
3702,87452637,MATERIA PRIMA PARA LA INDUSTRIA COSMETICA,PRODUCTOS ALIMENTICIOS,2018-02-06,NORMAL,DIANA LUZ RIVERA ROJAS
3703,95614474,CYSTEINA CLORHIDRATO MONOHIDRATO,MERCANCIAS VARIAS,2018-02-07,NORMAL,RUDDY ALEJANDRA FRANCO MONROY
3704,32435464,SUPLEMENTO ALIMENTICIO,MERCANCIAS VARIAS,2018-02-12,NORMAL,LLERMAN ADRIAN TIQUE OCHA
3705,54897894,TABLETA DE SPIRULINA,MERCANCIAS VARIAS,2018-02-12,NORMAL,RUDDY ALEJANDRA FRANCO MONROY
3706,89748615,TECLADOS DE COMPUTADORES,MERCANCIAS VARIAS,2018-02-13,NORMAL,RUDDY ALEJANDRA FRANCO MONROY
3707,35465757,CAPUCHONES DELIX,MERCANCIAS VARIAS,2018-02-13,NORMAL,LLERMAN ADRIAN TIQUE OCHA
3708,12345678,"NO USAR, MAL CREADO",MERCANCIAS VARIAS,2018-02-14,NORMAL,ANYI NATALY BAHAMON SANCHEZ
3709,7654321,"NO USAR, MAL CREADO",MERCANCIAS VARIAS,2018-02-14,NORMAL,ANYI NATALY BAHAMON SANCHEZ
3710,75445349,NO USAR,PRODUCTOS ALIMENTICIOS,2018-02-15,NORMAL,DIANA LUZ RIVERA ROJAS
3711,9898,MENAJE DOMESTICO,MERCANCIAS VARIAS,2018-02-16,NORMAL,RUDDY ALEJANDRA FRANCO MONROY
3712,83763535,MALITOL,MERCANCIAS VARIAS,2018-02-20,NORMAL,CAROLL JULITH RUIZ RAMIREZ
3713,1234567,PALLETS,MERCANCIAS VARIAS,2018-02-21,NORMAL,ANYI NATALY BAHAMON SANCHEZ
3714,35465768,PA�ITOS HUMEDOS,MERCANCIAS VARIAS,2018-02-22,NORMAL,LLERMAN ADRIAN TIQUE OCHA
3715,21343455,PA�ITOS HUMEDOS,MERCANCIAS VARIAS,2018-02-22,NORMAL,LLERMAN ADRIAN TIQUE OCHA
3716,6767677,MECETAS,MERCANCIAS VARIAS,2018-02-24,NORMAL,LLERMAN ADRIAN TIQUE OCHA
3717,87452636,LAMINAS DE PVC CON SOPORTE,MERCANCIAS VARIAS,2018-02-26,NORMAL,DIANA LUZ RIVERA ROJAS
3718,9099,SISTEMAS DE ENERGIA,MERCANCIAS VARIAS,2018-02-26,NORMAL,CAROLL JULITH RUIZ RAMIREZ
3719,34256754,LAMINAS DE ACERO,MERCANCIAS VARIAS,2018-02-27,NORMAL,DIANA LUZ RIVERA ROJAS
3720,84894864,PRENSA ELECTRO-XNEUMATICA MARCA DYNMA MODELO AIRKOMP,MERCANCIAS VARIAS,2018-02-28,NORMAL,RUDDY ALEJANDRA FRANCO MONROY
3721,65242111,BOBINAS DE ACERO,MERCANCIAS VARIAS,2018-03-01,NORMAL,DIANA LUZ RIVERA ROJAS
3722,35446,VINILOS PARA IMPRESI�N,MERCANCIAS VARIAS,2018-03-02,NORMAL,LLERMAN ADRIAN TIQUE OCHA
3723,665757,ALFOMBRAS PARA BA�O Y COCINA,MERCANCIAS VARIAS,2018-03-05,NORMAL,LLERMAN ADRIAN TIQUE OCHA
3724,48978945,MEDICAMENTOS PARACETAMOL,MERCANCIAS VARIAS,2018-03-06,NORMAL,RUDDY ALEJANDRA FRANCO MONROY
3725,98765432,ENVASES,MERCANCIAS VARIAS,2018-03-07,NORMAL,ANYI NATALY BAHAMON SANCHEZ
3726,34577423,PLACAS IMPERMEABILIZANTES,PRODUCTOS ALIMENTICIOS,2018-03-08,NORMAL,DIANA LUZ RIVERA ROJAS
3727,12232,ILUMINACI�N LAMPARAS DECORATIVAS / PARTES LAMPARAS DECORATIVAS / PARTES VENTILADORES,MERCANCIAS VARIAS,2018-03-09,NORMAL,CAROLL JULITH RUIZ RAMIREZ
3728,23232,PARTES Y PIEZAS,MERCANCIAS VARIAS,2018-03-09,NORMAL,CAROLL JULITH RUIZ RAMIREZ
3729,43234,ACCESORIOS PARA PORTA BICIBCLETAS Y BICILETAS,MERCANCIAS VARIAS,2018-03-09,NORMAL,CAROLL JULITH RUIZ RAMIREZ
3730,34256752,AROMAS,MERCANCIAS VARIAS,2018-03-09,NORMAL,DIANA LUZ RIVERA ROJAS
3731,75445349,MANGUERAS CONTRA INCENDIOS,MERCANCIAS VARIAS,2018-03-10,NORMAL,DIANA LUZ RIVERA ROJAS
3732,98765,MAQUINA EMPACADORA,MERCANCIAS VARIAS,2018-03-12,NORMAL,CAROLL JULITH RUIZ RAMIREZ
3733,87452636,PRODUCTOS QUIMICOS NO PELIGROSOS,PRODUCTOS ALIMENTICIOS,2018-03-12,NORMAL,DIANA LUZ RIVERA ROJAS
3734,7654,PARTES PARA ACUMULADORES EL�CTRICOS (EMPAQUE DE LAS BATERIAS),MERCANCIAS VARIAS,2018-03-12,NORMAL,CAROLL JULITH RUIZ RAMIREZ
3735,62626266,SUMINISTROS PARA M�QUINAS DE IMPRESI�N DIGITALES,MERCANCIAS VARIAS,2018-03-12,NORMAL,LLERMAN ADRIAN TIQUE OCHA
3736,67523441,ANEL COLETOR,MERCANCIAS VARIAS,2018-03-13,NORMAL,DIANA LUZ RIVERA ROJAS
3737,47575776,PLANCHAS SENSIBILIZADAS,MERCANCIAS VARIAS,2018-03-14,NORMAL,LLERMAN ADRIAN TIQUE OCHA
3738,35464675,MAQUINAS ELECTRODOMESTICAS HOLSTEIN,MERCANCIAS VARIAS,2018-03-15,NORMAL,LLERMAN ADRIAN TIQUE OCHA
3739,12345678,ANDAMIOS,MERCANCIAS VARIAS,2018-03-15,NORMAL,ANYI NATALY BAHAMON SANCHEZ
3740,89877445,COMPUESTOS Y BANDAS PARA REENCAUCHE,MERCANCIAS VARIAS,2018-03-15,NORMAL,RUDDY ALEJANDRA FRANCO MONROY
3741,87452637,PANELA,MERCANCIAS VARIAS,2018-03-15,NORMAL,DIANA LUZ RIVERA ROJAS
3742,12344567,PREMEZCLA PARA ANIMALES,MERCANCIAS VARIAS,2018-03-16,NORMAL,ANYI NATALY BAHAMON SANCHEZ
3743,488554,MAQUINA PARA EMPACADO DE AGUA,MERCANCIAS VARIAS,2018-03-23,NORMAL,DIANA PAOLA NEIRA GARZON
3744,75445349,ACCESORIOS PARA EL HOGAR,PRODUCTOS ALIMENTICIOS,2018-03-23,NORMAL,DIANA LUZ RIVERA ROJAS
3745,44546577,ROLLOS DE FIBRA Y DE ADHESIVOS,MERCANCIAS VARIAS,2018-03-26,NORMAL,LLERMAN ADRIAN TIQUE OCHA
3746,34256754,ELECTRO ECG,MERCANCIAS VARIAS,2018-03-27,NORMAL,DIANA LUZ RIVERA ROJAS
3747,87452636,PRODUCTOS VETERINARIOS,PRODUCTOS ALIMENTICIOS,2018-03-27,NORMAL,DIANA LUZ RIVERA ROJAS
3748,989,CHASIS,MERCANCIAS VARIAS,2018-03-27,NORMAL,CAROLL JULITH RUIZ RAMIREZ
3749,45545657,MAQUINA DESCOMPACTADORA DE FIBRA DE COCO,MERCANCIAS VARIAS,2018-03-28,NORMAL,LLERMAN ADRIAN TIQUE OCHA
3750,23343434,MUEBLE,MERCANCIAS VARIAS,2018-03-28,NORMAL,LLERMAN ADRIAN TIQUE OCHA
3751,878,PARTES PARA ACUMULADORES EL�CTRICOS (EMPAQUE DE LAS BATERIAS),MERCANCIAS VARIAS,2018-03-28,NORMAL,CAROLL JULITH RUIZ RAMIREZ
3752,12345678,RODILLO,MERCANCIAS VARIAS,2018-04-02,NORMAL,ANYI NATALY BAHAMON SANCHEZ
3753,45455655,EQUIPOS DE VIDEO JUEGO CON SUS ACCESORIOS,MERCANCIAS VARIAS,2018-04-03,NORMAL,LLERMAN ADRIAN TIQUE OCHA
3754,35454545,MISCELANEA,MERCANCIAS VARIAS,2018-04-03,NORMAL,LLERMAN ADRIAN TIQUE OCHA
3755,12345,TALADRO,MERCANCIAS VARIAS,2018-04-04,NORMAL,ANYI NATALY BAHAMON SANCHEZ
3756,12345678,ACCESORIOS PARA MASCOTAS,MERCANCIAS VARIAS,2018-04-04,NORMAL,ANYI NATALY BAHAMON SANCHEZ
3757,111221,UP 8 EXT. ESPECIFICACION GLOBAL,MERCANCIAS VARIAS,2018-04-05,NORMAL,CAROLL JULITH RUIZ RAMIREZ
3758,12345678,TERMOAGLOMERADO,MERCANCIAS VARIAS,2018-04-05,NORMAL,ANYI NATALY BAHAMON SANCHEZ
3759,87452637,APLICADORES DE TELEFONIA E INTERNET CON ACCESORIOS,MERCANCIAS VARIAS,2018-04-06,NORMAL,DIANA LUZ RIVERA ROJAS
3760,65767676,MESA PARA CLASIFICACION OFFLINE,MERCANCIAS VARIAS,2018-04-06,NORMAL,PAULA ANDREA CORTES BALLEN
3761,7565654,MODO SINGULAR PARA EQUIPO DE ESCANEO,MERCANCIAS VARIAS,2018-04-06,NORMAL,CAROLL JULITH RUIZ RAMIREZ
3762,876788,PARTES PARA ACUMULADORES EL�CTRICOS (EMPAQUE DE LAS BATERIAS),MERCANCIAS VARIAS,2018-04-11,NORMAL,CAROLL JULITH RUIZ RAMIREZ
3763,12345678,ACEIDO 2 ETIL EXOICO,MERCANCIAS VARIAS,2018-04-11,NORMAL,ANYI NATALY BAHAMON SANCHEZ
3764,75445349,REVESTIMIENTOS DE CONCRETO,MERCANCIAS VARIAS,2018-04-12,NORMAL,DIANA LUZ RIVERA ROJAS
3765,8754122,PRODUCTOS COSMETICOS Y DERMACOSMETICOS,MERCANCIAS VARIAS,2018-04-12,NORMAL,DIANA PAOLA NEIRA GARZON
3766,75445349,DESECHABLES,PRODUCTOS ALIMENTICIOS,2018-04-12,NORMAL,DIANA LUZ RIVERA ROJAS
3767,4659821,PANELES RIGIDOS DE ALUMINIO,MERCANCIAS VARIAS,2018-04-13,NORMAL,DIANA PAOLA NEIRA GARZON
3768,12345678,V�LVULAS DE RETENCI�N,MERCANCIAS VARIAS,2018-04-13,NORMAL,ANYI NATALY BAHAMON SANCHEZ
3769,12345678,V�LVULAS DE RETENCI�N,MERCANCIAS VARIAS,2018-04-13,NORMAL,ANYI NATALY BAHAMON SANCHEZ
3770,98765432,VALVULAS DE RETENCION,MERCANCIAS VARIAS,2018-04-13,NORMAL,ANYI NATALY BAHAMON SANCHEZ
3771,8542147,VALVULAS PARA RINES,MERCANCIAS VARIAS,2018-04-17,NORMAL,DIANA PAOLA NEIRA GARZON
3772,25486565,MINICARGADORES CASE,MERCANCIAS VARIAS,2018-04-17,NORMAL,PAULA ANDREA CORTES BALLEN
3773,12345678,POLVO DE COBALTO,MERCANCIAS VARIAS,2018-04-17,NORMAL,ANYI NATALY BAHAMON SANCHEZ
3774,651541,REPUESTOS PARA PUENTE GRUA,MERCANCIAS VARIAS,2018-04-17,NORMAL,PAULA ANDREA CORTES BALLEN
3775,56576767,SISTEMAS DE POLIURETANO,MERCANCIAS VARIAS,2018-04-18,NORMAL,LLERMAN ADRIAN TIQUE OCHA
3776,12345678,ACIDO ISONONANOICO,MERCANCIAS VARIAS,2018-04-18,NORMAL,ANYI NATALY BAHAMON SANCHEZ
3777,12345678,REVELADOR / FIJADOR UNIVERSAL,MERCANCIAS VARIAS,2018-04-19,NORMAL,ANYI NATALY BAHAMON SANCHEZ
3778,323,PLANTA TRATAMIENTO DE AGUA,MERCANCIAS VARIAS,2018-04-20,NORMAL,CAROLL JULITH RUIZ RAMIREZ
3779,524560,LED DISPLAY // LCD AS DISPLAY,MERCANCIAS VARIAS,2018-04-20,NORMAL,PAULA ANDREA CORTES BALLEN
3780,9090,FILM PROTECTOR TRANSPARENTE,MERCANCIAS VARIAS,2018-04-20,NORMAL,CAROLL JULITH RUIZ RAMIREZ
3781,98947987,SUSTANCIAS ODORIFERAS,MERCANCIAS VARIAS,2018-04-21,NORMAL,PAULA ANDREA CORTES BALLEN
3782,98539384,SUSTANCIAS ODORIFERAS,MERCANCIAS VARIAS,2018-04-21,NORMAL,PAULA ANDREA CORTES BALLEN
3783,1234567,ROLLOS CINTA FAJADORA,MERCANCIAS VARIAS,2018-04-23,NORMAL,ANYI NATALY BAHAMON SANCHEZ
3784,1234567,ESTEARATO DE CALCIO F03,MERCANCIAS VARIAS,2018-04-23,NORMAL,ANYI NATALY BAHAMON SANCHEZ
3785,45879651,PLANTA ELECTRICA,MERCANCIAS VARIAS,2018-04-23,NORMAL,DIANA PAOLA NEIRA GARZON
3786,1234567,EJE CILINDRICO,MERCANCIAS VARIAS,2018-04-24,NORMAL,ANYI NATALY BAHAMON SANCHEZ
3787,64453,SISTEMA DE INYECCION DE RESINAS FLUIDAS,MERCANCIAS VARIAS,2018-04-25,NORMAL,CAROLL JULITH RUIZ RAMIREZ
3788,287465,"PARTES PARA UPS, PCB Y PANELES SOLARES",MERCANCIAS VARIAS,2018-04-25,NORMAL,DIANA PAOLA NEIRA GARZON
3789,44545454,IMPRESORA,MERCANCIAS VARIAS,2018-04-26,NORMAL,LLERMAN ADRIAN TIQUE OCHA
3790,3543,"ESFEROS, MARCADORES, RESALTADORES",MERCANCIAS VARIAS,2018-04-26,NORMAL,CAROLL JULITH RUIZ RAMIREZ
3791,35454545,"PISOS DE MADERA ESTRUCTURADOS, VINILICOS, MULTICAPAS, LAMINADOS, GUARDAESCOBAS, RODAPIES)",MERCANCIAS VARIAS,2018-04-26,NORMAL,LLERMAN ADRIAN TIQUE OCHA
3792,1234567,CONTRAPESO,MERCANCIAS VARIAS,2018-04-26,NORMAL,ANYI NATALY BAHAMON SANCHEZ
3793,4535,LINEA DE EXTRUSION Y SUS ACCESORIOS,MERCANCIAS VARIAS,2018-04-26,NORMAL,CAROLL JULITH RUIZ RAMIREZ
3794,12345678,CABLES DE PODER,MERCANCIAS VARIAS,2018-04-26,NORMAL,ANYI NATALY BAHAMON SANCHEZ
3795,1234567,CELDA DE MEDIANA TENSION (SUBESTACION),MERCANCIAS VARIAS,2018-04-27,NORMAL,ANYI NATALY BAHAMON SANCHEZ
3796,12345678,SACOS DE POLYACRILAMIDA,MERCANCIAS VARIAS,2018-04-27,NORMAL,ANYI NATALY BAHAMON SANCHEZ
3797,35545454,POLIOL VORANOL 2070,MERCANCIAS VARIAS,2018-04-27,NORMAL,LLERMAN ADRIAN TIQUE OCHA
3798,12345678,"SHAMPOO, GEL DE BA�O, LOCI�N CORPORAL, LAVADO A MANO",MERCANCIAS VARIAS,2018-04-27,NORMAL,ANYI NATALY BAHAMON SANCHEZ
3799,785412,ESTANTERIA LIVIANA,MERCANCIAS VARIAS,2018-04-27,NORMAL,DIANA PAOLA NEIRA GARZON
3800,12345678,MATERIAS PRIMAS PARA LA ELABORACION DE MEDICAMENTOS OC 70020944,MERCANCIAS VARIAS,2018-04-27,NORMAL,ANYI NATALY BAHAMON SANCHEZ
3801,12345678,ACIDO STEARICO,MERCANCIAS VARIAS,2018-04-28,NORMAL,ANYI NATALY BAHAMON SANCHEZ
3802,12345678,SOPORTE AMORGANTIGUADOR,MERCANCIAS VARIAS,2018-04-30,NORMAL,ANYI NATALY BAHAMON SANCHEZ
3803,12345678,SOPORTE AMORTIGUADOR,MERCANCIAS VARIAS,2018-04-30,NORMAL,ANYI NATALY BAHAMON SANCHEZ
3804,12345678,ABRAZADERAS,MERCANCIAS VARIAS,2018-05-02,NORMAL,ANYI NATALY BAHAMON SANCHEZ
3805,4345,ALFOMBRA DE CESPED SINTETICO,MERCANCIAS VARIAS,2018-05-02,NORMAL,CAROLL JULITH RUIZ RAMIREZ
3806,12345678,FORMALETA METALICA,MERCANCIAS VARIAS,2018-05-02,NORMAL,ANYI NATALY BAHAMON SANCHEZ
3807,84798990,TANQUES HIDRONEUMATICOS COMPLETO DESEMSAMBLADO,MERCANCIAS VARIAS,2018-05-03,NORMAL,DIANA PAOLA NEIRA GARZON
3808,12345678,CILINDROS NEUM�TICOS Y PIEZAS DE ACERO INOXIDABLE,MERCANCIAS VARIAS,2018-05-03,NORMAL,ANYI NATALY BAHAMON SANCHEZ
3809,12345678,ELEMENTOS VARIOS PARA HOTEL,MERCANCIAS VARIAS,2018-05-03,NORMAL,ANYI NATALY BAHAMON SANCHEZ
3810,34242424,LLANTAS PARA AVION,MERCANCIAS VARIAS,2018-05-04,NORMAL,LLERMAN ADRIAN TIQUE OCHA
3811,12345678,PIEZAS DE ANDAMIOS Y MEZCLADOR DE CONCRETO,MERCANCIAS VARIAS,2018-05-04,NORMAL,ANYI NATALY BAHAMON SANCHEZ
3812,12345678,CONTRAPESAS DE GRUA,MERCANCIAS VARIAS,2018-05-04,NORMAL,ANYI NATALY BAHAMON SANCHEZ
3813,1234567,CARBONATO DE ZIRCONIO Y SAK MT - 9001 METI,MERCANCIAS VARIAS,2018-05-05,NORMAL,ANYI NATALY BAHAMON SANCHEZ
3814,12345678,BLOW BAR PARA TRITURADOR IMPACTOR.,MERCANCIAS VARIAS,2018-05-05,NORMAL,ANYI NATALY BAHAMON SANCHEZ
3815,12345678,SAK MT - 9001 METI,MERCANCIAS VARIAS,2018-05-05,NORMAL,ANYI NATALY BAHAMON SANCHEZ
3816,12345678,BRIDAS Y COPAS PARA LA IND PETROLERA,MERCANCIAS VARIAS,2018-05-05,NORMAL,ANYI NATALY BAHAMON SANCHEZ
3817,12345678,MARCOS Y PUERTAS,MERCANCIAS VARIAS,2018-05-05,NORMAL,ANYI NATALY BAHAMON SANCHEZ
3818,85245695,REPUESTOS PARA TERMOELECTRICAS,MERCANCIAS VARIAS,2018-05-07,NORMAL,PAULA ANDREA CORTES BALLEN
3819,12345678,PARTES DE UNA CALDERA,MERCANCIAS VARIAS,2018-05-07,NORMAL,ANYI NATALY BAHAMON SANCHEZ
3820,12345678,HORNOS Y MESAS REFRIGERADAS,MERCANCIAS VARIAS,2018-05-07,NORMAL,ANYI NATALY BAHAMON SANCHEZ
3821,90967,ARENA PARA GATO,MERCANCIAS VARIAS,2018-05-07,NORMAL,CAROLL JULITH RUIZ RAMIREZ
3822,12345678,ESTEARATO DE ZINC,MERCANCIAS VARIAS,2018-05-07,NORMAL,ANYI NATALY BAHAMON SANCHEZ
3823,6565,MANOMETROS,MERCANCIAS VARIAS,2018-05-08,NORMAL,CAROLL JULITH RUIZ RAMIREZ
3824,12345678,BENTONITAS,MERCANCIAS VARIAS,2018-05-10,NORMAL,ANYI NATALY BAHAMON SANCHEZ
3825,12345678,LAVAPLATOS EN ACERO INOXIDABLE,MERCANCIAS VARIAS,2018-05-10,NORMAL,ANYI NATALY BAHAMON SANCHEZ
3826,12345678,ADOX (PELIGROSA) UN 1908 CLASE 9 PGII,MERCANCIAS VARIAS,2018-05-11,NORMAL,ANYI NATALY BAHAMON SANCHEZ
3827,12345678,MAQUINAS DE INYECCION,MERCANCIAS VARIAS,2018-05-11,NORMAL,ANYI NATALY BAHAMON SANCHEZ
3828,12345678,REGULADORES PARA GAS // CONECTORES EN LAT�N // TAPAS EN ALUMINIO,MERCANCIAS VARIAS,2018-05-11,NORMAL,ANYI NATALY BAHAMON SANCHEZ
3829,12345678,ROLLOS DE PAPEL,MERCANCIAS VARIAS,2018-05-15,NORMAL,ANYI NATALY BAHAMON SANCHEZ
3830,12345678,PLATAFORMA SALVA ESCALERA CURVA,MERCANCIAS VARIAS,2018-05-15,NORMAL,ANYI NATALY BAHAMON SANCHEZ
3831,12345678,CORTACIRCUITOS,MERCANCIAS VARIAS,2018-05-15,NORMAL,ANYI NATALY BAHAMON SANCHEZ
3832,12345678,CUIDADO PERSONAL-ELECTRO HOGAR,MERCANCIAS VARIAS,2018-05-16,NORMAL,ANYI NATALY BAHAMON SANCHEZ
3833,43423232,ACEITE LUBRICANTE,MERCANCIAS VARIAS,2018-05-16,NORMAL,LLERMAN ADRIAN TIQUE OCHA
3834,12345678,OCTOATO DE COBALTO 6%,MERCANCIAS VARIAS,2018-05-16,NORMAL,ANYI NATALY BAHAMON SANCHEZ
3835,7854122,POTASIO Y CLORURO DE SODIO,QUIMICOS,2018-05-16,PELIGROSA,DIANA PAOLA NEIRA GARZON
3836,12345678,ACCESORIOS DE GR�A,MERCANCIAS VARIAS,2018-05-16,NORMAL,ANYI NATALY BAHAMON SANCHEZ
3837,58752174,PARTES PARA MOTOBOMBAS,MERCANCIAS VARIAS,2018-05-17,NORMAL,DIANA PAOLA NEIRA GARZON
3838,12345678,ZAPATEROS Y MESAS,MERCANCIAS VARIAS,2018-05-17,NORMAL,ANYI NATALY BAHAMON SANCHEZ
3839,12345678,"NO USAR, MAL CREADO2",MERCANCIAS VARIAS,2018-05-18,NORMAL,ANYI NATALY BAHAMON SANCHEZ
3840,12345678,PANELES SOLARES,MERCANCIAS VARIAS,2018-05-21,NORMAL,ANYI NATALY BAHAMON SANCHEZ
3841,12345678,FERTIBAGRA 21,MERCANCIAS VARIAS,2018-05-21,NORMAL,ANYI NATALY BAHAMON SANCHEZ
3842,554445,BALONES,MERCANCIAS VARIAS,2018-05-22,NORMAL,CAROLL JULITH RUIZ RAMIREZ
3843,12345678,OCTOATO DE CALCIO 10%,MERCANCIAS VARIAS,2018-05-23,NORMAL,ANYI NATALY BAHAMON SANCHEZ
3844,12345678,POLIURETANOS,MERCANCIAS VARIAS,2018-05-23,NORMAL,ANYI NATALY BAHAMON SANCHEZ
3845,12345678,CONTADORES DE AGUA,MERCANCIAS VARIAS,2018-05-24,NORMAL,ANYI NATALY BAHAMON SANCHEZ
3846,13345677,MERQUAT,MERCANCIAS VARIAS,2018-05-25,NORMAL,LISBET DAYANA CARVAJAL GARZON
3847,25633254,POLIMEROS,MERCANCIAS VARIAS,2018-05-25,NORMAL,RAFAEL ROBERTO RATIVA HUERTAS
3848,12345678,MENAJE DOMESTICO DIPLOMATICO,MERCANCIAS VARIAS,2018-05-25,NORMAL,ANYI NATALY BAHAMON SANCHEZ
3849,12345678,"ACCESORIOS PEALPE, V�LVULAS EN LAT�N Y TUBERIA",MERCANCIAS VARIAS,2018-05-26,NORMAL,ANYI NATALY BAHAMON SANCHEZ
3850,12345678,PARTES EN ALUMINIO Y REGULADORES,MERCANCIAS VARIAS,2018-05-26,NORMAL,ANYI NATALY BAHAMON SANCHEZ
3851,12345678,ACIDO 2 ETIL HEXANOICO,MERCANCIAS VARIAS,2018-05-28,NORMAL,ANYI NATALY BAHAMON SANCHEZ
3852,12345678,CAJEROS AUTOMATICOS,MERCANCIAS VARIAS,2018-05-29,NORMAL,ANYI NATALY BAHAMON SANCHEZ
3853,12345678,TEXTILES,MERCANCIAS VARIAS,2018-05-29,NORMAL,ANYI NATALY BAHAMON SANCHEZ
3854,15935788,AQUAXYL,MERCANCIAS VARIAS,2018-05-29,NORMAL,LISBET DAYANA CARVAJAL GARZON
3855,12345678,CARTUCHOS DE G�S BUTANO,MERCANCIAS VARIAS,2018-05-30,NORMAL,ANYI NATALY BAHAMON SANCHEZ
3856,12369745,ACESULFAME-K,MERCANCIAS VARIAS,2018-05-31,NORMAL,LISBET DAYANA CARVAJAL GARZON
3857,54566232,EQUIPOS PETROLEROS,MERCANCIAS VARIAS,2018-06-01,NORMAL,RAFAEL ROBERTO RATIVA HUERTAS
3858,45698569,MISCELANEOS,MERCANCIAS VARIAS,2018-06-01,PELIGROSA,RAFAEL ROBERTO RATIVA HUERTAS
3859,25635698,ESTRUCTURAS MECANICAS,MERCANCIAS VARIAS,2018-06-01,NORMAL,RAFAEL ROBERTO RATIVA HUERTAS
3860,12345678,INCIENSOS Y TABLITAS,MERCANCIAS VARIAS,2018-06-01,NORMAL,ANYI NATALY BAHAMON SANCHEZ
3861,12345678,EQUIPOS MENORES PARA RESTAURANTES DE COMIDAS RAPIDAS,MERCANCIAS VARIAS,2018-06-01,NORMAL,ANYI NATALY BAHAMON SANCHEZ
3862,45896587,"ESTRUCTURA TUNEL LINER ACERO NEGRO INCLUYE  PERNOS , TUERCAS, ETC",MERCANCIAS VARIAS,2018-06-01,NORMAL,RAFAEL ROBERTO RATIVA HUERTAS
3863,12345678,HIDROXIDO DE CALCIO SUPERCALCAO 97,MERCANCIAS VARIAS,2018-06-01,NORMAL,ANYI NATALY BAHAMON SANCHEZ
3864,12345678,BALANCINES // U�AS PARA MAQUINAS FABRICADORAS DE VASOS DE CARTON,MERCANCIAS VARIAS,2018-06-01,NORMAL,ANYI NATALY BAHAMON SANCHEZ
3865,12345678,MUEBLE POP,MERCANCIAS VARIAS,2018-06-02,NORMAL,ANYI NATALY BAHAMON SANCHEZ
3866,23658965,TABLETA DE SPIRULINA,MERCANCIAS VARIAS,2018-06-05,NORMAL,RAFAEL ROBERTO RATIVA HUERTAS
3867,52356589,"LLANTAS NEUM�TICAS RADIALES PARA AUTOBUSES, CAMIONES Y TURBOS",MERCANCIAS VARIAS,2018-06-05,NORMAL,RAFAEL ROBERTO RATIVA HUERTAS
3868,15248669,PARTES PARA ACUMULADORES EL�CTRICOS (EMPAQUE DE LAS BATERIAS),MERCANCIAS VARIAS,2018-06-05,NORMAL,RAFAEL ROBERTO RATIVA HUERTAS
3869,12345678,MOTORES,MERCANCIAS VARIAS,2018-06-06,NORMAL,ANYI NATALY BAHAMON SANCHEZ
3870,89658965,TAPAS PLASTICAS,MERCANCIAS VARIAS,2018-06-07,NORMAL,RAFAEL ROBERTO RATIVA HUERTAS
3871,12345678,POLYOL,MERCANCIAS VARIAS,2018-06-07,NORMAL,ANYI NATALY BAHAMON SANCHEZ
3872,98678765,BOMBA PARA LA INDUSTRIA PETROLERA,MERCANCIAS VARIAS,2018-06-09,NORMAL,RAFAEL ROBERTO RATIVA HUERTAS
3873,12345678,SET BOBINA DE ROTOR Y ACCESORIOS PARA SU NORMAL FUNCIONAMIENTO,MERCANCIAS VARIAS,2018-06-12,NORMAL,ANYI NATALY BAHAMON SANCHEZ
3874,87678743,TINTAS Y QUIMICOS PARA TINTAS,MERCANCIAS VARIAS,2018-06-12,NORMAL,RAFAEL ROBERTO RATIVA HUERTAS
3875,12345678,GEL PARA EL CUERPO,MERCANCIAS VARIAS,2018-06-13,NORMAL,ANYI NATALY BAHAMON SANCHEZ
3876,12345687,ENJUAGE BUCAL,MERCANCIAS VARIAS,2018-06-13,NORMAL,ANYI NATALY BAHAMON SANCHEZ
3877,45698741,CARBOPOL,MERCANCIAS VARIAS,2018-06-13,NORMAL,LISBET DAYANA CARVAJAL GARZON
3878,15963247,SELLOS INDUSTRIALES,MERCANCIAS VARIAS,2018-06-13,NORMAL,LISBET DAYANA CARVAJAL GARZON
3879,12345678,IRRICOL F Y F,MERCANCIAS VARIAS,2018-06-14,NORMAL,ANYI NATALY BAHAMON SANCHEZ
3880,12345678,REPUESTOS PARA IMPRESORA,MERCANCIAS VARIAS,2018-06-14,NORMAL,ANYI NATALY BAHAMON SANCHEZ
3881,12345678,OCTOATO DE MANGANESO 12%,MERCANCIAS VARIAS,2018-06-15,NORMAL,ANYI NATALY BAHAMON SANCHEZ
3882,56987458,"ART�CULOS DE LIMPIEZA (ESCOBAS, RECOGEDORES, PA�OS, TRAPEROS, ESPONJAS, CEPILLOS, GUANTES, ETC)",MERCANCIAS VARIAS,2018-06-15,NORMAL,RAFAEL ROBERTO RATIVA HUERTAS
3883,12345678,BOMBAS Y GUADA�AS,MERCANCIAS VARIAS,2018-06-15,NORMAL,ANYI NATALY BAHAMON SANCHEZ
3884,32323232,MATERIAL FOTOGRAFICO,MERCANCIAS VARIAS,2018-06-16,NORMAL,LLERMAN ADRIAN TIQUE OCHA
3885,45896585,DATILES DESHIDRATADOS,MERCANCIAS VARIAS,2018-06-18,NORMAL,RAFAEL ROBERTO RATIVA HUERTAS
3886,42556698,PARTES PARA ACUMULADORES EL�CTRICOS (EMPAQUE DE LAS BATERIAS),MERCANCIAS VARIAS,2018-06-20,NORMAL,RAFAEL ROBERTO RATIVA HUERTAS
3887,28273448,PIGMENTOS,MERCANCIAS VARIAS,2018-06-20,NORMAL,RAFAEL ROBERTO RATIVA HUERTAS
3888,45678923,POLYOX,MERCANCIAS VARIAS,2018-06-20,NORMAL,LISBET DAYANA CARVAJAL GARZON
3889,12345678,TUBOS PARA LABORATORIO,MERCANCIAS VARIAS,2018-06-21,NORMAL,ANYI NATALY BAHAMON SANCHEZ
3890,703,"CEBOLLAS, CHALOTES, AJOS, PUERROS Y DEMAS HORTALIZAS(INCLUSO SILVESTRES) ALIACEAS, FRESCAS O REFRIGERADAS",MERCANCIAS VARIAS,2018-06-21,NORMAL,LISBET DAYANA CARVAJAL GARZON
3891,14589658,"MAL CREADO, NO USAR",MERCANCIAS VARIAS,2018-06-21,NORMAL,RAFAEL ROBERTO RATIVA HUERTAS
3892,12345678,MATERIAL POP,MERCANCIAS VARIAS,2018-06-21,NORMAL,ANYI NATALY BAHAMON SANCHEZ
3893,12345678,PILOTEADORA SR80,MERCANCIAS VARIAS,2018-06-22,NORMAL,ANYI NATALY BAHAMON SANCHEZ
3894,78995142,BASE QUESO,MERCANCIAS VARIAS,2018-06-22,NORMAL,LISBET DAYANA CARVAJAL GARZON
3895,74765645,FLUID 245 NB,MERCANCIAS VARIAS,2018-06-22,NORMAL,LISBET DAYANA CARVAJAL GARZON
3896,42568955,ALAMBRE DE SOLDADURA,MERCANCIAS VARIAS,2018-06-22,NORMAL,RAFAEL ROBERTO RATIVA HUERTAS
3897,9876543,MESAS Y ESTANTES,MERCANCIAS VARIAS,2018-06-23,NORMAL,RAFAEL ROBERTO RATIVA HUERTAS
3898,4255225,TEJIDO PIEL DE CONEJO,MERCANCIAS VARIAS,2018-06-23,NORMAL,RAFAEL ROBERTO RATIVA HUERTAS
3899,5632569,"AUTO PARTES, LLANTAS",MERCANCIAS VARIAS,2018-06-23,NORMAL,RAFAEL ROBERTO RATIVA HUERTAS
3900,4582565,CARGA GENERAL,MERCANCIAS VARIAS,2018-06-23,NORMAL,RAFAEL ROBERTO RATIVA HUERTAS
3901,12345678,PARTES Y PIEZAS PARA CORTINAS,MERCANCIAS VARIAS,2018-06-26,NORMAL,ANYI NATALY BAHAMON SANCHEZ
3902,22323232,M�QUINAS DE IMPRESI�N JET DE TINTA ANAPURNA,MERCANCIAS VARIAS,2018-06-28,NORMAL,LLERMAN ADRIAN TIQUE OCHA
3903,12121212,MAQUINAS DE IMPRESI�N JET DE TINTA ANAPURNA,MERCANCIAS VARIAS,2018-06-28,NORMAL,LLERMAN ADRIAN TIQUE OCHA
3904,12345678,TUBERIA DE ACERO AL CARBONO,MERCANCIAS VARIAS,2018-06-28,NORMAL,ANYI NATALY BAHAMON SANCHEZ
3905,55485621,PROPINATO DE ZIRCONIO,MERCANCIAS VARIAS,2018-06-29,NORMAL,RAFAEL ROBERTO RATIVA HUERTAS
3906,12345678,PEGANTE,MERCANCIAS VARIAS,2018-06-29,NORMAL,ANYI NATALY BAHAMON SANCHEZ
3907,12345678,ESFERAS,MERCANCIAS VARIAS,2018-06-29,NORMAL,ANYI NATALY BAHAMON SANCHEZ
3908,12345678,ACIDO ESTEARICO,MERCANCIAS VARIAS,2018-06-29,NORMAL,ANYI NATALY BAHAMON SANCHEZ
3909,12556323,NUTRIFOLIAR COMPLETO,MERCANCIAS VARIAS,2018-06-29,NORMAL,RAFAEL ROBERTO RATIVA HUERTAS
3910,87656787,MATERIA PRIMA  BRODIFACOUM 0.005%,MERCANCIAS VARIAS,2018-06-30,NORMAL,RAFAEL ROBERTO RATIVA HUERTAS
3911,25663255,"MAQUINAS DE COSER INDUSTRIAL, MOTORES AHORRADORES,CORTADORAS,ENCONADORA,MOTORES INDUSTRIALES, REPUESTOS",MERCANCIAS VARIAS,2018-07-03,NORMAL,RAFAEL ROBERTO RATIVA HUERTAS
3912,12345678,OCTOATO DE ZIRCONIO  24%,MERCANCIAS VARIAS,2018-07-04,NORMAL,ANYI NATALY BAHAMON SANCHEZ
3913,58693658,VALVULA DE CARGA,MERCANCIAS VARIAS,2018-07-04,NORMAL,RAFAEL ROBERTO RATIVA HUERTAS
3914,54789658,PLANTAS ELECTRICAS,MERCANCIAS VARIAS,2018-07-04,NORMAL,RAFAEL ROBERTO RATIVA HUERTAS
3915,12121212,NO USAR,MERCANCIAS VARIAS,2018-07-05,PELIGROSA,LLERMAN ADRIAN TIQUE OCHA
3916,12345678,ELECTRODOS COMUNES Y DE BAJA ALEACION,MERCANCIAS VARIAS,2018-07-06,NORMAL,ANYI NATALY BAHAMON SANCHEZ
3917,75445349,LATAS,MERCANCIAS VARIAS,2018-07-06,NORMAL,LISBET DAYANA CARVAJAL GARZON
3918,54788956,PARTES DE V�LVULAS,MERCANCIAS VARIAS,2018-07-07,NORMAL,RAFAEL ROBERTO RATIVA HUERTAS
3919,25698458,ELEMENTOS DE CALENTAMIENTOS,MERCANCIAS VARIAS,2018-07-07,NORMAL,RAFAEL ROBERTO RATIVA HUERTAS
3920,12345678,MERCANCIA USO DENTAL,MERCANCIAS VARIAS,2018-07-07,NORMAL,ANYI NATALY BAHAMON SANCHEZ
3921,25458443,LIQUIDOS,MERCANCIAS VARIAS,2018-07-09,NORMAL,FRANCY NATHALYA RAMOS COLORADO
3922,12345678,CABLE COAXIAL,MERCANCIAS VARIAS,2018-07-09,NORMAL,ANYI NATALY BAHAMON SANCHEZ
3923,12539696,ALOE VERA,MERCANCIAS VARIAS,2018-07-09,NORMAL,LISBET DAYANA CARVAJAL GARZON
3924,58966587,MAQUINA DE IMPRESI�N - PLOTTER,MERCANCIAS VARIAS,2018-07-10,NORMAL,RAFAEL ROBERTO RATIVA HUERTAS
3925,54789655,REPUESTOS Y PARTES DE COMPUTADORES Y EQUIPOS ELECTRICOS,MERCANCIAS VARIAS,2018-07-10,NORMAL,RAFAEL ROBERTO RATIVA HUERTAS
3926,42558896,BODEGA CONALCA CALLE 19 N�68 D � 73,MERCANCIAS VARIAS,2018-07-10,NORMAL,RAFAEL ROBERTO RATIVA HUERTAS
3927,25256698,RECEPTOR DE LIQUIDOS,MERCANCIAS VARIAS,2018-07-12,NORMAL,RAFAEL ROBERTO RATIVA HUERTAS
3928,45896578,CERRADURAS GIRATORIAS,MERCANCIAS VARIAS,2018-07-13,NORMAL,RAFAEL ROBERTO RATIVA HUERTAS
3929,2918,ACIDO CITRICO,MERCANCIAS VARIAS,2018-07-13,NORMAL,LISBET DAYANA CARVAJAL GARZON
3930,12345678,"TORNILLOS, SOPORTE, UNIDAD CONDENSADORA, EVAPORADOR, SET HEATER",MERCANCIAS VARIAS,2018-07-16,NORMAL,ANYI NATALY BAHAMON SANCHEZ
3931,24856566,FERTIBAGRA 15 FPU FERTIBAGRA 21,MERCANCIAS VARIAS,2018-07-16,NORMAL,RAFAEL ROBERTO RATIVA HUERTAS
3932,45589655,TAPETES,MERCANCIAS VARIAS,2018-07-17,NORMAL,RAFAEL ROBERTO RATIVA HUERTAS
3933,12345678,DUCTO DE 5M Y EQUIPOS DE ANCLAJE,MERCANCIAS VARIAS,2018-07-18,NORMAL,ANYI NATALY BAHAMON SANCHEZ
3934,12345678,MATERIA PRIMA PARA LA REALIZACION DE BEBIDAS,MERCANCIAS VARIAS,2018-07-19,NORMAL,ANYI NATALY BAHAMON SANCHEZ
3935,35146897,ENVASE DE VIDRIO SHELLY 12ML,MERCANCIAS VARIAS,2018-07-23,NORMAL,RAFAEL ROBERTO RATIVA HUERTAS
3936,12345678,SEICHT FLOTADOR,MERCANCIAS VARIAS,2018-07-24,NORMAL,ANYI NATALY BAHAMON SANCHEZ
3937,12454865,TUBERIA DE LATON,MERCANCIAS VARIAS,2018-07-25,NORMAL,RAFAEL ROBERTO RATIVA HUERTAS
3938,75445349,CLIMBAZOLE,MERCANCIAS VARIAS,2018-07-26,NORMAL,LISBET DAYANA CARVAJAL GARZON
3939,51782312,ACCESORIOS PARA SILLAS DE RUEDAS,MERCANCIAS VARIAS,2018-07-26,NORMAL,RAFAEL ROBERTO RATIVA HUERTAS
3940,75445349,ETIQUETA RESINPLAST,MERCANCIAS VARIAS,2018-07-27,NORMAL,LISBET DAYANA CARVAJAL GARZON
3941,12456328,IRRICOL VEGETATIVO,MERCANCIAS VARIAS,2018-07-30,NORMAL,RAFAEL ROBERTO RATIVA HUERTAS
3942,12456328,IRRICOL VEGETATIVO,MERCANCIAS VARIAS,2018-07-30,NORMAL,RAFAEL ROBERTO RATIVA HUERTAS
3943,54789655,PARTES PARA ACUMULADORES EL�CTRICOS (EMPAQUE DE LAS BATERIAS),MERCANCIAS VARIAS,2018-07-30,NORMAL,RAFAEL ROBERTO RATIVA HUERTAS
3944,51478625,ADITIVOS PARA NUTRICI�N ANIMAL,MERCANCIAS VARIAS,2018-07-31,NORMAL,RAFAEL ROBERTO RATIVA HUERTAS
3945,25889965,DATACENTER,MERCANCIAS VARIAS,2018-07-31,NORMAL,RAFAEL ROBERTO RATIVA HUERTAS
3946,45896552,MACROMEDIDORES,MERCANCIAS VARIAS,2018-08-02,NORMAL,RAFAEL ROBERTO RATIVA HUERTAS
3947,25896587,REPUESTOS Y PARTES DE COMPUTADORES Y EQUIPOS ELECTRICOS,MERCANCIAS VARIAS,2018-08-02,NORMAL,RAFAEL ROBERTO RATIVA HUERTAS
3948,45896588,FUMIGADORES Y SUS PARTES,MERCANCIAS VARIAS,2018-08-03,NORMAL,RAFAEL ROBERTO RATIVA HUERTAS
3949,45896335,KIT ARRASTRE CADENAS,MERCANCIAS VARIAS,2018-08-04,NORMAL,RAFAEL ROBERTO RATIVA HUERTAS
3950,45896325,MAQUINA DESBASTADORA DE PIEL,MERCANCIAS VARIAS,2018-08-06,NORMAL,RAFAEL ROBERTO RATIVA HUERTAS
3951,45896325,BOLSAS NO TEJIDAS,MERCANCIAS VARIAS,2018-08-09,NORMAL,RAFAEL ROBERTO RATIVA HUERTAS
3952,45896325,BRIDAS,MERCANCIAS VARIAS,2018-08-10,NORMAL,RAFAEL ROBERTO RATIVA HUERTAS
3953,45896232,PARTES DE ASCENSORES,MERCANCIAS VARIAS,2018-08-13,NORMAL,RAFAEL ROBERTO RATIVA HUERTAS
3954,45896325,FERTIBAGRA 21,MERCANCIAS VARIAS,2018-08-14,NORMAL,RAFAEL ROBERTO RATIVA HUERTAS
3955,45896525,BOMBAS PARA LA INDUSTRIA PETROLERA,MERCANCIAS VARIAS,2018-08-14,NORMAL,RAFAEL ROBERTO RATIVA HUERTAS
3956,75445349,EQUIPOS,MERCANCIAS VARIAS,2018-08-15,NORMAL,LISBET DAYANA CARVAJAL GARZON
3957,45896589,NO USAR X,MERCANCIAS VARIAS,2018-08-15,NORMAL,RAFAEL ROBERTO RATIVA HUERTAS
3958,45896589,"EQUIPOS, ACCESORIOS, ESCENOGRAF�A, INSTRUMENTOS MUSICALES , UTILERIA  DEL GRUPO ART�STICO LES LUTHIERS",MERCANCIAS VARIAS,2018-08-16,NORMAL,RAFAEL ROBERTO RATIVA HUERTAS
3959,45896585,"ANILLOS DE FRUTA,HOJUELAS DE MAIZ AZUCARADAS,COPOS DE MAIZ GRANEL.",MERCANCIAS VARIAS,2018-08-17,NORMAL,RAFAEL ROBERTO RATIVA HUERTAS
3960,45896558,PUERTAS DE VIDRIO PARA VITRINAS,MERCANCIAS VARIAS,2018-08-17,NORMAL,RAFAEL ROBERTO RATIVA HUERTAS
3961,54456543,BOMBAS Y REPUESTOS,MERCANCIAS VARIAS,2018-08-17,NORMAL,RAFAEL ROBERTO RATIVA HUERTAS
3962,64685315,ESPUMA ELASTOMERICA A BASE DE CAUCHO NITRILO SINTETICO,MERCANCIAS VARIAS,2018-08-22,NORMAL,RAFAEL ROBERTO RATIVA HUERTAS
3963,21545423,BATERIAS SO008110,MERCANCIAS VARIAS,2018-08-24,NORMAL,RAFAEL ROBERTO RATIVA HUERTAS
3964,76768765,AGRIMINS GRANULADO,MERCANCIAS VARIAS,2018-08-25,NORMAL,RAFAEL ROBERTO RATIVA HUERTAS
3965,76876896,FERTILIZANTE SOLIDO,MERCANCIAS VARIAS,2018-08-25,NORMAL,RAFAEL ROBERTO RATIVA HUERTAS
3966,25146843,HILO DE COSIDO DE POLIESTER 100% ESPUMADO,MERCANCIAS VARIAS,2018-08-27,NORMAL,RAFAEL ROBERTO RATIVA HUERTAS
3967,58622455,TORRES DE ALTA TENSI�N,MERCANCIAS VARIAS,2018-08-28,NORMAL,RAFAEL ROBERTO RATIVA HUERTAS
3968,65848456,PROPILENGLICOL,MERCANCIAS VARIAS,2018-08-30,NORMAL,RAFAEL ROBERTO RATIVA HUERTAS
3969,2910000,OXIDO DE ETILENO,MERCANCIAS VARIAS,2020-11-12,PELIGROSA,HABSLEIDY MORENO CORONADO
3970,7612,LATAS DE ALUMINIO,MERCANCIAS VARIAS,2021-07-01,NORMAL,SERGIO ABRAHAM SALCEDO PERALTA
3971,8413,"BOMBAS PARA LIQUIDOS,  INCLUSO CON DISPOSITIVO MEDIDOR INCORPORADO. ELEVADORES DE LIQUIDOS (SPARE PARTS)",MERCANCIAS VARIAS,2021-08-11,NORMAL,SERGIO ABRAHAM SALCEDO PERALTA
3972,3824,DUR CR CEREZAS 50ML,MERCANCIAS VARIAS,2022-02-17,NORMAL,SERGIO ABRAHAM SALCEDO PERALTA
3973,1209,SUSTRATO DE COCO,MERCANCIAS VARIAS,2024-07-09,NORMAL,LAURA FERNANDA NINO ALMONACID
3974,2703,TURBA,MERCANCIAS VARIAS,2024-07-25,NORMAL,LAURA FERNANDA NINO ALMONACID
3975,1209,SEMILLAS DE AVENA,MERCANCIAS VARIAS,2024-07-30,NORMAL,LAURA FERNANDA NINO ALMONACID
3976,1209,SEMILLAS DE PASTO,MERCANCIAS VARIAS,2024-07-30,NORMAL,LAURA FERNANDA NINO ALMONACID
3977,1209,SEMILLAS DE PASTO Y AVENA,MERCANCIAS VARIAS,2024-08-05,NORMAL,LAURA FERNANDA NINO ALMONACID
3978,1209,SEMILLAS DE PASTO Y ALFALFA,MERCANCIAS VARIAS,2024-08-05,NORMAL,LAURA FERNANDA NINO ALMONACID
3979,1209,SEMILLAS,MERCANCIAS VARIAS,2024-08-12,NORMAL,LAURA FERNANDA NINO ALMONACID
3980,420206,BOLSAS SPRAYFO YELLOW,MERCANCIAS VARIAS,2024-08-23,NORMAL,LAURA FERNANDA NINO ALMONACID
3981,420206,BOLSAS SPRAYFO RED // BOLSAS SPRAYFO BLUE // BOLSAS MILKIWEAN YOGHURT,MERCANCIAS VARIAS,2024-08-23,NORMAL,LAURA FERNANDA NINO ALMONACID
3982,1209,SEMILLAS DE PASTO BRACHIARIA Y PANICUM MAXIMUM,MERCANCIAS VARIAS,2024-08-24,NORMAL,LAURA FERNANDA NINO ALMONACID
3983,1905,GALLETAS,MERCANCIAS VARIAS,2024-08-26,NORMAL,YEIMY MARCELA RUBIO MORENO
3984,2703,TURBA MIX MUSHROOM GOLD 300L,MERCANCIAS VARIAS,2024-08-28,NORMAL,DIANA MILENA GIRALDO RODRIGUEZ
3985,2703,TURBA BLOND GOLD 300L Y 231 PACAS TURBA BLOND GOLD SPECIAL GOLD 300L,MERCANCIAS VARIAS,2024-08-28,NORMAL,DIANA MILENA GIRALDO RODRIGUEZ
3986,9207,PARLANTES,MERCANCIAS VARIAS,2024-08-29,NORMAL,DIANA MILENA GIRALDO RODRIGUEZ
3987,1209,SEMILLAS DE ACELGAS,MERCANCIAS VARIAS,2024-09-13,NORMAL,DIANA MILENA GIRALDO RODRIGUEZ
3988,8609,FLEXITANQUES,MERCANCIAS VARIAS,2024-09-16,NORMAL,DIANA MILENA GIRALDO RODRIGUEZ
3989,1209,SEMILLAS DE HORTALIZAS,MERCANCIAS VARIAS,2024-09-19,NORMAL,DIANA MILENA GIRALDO RODRIGUEZ
3990,7854122,PLURIOL  WS 5100,QUIMICOS,2024-09-19,PELIGROSA,DIANA MILENA GIRALDO RODRIGUEZ
3991,2931,GLUCONATO DE SODIO,MERCANCIAS VARIAS,2024-09-25,NORMAL,DIANA MILENA GIRALDO RODRIGUEZ
3992,3708,MAQUINARIA DE PAPELERIA,MERCANCIAS VARIAS,2024-09-30,NORMAL,DIANA MILENA GIRALDO RODRIGUEZ
3993,405,MANTEQUILLA DE ACEITE DE PALMA,MERCANCIAS VARIAS,2024-10-02,NORMAL,DIANA MILENA GIRALDO RODRIGUEZ
3994,4014,FARMACOS,MERCANCIAS VARIAS,2024-10-08,NORMAL,DIANA MILENA GIRALDO RODRIGUEZ
3995,2703,TURBA SPECIAL GOLD ORGANICA 300 L,MERCANCIAS VARIAS,2024-10-08,NORMAL,DIANA MILENA GIRALDO RODRIGUEZ
3996,2703,TURBA PINDSTRUP PINDSTRUP SEEDING GOLD 300L,MERCANCIAS VARIAS,2024-10-08,NORMAL,DIANA MILENA GIRALDO RODRIGUEZ
3997,1515,ACEITE DE AGUACATE,MERCANCIAS VARIAS,2024-10-09,NORMAL,YEIMY MARCELA RUBIO MORENO
3998,392001,CIELO RASO MINERAL.,MERCANCIAS VARIAS,2024-10-11,NORMAL,YEIMY MARCELA RUBIO MORENO
3999,8609,ISOTANQUES,MERCANCIAS VARIAS,2024-10-12,NORMAL,DIANA MILENA GIRALDO RODRIGUEZ
4000,488554,SISTEMA DE PURIFICACION DE AGUA POR OSMOSIS INVERSA,MERCANCIAS VARIAS,2024-10-24,NORMAL,DIANA MILENA GIRALDO RODRIGUEZ
4001,3974,PINDSTRUP ORANGE GOLD 300 L,MERCANCIAS VARIAS,2024-11-22,NORMAL,DIANA MILENA GIRALDO RODRIGUEZ
4002,3976,SEMILLAS DE ZANAHORIA,MERCANCIAS VARIAS,2024-12-30,NORMAL,DIANA MILENA GIRALDO RODRIGUEZ
4003,3619,PVC TARPAULIN,MERCANCIAS VARIAS,2025-01-20,NORMAL,DIANA MILENA GIRALDO RODRIGUEZ
4004,527,MADERA,MERCANCIAS VARIAS,2025-01-24,NORMAL,DIANA MILENA GIRALDO RODRIGUEZ
4005,1511,ACEITE DE GIRASOL,MERCANCIAS VARIAS,2025-02-07,NORMAL,DIANA MILENA GIRALDO RODRIGUEZ
4006,1702,LACTOREMPLAZANTES,MERCANCIAS VARIAS,2025-04-02,NORMAL,DIANA MILENA GIRALDO RODRIGUEZ
4007,7302,RIELES ACERO (ESTANTERIA PARA LLANTAS),MERCANCIAS VARIAS,2025-04-14,NORMAL,DIANA MILENA GIRALDO RODRIGUEZ
4008,2703,TURBA PINDSTRUP ORANGE GOLD 300 L,MERCANCIAS VARIAS,2025-04-16,NORMAL,DIANA MILENA GIRALDO RODRIGUEZ
4009,2703,TURBA  PINDSTRUP MIX MUSHROOM GOLD 300 L,MERCANCIAS VARIAS,2025-04-16,NORMAL,DIANA MILENA GIRALDO RODRIGUEZ
4010,420206,BOLSAS SPRAYFO RED,MERCANCIAS VARIAS,2025-05-03,NORMAL,DIANA MILENA GIRALDO RODRIGUEZ
4011,3267,DODECILTRICLOROSILANO,QUIMICOS,2025-05-06,NORMAL,DANIELA ROJAS PARDO
4012,420206,BOLSAS SPRAYFO POTRO,MERCANCIAS VARIAS,2025-05-15,NORMAL,DIANA MILENA GIRALDO RODRIGUEZ
4013,5207,ALGODON,MERCANCIAS VARIAS,2025-08-05,NORMAL,LAURA FERNANDA NINO ALMONACID
4014,64453,RESINA EN AGUA,MERCANCIAS VARIAS,2025-09-10,NORMAL,DIANA MILENA GIRALDO RODRIGUEZ
4015,8507,1.200 BATERIAS DE LITIO E CAJA,MERCANCIAS VARIAS,2025-10-23,NORMAL,LAURA FERNANDA NINO ALMONACID
4016,9980,PRODUCTOS VARIOS PELIGROSA,CONTENEDORES,2025-10-28,PELIGROSA,ANA CAROLINA MONJE VARELA
4017,998,PRODUCTOS VARIOS PELIGROSA,CONTENEDORES,2025-10-29,PELIGROSA,ANA CAROLINA MONJE VARELA
4018,98,PRODUCTOS VARIOS PELIGROSOS,CONTENEDORES,2025-10-29,PELIGROSA,ANA CAROLINA MONJE VARELA
4019,98,PRODUCTOS VARIOS PELIGROSOS,CONTENEDORES,2025-10-29,PELIGROSA,ANA CAROLINA MONJE VARELA
4020,8744141,ADITIVO ESTABILIZADOR QUIMICO DE SUELOS,QUIMICOS,2025-12-09,PELIGROSA,DIANA MILENA GIRALDO RODRIGUEZ
4021,34022000,PLANTA DE PROCESAMIENTO DE PRODUCTOS HOME CARE Y PERSONAL CARE CON TODAS SUS PARTES,MERCANCIAS VARIAS,2025-12-19,NORMAL,DANIEL FELIPE SOTO ZAMBRANO